time_ps,msd_total_A2,msd_total_std_A2,msd_x_A2,msd_y_A2,msd_z_A2
0.000000000000000000e+00,6.292388832207507544e-12,7.439802961100594134e-12,1.841726771090179601e-12,2.427213985356502396e-12,2.023448075760825143e-12
1.000000000000000000e+00,6.079631000355386838e+00,2.053596615100558243e+00,2.020735485235911622e+00,2.035569451223281146e+00,2.023326063896193627e+00
2.000000000000000000e+00,1.494696850485891026e+01,6.180181257484510304e+00,4.943878042793755867e+00,4.999734670831905703e+00,5.003355791233246919e+00
3.000000000000000000e+00,2.303490094535933963e+01,1.010308089463187997e+01,7.597136870046194090e+00,7.694557412993328072e+00,7.743206662319818356e+00
4.000000000000000000e+00,3.003169727881389051e+01,1.348991243219300706e+01,9.875314166317275877e+00,1.004355076430621452e+01,1.011283234819039833e+01
5.000000000000000000e+00,3.641606909775289580e+01,1.656969981999665720e+01,1.193285371932809014e+01,1.220712536782393087e+01,1.227609001060087834e+01
6.000000000000000000e+00,4.255413366835795586e+01,1.954964463927122154e+01,1.390557946957040336e+01,1.429210683300119022e+01,1.435644736578636227e+01
7.000000000000000000e+00,4.853509930017253993e+01,2.248728238512540401e+01,1.581686111089499036e+01,1.631102696956032361e+01,1.640721121971722951e+01
8.000000000000000000e+00,5.439537168690185354e+01,2.538582268430806366e+01,1.767232069350133727e+01,1.828940465451420394e+01,1.843364633888631232e+01
9.000000000000000000e+00,6.010709693474052528e+01,2.821503255639356667e+01,1.948384879531561609e+01,2.019844806807445181e+01,2.042480007135045383e+01
1.000000000000000000e+01,6.567788510303830662e+01,3.096398427848306412e+01,2.125763614173771288e+01,2.204750943658773110e+01,2.237273952471286620e+01
1.100000000000000000e+01,7.110913421101493270e+01,3.366547264559199704e+01,2.297249223464529422e+01,2.384723845174726975e+01,2.428940352462235808e+01
1.200000000000000000e+01,7.646082304589114642e+01,3.636761176077229862e+01,2.465249185227597195e+01,2.562727037239283234e+01,2.618106082122233857e+01
1.300000000000000000e+01,8.173899407684662322e+01,3.907640203228955045e+01,2.628127695155576049e+01,2.738970583395653335e+01,2.806801129133432227e+01
1.400000000000000000e+01,8.699729866151771773e+01,4.179696790470313061e+01,2.791391329435184687e+01,2.913805407153695270e+01,2.994533129562892526e+01
1.500000000000000000e+01,9.224047354562858914e+01,4.452126540460546522e+01,2.955902976892437550e+01,3.088653776141278939e+01,3.179490601529141003e+01
1.600000000000000000e+01,9.744565635300675410e+01,4.725743769375932146e+01,3.120095682851103192e+01,3.262455623813605854e+01,3.362014328635966365e+01
1.700000000000000000e+01,1.026227739662470384e+02,5.000026349093292310e+01,3.282256138626146225e+01,3.435591054645986020e+01,3.544430203352571596e+01
1.800000000000000000e+01,1.078185453930450848e+02,5.280981737953005961e+01,3.442007110814579107e+01,3.609643774689787676e+01,3.730203653800143826e+01
1.900000000000000000e+01,1.129945281849104788e+02,5.560782282789109132e+01,3.599425273478207998e+01,3.783913838591335832e+01,3.916113706421503338e+01
2.000000000000000000e+01,1.181285702750013087e+02,5.841995956444132787e+01,3.755394929845989793e+01,3.958080532006162144e+01,4.099381565647978931e+01
2.100000000000000000e+01,1.232486043330569885e+02,6.126440899170029297e+01,3.912856190010832336e+01,4.132979207348689954e+01,4.279025035946178690e+01
2.200000000000000000e+01,1.283463665152869453e+02,6.412008678223720892e+01,4.070456828842166175e+01,4.308224321190509443e+01,4.455955501496020332e+01
2.300000000000000000e+01,1.334194737782887330e+02,6.696592912713263956e+01,4.227989598747363686e+01,4.483630571200362880e+01,4.630327207881148155e+01
2.400000000000000000e+01,1.384265588547263235e+02,6.979751939198614252e+01,4.384487768758319248e+01,4.657663434579402661e+01,4.800504682134909018e+01
2.500000000000000000e+01,1.433592211454248968e+02,7.259216580983107292e+01,4.537974914940576099e+01,4.827863099670289415e+01,4.970084099931624877e+01
2.600000000000000000e+01,1.482502765042647468e+02,7.533790022933925457e+01,4.689134992200290952e+01,4.995819158245916469e+01,5.140073499980269389e+01
2.700000000000000000e+01,1.531466317388532730e+02,7.806377560886363653e+01,4.839952145751905732e+01,5.162483809003435908e+01,5.312227219129986366e+01
2.800000000000000000e+01,1.580367253766020781e+02,8.078335416435103866e+01,4.990093811844188565e+01,5.328814111329247538e+01,5.484764614486773837e+01
2.900000000000000000e+01,1.629153390146162792e+02,8.352017494241300710e+01,5.138685993802727126e+01,5.493726649582250587e+01,5.659121258076650207e+01
3.000000000000000000e+01,1.678036210506624570e+02,8.626177388416743952e+01,5.285630012404633504e+01,5.658950219008949034e+01,5.835781873652659613e+01
3.100000000000000000e+01,1.727041658311577521e+02,8.903419514761893083e+01,5.432886753070512498e+01,5.823226672001336368e+01,6.014303158043925635e+01
3.200000000000000000e+01,1.776323870726956216e+02,9.184503214387297021e+01,5.582990456359986098e+01,5.985254723749612538e+01,6.194993527159963520e+01
3.300000000000000000e+01,1.825916637469006787e+02,9.468409520134898116e+01,5.736348777398692533e+01,6.147695466309526324e+01,6.375122130981851853e+01
3.400000000000000000e+01,1.875361813488568998e+02,9.753888310829412944e+01,5.889437656186871806e+01,6.308925115412043994e+01,6.555255363286772763e+01
3.500000000000000000e+01,1.924457696366550294e+02,1.004160023522087641e+02,6.040757615261281899e+01,6.467955711396480467e+01,6.735863637007739158e+01
3.600000000000000000e+01,1.973410247918323819e+02,1.032991919277421573e+02,6.192100646483027049e+01,6.626589404617216417e+01,6.915412428082993301e+01
3.700000000000000000e+01,2.022490285815744926e+02,1.062099208354988491e+02,6.342795047137246911e+01,6.785266033382801254e+01,7.096841777637399673e+01
3.800000000000000000e+01,2.071988684379803090e+02,1.091168300442240167e+02,6.494402420479136140e+01,6.943924845701715753e+01,7.281559577617181844e+01
3.900000000000000000e+01,2.121721945038140689e+02,1.120309775699089698e+02,6.644580414661301404e+01,7.104685009715180399e+01,7.467954026004926504e+01
4.000000000000000000e+01,2.171767163732817494e+02,1.149783486558623764e+02,6.792818539253839560e+01,7.267354377286260103e+01,7.657498720788075275e+01
4.100000000000000000e+01,2.222145391034457589e+02,1.179461888499647699e+02,6.940980980397053202e+01,7.431860381757265088e+01,7.848612548190260441e+01
4.200000000000000000e+01,2.272349296411044293e+02,1.209367108702119822e+02,7.089736705953139051e+01,7.593914725261221577e+01,8.039841532896079457e+01
4.300000000000000000e+01,2.322423491071372155e+02,1.239432313196791853e+02,7.239096625352833314e+01,7.755531546953125144e+01,8.229606738407768773e+01
4.400000000000000000e+01,2.372227739751448894e+02,1.269370640276106030e+02,7.388404216412314440e+01,7.917279195083612819e+01,8.416593986018565943e+01
4.500000000000000000e+01,2.421903293034185936e+02,1.299531865976302072e+02,7.536336979201760755e+01,8.080980020375594108e+01,8.601715930764501650e+01
4.600000000000000000e+01,2.471186667286627312e+02,1.329848198225875251e+02,7.682280932597815593e+01,8.244558997846088744e+01,8.785026742422368784e+01
4.700000000000000000e+01,2.520011149076499350e+02,1.360072391623915564e+02,7.827666148453367612e+01,8.404637511649052328e+01,8.967807830662570723e+01
4.800000000000000000e+01,2.568911214774037717e+02,1.390565182055012201e+02,7.975441158416441567e+01,8.562308780843861200e+01,9.151362208480074401e+01
4.900000000000000000e+01,2.618438156866653230e+02,1.421201281104532370e+02,8.128913291690136589e+01,8.717908178168522682e+01,9.337560098807878717e+01
5.000000000000000000e+01,2.668206275658679942e+02,1.451987133965832584e+02,8.284593356309147794e+01,8.872574386738742191e+01,9.524895013538913702e+01
5.100000000000000000e+01,2.718408408505651437e+02,1.482877882970797714e+02,8.442592738081987136e+01,9.028847981592215888e+01,9.712643365382311345e+01
5.200000000000000000e+01,2.768570470832668207e+02,1.513953559764776742e+02,8.600041214234234133e+01,9.185934317391351556e+01,9.899729176701093536e+01
5.300000000000000000e+01,2.818222537471266378e+02,1.544965260057273326e+02,8.755268400114680105e+01,9.342153557196273539e+01,1.008480341740171013e+02
5.400000000000000000e+01,2.867552363417358947e+02,1.575985286271370001e+02,8.909484701577061116e+01,9.496717946296915613e+01,1.026932098629961558e+02
5.500000000000000000e+01,2.916884794961842999e+02,1.607093641231069796e+02,9.063548929122757158e+01,9.651647387498675812e+01,1.045365163299698850e+02
5.600000000000000000e+01,2.966468646230597415e+02,1.638183204401269677e+02,9.218990744347229338e+01,9.807412193982220572e+01,1.063828352397651997e+02
5.700000000000000000e+01,3.016352870643410711e+02,1.669581726954281748e+02,9.373066338711562651e+01,9.964874194501676641e+01,1.082558817322086213e+02
5.800000000000000000e+01,3.066625632605381497e+02,1.701253119518660810e+02,9.526368881480581763e+01,1.012465992866203095e+02,1.101522751591119231e+02
5.900000000000000000e+01,3.116529399138784129e+02,1.732795769903744656e+02,9.678502918690401202e+01,1.028286615899563969e+02,1.120392491370180323e+02
6.000000000000000000e+01,3.165649558627873148e+02,1.764132353617189040e+02,9.830161919566403128e+01,1.043688808756960213e+02,1.138944557914273048e+02
6.100000000000000000e+01,3.214306910233698886e+02,1.795240878888894542e+02,9.980547254658817735e+01,1.058882038615698065e+02,1.157370146152119332e+02
6.200000000000000000e+01,3.262802782941843134e+02,1.826073824889416244e+02,1.013168799754627400e+02,1.073884174626117129e+02,1.175749808561098462e+02
6.300000000000000000e+01,3.311183233474938561e+02,1.857054305289129843e+02,1.028497329986846296e+02,1.088847676871500454e+02,1.193838226616591527e+02
6.400000000000000000e+01,3.359615869827285906e+02,1.888455201590275863e+02,1.043923136384167236e+02,1.103990741735849213e+02,1.211701991707268746e+02
6.500000000000000000e+01,3.407983101100925296e+02,1.920022672242847932e+02,1.059221676708741882e+02,1.119288195665600369e+02,1.229473228726583613e+02
6.600000000000000000e+01,3.456178119841130751e+02,1.951582212691647555e+02,1.074380298677180008e+02,1.134497374741948050e+02,1.247300446422002835e+02
6.700000000000000000e+01,3.504030156648474303e+02,1.982946247561212658e+02,1.089336452653131744e+02,1.149401992557849610e+02,1.265291711437492665e+02
6.800000000000000000e+01,3.552371545122711609e+02,2.014690823290451362e+02,1.104473540876875433e+02,1.164337138382817329e+02,1.283560865863018421e+02
6.900000000000000000e+01,3.600893343988109336e+02,2.046632509631957078e+02,1.119891238409341412e+02,1.179191490787559360e+02,1.301810614791208423e+02
7.000000000000000000e+01,3.648992735098858020e+02,2.078423205077608600e+02,1.135142532586909994e+02,1.194016755208906488e+02,1.319833447303042249e+02
7.100000000000000000e+01,3.696831625965509147e+02,2.110169895112326230e+02,1.150221675828653360e+02,1.208741034806386097e+02,1.337868915330469122e+02
7.200000000000000000e+01,3.744636253911558015e+02,2.142168017668280413e+02,1.165121132571065061e+02,1.223560512191397294e+02,1.355954609149096086e+02
7.300000000000000000e+01,3.792338360746228432e+02,2.174361603587868785e+02,1.179776801213551352e+02,1.238479207123313728e+02,1.374082352409363068e+02
7.400000000000000000e+01,3.840135920009865913e+02,2.206717103290386035e+02,1.194372156399177101e+02,1.253603715530786786e+02,1.392160048079901458e+02
7.500000000000000000e+01,3.888077037244917165e+02,2.239442648619211127e+02,1.209147739863175985e+02,1.268819705705852527e+02,1.410109591675887941e+02
7.600000000000000000e+01,3.936138185984112283e+02,2.272311286364939917e+02,1.224093190494562862e+02,1.284031227620908737e+02,1.428013767868640400e+02
7.700000000000000000e+01,3.984201250942373917e+02,2.305252295531959987e+02,1.239022089967592990e+02,1.299368798179318105e+02,1.445810362795462538e+02
7.800000000000000000e+01,4.031839188391710422e+02,2.338332648570363688e+02,1.253714755506792642e+02,1.314735973313669888e+02,1.463388459571247608e+02
7.900000000000000000e+01,4.079249858608350792e+02,2.371774155747569921e+02,1.268370439200917446e+02,1.329938786151331840e+02,1.480940633256101080e+02
8.000000000000000000e+01,4.127228443275186009e+02,2.405335593778445116e+02,1.283244124036784228e+02,1.345037344231373595e+02,1.498946975007027618e+02
8.100000000000000000e+01,4.175385164397497419e+02,2.438860932430164041e+02,1.298286178729173628e+02,1.359939825948971475e+02,1.517159159719352033e+02
8.200000000000000000e+01,4.223511430133691533e+02,2.472085648082444038e+02,1.313232266415191987e+02,1.374955333487454538e+02,1.535323830231045008e+02
8.300000000000000000e+01,4.271796987778159860e+02,2.504969819683366268e+02,1.328117273234813922e+02,1.390163032589873922e+02,1.553516681953471732e+02
8.400000000000000000e+01,4.320091313049672976e+02,2.537853249692248312e+02,1.343000359594818178e+02,1.405471625854706588e+02,1.571619327600148495e+02
8.500000000000000000e+01,4.368387482686213161e+02,2.570900720101479351e+02,1.357983236114913268e+02,1.420854518066775256e+02,1.589549728504524069e+02
8.600000000000000000e+01,4.416527987116677423e+02,2.604004862454710292e+02,1.373142629697942141e+02,1.436079677868071371e+02,1.607305679550663626e+02
8.700000000000000000e+01,4.464698969147715388e+02,2.637403633534234473e+02,1.388215926917166314e+02,1.451300580026442333e+02,1.625182462204107026e+02
8.800000000000000000e+01,4.513037146563812598e+02,2.671103196369268744e+02,1.403166021583287773e+02,1.466695600562276809e+02,1.643175524418249154e+02
8.900000000000000000e+01,4.561767636845623883e+02,2.705107853797205735e+02,1.418241153477894443e+02,1.482271285266189977e+02,1.661255198101539179e+02
9.000000000000000000e+01,4.610314820931692452e+02,2.738584303318030493e+02,1.433365402135515581e+02,1.497810448211245102e+02,1.679138970584932053e+02
9.100000000000000000e+01,4.658566989421648259e+02,2.771734493316545809e+02,1.448507937464147517e+02,1.513350808459194354e+02,1.696708243498306103e+02
9.200000000000000000e+01,4.706719776232397408e+02,2.804883398783467214e+02,1.463786785987840915e+02,1.528834602020142768e+02,1.714098388224413725e+02
9.300000000000000000e+01,4.754787779161197250e+02,2.838111696868710396e+02,1.479062763457415599e+02,1.544295868964525766e+02,1.731429146739255316e+02
9.400000000000000000e+01,4.802898160002148984e+02,2.871231767873851481e+02,1.494129453287874583e+02,1.560027777749458551e+02,1.748740928964816419e+02
9.500000000000000000e+01,4.851455826089033394e+02,2.904318706479346019e+02,1.509550231566890375e+02,1.575793947975940341e+02,1.766111646546203531e+02
9.600000000000000000e+01,4.900246683911776699e+02,2.937765943677454175e+02,1.525302641233550958e+02,1.591250768083810101e+02,1.783693274594416494e+02
9.700000000000000000e+01,4.948860666145355935e+02,2.971193729191361399e+02,1.541216462073157345e+02,1.606431272256515115e+02,1.801212931815683760e+02
9.800000000000000000e+01,4.997568353933303911e+02,3.004518473001853636e+02,1.557135383175086076e+02,1.621660432737575661e+02,1.818772538020641889e+02
9.900000000000000000e+01,5.046507395964446232e+02,3.037431647499876703e+02,1.573157191626118845e+02,1.637043168757333262e+02,1.836307035580994125e+02
1.000000000000000000e+02,5.095190587541395644e+02,3.070019764050964000e+02,1.589086788843214890e+02,1.652331196461310014e+02,1.853772602236870455e+02
1.010000000000000000e+02,5.143489548823923769e+02,3.102359254931637906e+02,1.604753878222523440e+02,1.667655945153179289e+02,1.871079725448220756e+02
1.020000000000000000e+02,5.191802007626113209e+02,3.134869662977795883e+02,1.620252757717489374e+02,1.683023912546498764e+02,1.888525337362123935e+02
1.030000000000000000e+02,5.240118606672582473e+02,3.167546207506536007e+02,1.635540537353563479e+02,1.698386935868180672e+02,1.906191133450838038e+02
1.040000000000000000e+02,5.288208749749913977e+02,3.200375644844248768e+02,1.650400881966237705e+02,1.713923070600069138e+02,1.923884797183607702e+02
1.050000000000000000e+02,5.336242164570990099e+02,3.233382657271218932e+02,1.665086787144026914e+02,1.729618313634339586e+02,1.941537063792624735e+02
1.060000000000000000e+02,5.384077679616990508e+02,3.266332262966922713e+02,1.679683755888877954e+02,1.745347844180160735e+02,1.959046079547951820e+02
1.070000000000000000e+02,5.431956216084710150e+02,3.298985130673633535e+02,1.694220215251273203e+02,1.761149803141421444e+02,1.976586197692015787e+02
1.080000000000000000e+02,5.479999156010837851e+02,3.331502317515383425e+02,1.708805279782220055e+02,1.777050490943379941e+02,1.994143385285238992e+02
1.090000000000000000e+02,5.528407510418157926e+02,3.364624249435107117e+02,1.723597217548122842e+02,1.792923584099395384e+02,2.011886708770639700e+02
1.100000000000000000e+02,5.577017535765658067e+02,3.398020791157172766e+02,1.738298406257650299e+02,1.808809493807507920e+02,2.029909635700500417e+02
1.110000000000000000e+02,5.625342961143071534e+02,3.431372792435800534e+02,1.752564609110609979e+02,1.824623237526463413e+02,2.048155114505997574e+02
1.120000000000000000e+02,5.673366290287784750e+02,3.464711378522138716e+02,1.766659045266706016e+02,1.840176884688763153e+02,2.066530360332315581e+02
1.130000000000000000e+02,5.721279412547836500e+02,3.498016732044505375e+02,1.780710283956574642e+02,1.855604926741443421e+02,2.084964201849818437e+02
1.140000000000000000e+02,5.768947474313822568e+02,3.530958304629330655e+02,1.794795333772211166e+02,1.870971248931414834e+02,2.103180891610197136e+02
1.150000000000000000e+02,5.816308404717559597e+02,3.564080314308695847e+02,1.808966257016504358e+02,1.886185394438111302e+02,2.121156753262943369e+02
1.160000000000000000e+02,5.863752888671727987e+02,3.597765820188653834e+02,1.823288569381549848e+02,1.901356698689888276e+02,2.139107620600290716e+02
1.170000000000000000e+02,5.911105903158219235e+02,3.631902978066800074e+02,1.837402243610972619e+02,1.916560692877359600e+02,2.157142966669886732e+02
1.180000000000000000e+02,5.958461174443569917e+02,3.666434969440771283e+02,1.851361708898708116e+02,1.931779401180612297e+02,2.175320064364248651e+02
1.190000000000000000e+02,6.005810507069396635e+02,3.701062346557571914e+02,1.865236345596803744e+02,1.947034581537002111e+02,2.193539579935591064e+02
1.200000000000000000e+02,6.052532835419642652e+02,3.735447260603939981e+02,1.878914947113774190e+02,1.962025349396198806e+02,2.211592538909669656e+02
1.210000000000000000e+02,6.098768633842678355e+02,3.769446244610672920e+02,1.892348266815987188e+02,1.976799449674117000e+02,2.229620917352573883e+02
1.220000000000000000e+02,6.145338051836504292e+02,3.803666406412012293e+02,1.906072016332433350e+02,1.991497804430233032e+02,2.247768231073838194e+02
1.230000000000000000e+02,6.192625040324702468e+02,3.838222909636962186e+02,1.920332766366926478e+02,2.006196984997888535e+02,2.266095288959885750e+02
1.240000000000000000e+02,6.240148018794652671e+02,3.873032789597020269e+02,1.935012263600879692e+02,2.020822470244382885e+02,2.284313284949389526e+02
1.250000000000000000e+02,6.287555446109055310e+02,3.907683873940778767e+02,1.949825334756551740e+02,2.035411688680921429e+02,2.302318422671580151e+02
1.260000000000000000e+02,6.334954617925259299e+02,3.942126726376877741e+02,1.964572895311695788e+02,2.050236380969089680e+02,2.320145341644474684e+02
1.270000000000000000e+02,6.382638394107991644e+02,3.977056839955568535e+02,1.979319510016559605e+02,2.065460295019899206e+02,2.337858589071531696e+02
1.280000000000000000e+02,6.430397024732676527e+02,4.011856877936634760e+02,1.994088790868040348e+02,2.080854252700144684e+02,2.355453981164490358e+02
1.290000000000000000e+02,6.478106593908046307e+02,4.046498542286249744e+02,2.008940383145174451e+02,2.096090865726336290e+02,2.373075345036536419e+02
1.300000000000000000e+02,6.525548103886873150e+02,4.081259608522791495e+02,2.023864331817706272e+02,2.111231094488775000e+02,2.390452677580392447e+02
1.310000000000000000e+02,6.573005565077413621e+02,4.115857461009389908e+02,2.038868603831113262e+02,2.126406979614161230e+02,2.407729981632138845e+02
1.320000000000000000e+02,6.620394441400645746e+02,4.150346121483156594e+02,2.053898342609389260e+02,2.141734872719809459e+02,2.424761226071445890e+02
1.330000000000000000e+02,6.667921809481940727e+02,4.184635461969002677e+02,2.068581714689907471e+02,2.157381908931662053e+02,2.441958185860370918e+02
1.340000000000000000e+02,6.715409050455084525e+02,4.218806155250683787e+02,2.082883274650863257e+02,2.173222535598022773e+02,2.459303240206197643e+02
1.350000000000000000e+02,6.762971032288108972e+02,4.253069758750463052e+02,2.097210461233178194e+02,2.188856421899001816e+02,2.476904149155930099e+02
1.360000000000000000e+02,6.810644553503567522e+02,4.287209233700379514e+02,2.111748920391312936e+02,2.204289435854086037e+02,2.494606197258166844e+02
1.370000000000000000e+02,6.858172009123611588e+02,4.321250014485078168e+02,2.126471596812853875e+02,2.219562898722739703e+02,2.512137513588018010e+02
1.380000000000000000e+02,6.905609246017897931e+02,4.354752200569864158e+02,2.141106122952443798e+02,2.234937078464868989e+02,2.529566044600584860e+02
1.390000000000000000e+02,6.953185936817997117e+02,4.388338740837172054e+02,2.155679549772559653e+02,2.250377816052163382e+02,2.547128570993274082e+02
1.400000000000000000e+02,7.000649637638664444e+02,4.422226366352799118e+02,2.170289846663771698e+02,2.265673156215147230e+02,2.564686634759746084e+02
1.410000000000000000e+02,7.047790841914764997e+02,4.456108325057776369e+02,2.184834533082283201e+02,2.280837173654587389e+02,2.582119135177895259e+02
1.420000000000000000e+02,7.094764088985709805e+02,4.489826558498921827e+02,2.199151172913083485e+02,2.295960938543534269e+02,2.599651977529091482e+02
1.430000000000000000e+02,7.142034552009474737e+02,4.523539028243601479e+02,2.213521887242420121e+02,2.311141475680600195e+02,2.617371189086453569e+02
1.440000000000000000e+02,7.189641534472684725e+02,4.557511263446084513e+02,2.227924344651737556e+02,2.326526273529111677e+02,2.635190916291835492e+02
1.450000000000000000e+02,7.237234943976725390e+02,4.591707161429429220e+02,2.242378544431085174e+02,2.341708116262793737e+02,2.653148283282847046e+02
1.460000000000000000e+02,7.284629803215212860e+02,4.625838577241757434e+02,2.256824856763481932e+02,2.356689600333556314e+02,2.671115346118173193e+02
1.470000000000000000e+02,7.331941334743038396e+02,4.659748154473550130e+02,2.271284250097863264e+02,2.371685869057370724e+02,2.688971215587805546e+02
1.480000000000000000e+02,7.379698139937496535e+02,4.693879252307539218e+02,2.285844257806560620e+02,2.386980360268395600e+02,2.706873521862540883e+02
1.490000000000000000e+02,7.428147405620231893e+02,4.728382666600717812e+02,2.300555722454818408e+02,2.402681458032141677e+02,2.724910225133271524e+02
1.500000000000000000e+02,7.477081085627251014e+02,4.762916990070135057e+02,2.315354828622157584e+02,2.418532700794398238e+02,2.743193556210695760e+02
1.510000000000000000e+02,7.526171014981288181e+02,4.797478456712285606e+02,2.330274442876709031e+02,2.434302662986250709e+02,2.761593909118327588e+02
1.520000000000000000e+02,7.575398204731100122e+02,4.832371324967138548e+02,2.345175996434119838e+02,2.450140878938795197e+02,2.780081329358184803e+02
1.530000000000000000e+02,7.624459343509711289e+02,4.867158408549065598e+02,2.359782509887316451e+02,2.466054113377808221e+02,2.798622720244586048e+02
1.540000000000000000e+02,7.673192337094562845e+02,4.901347957466451817e+02,2.374092448991352171e+02,2.481992009561223256e+02,2.817107878541988839e+02
1.550000000000000000e+02,7.721814499344234264e+02,4.935446816118948732e+02,2.388316953294051075e+02,2.498088331993144493e+02,2.835409214057037843e+02
1.560000000000000000e+02,7.770246734436786937e+02,4.969486529117399414e+02,2.402512352476014712e+02,2.514314722190603391e+02,2.853419659770168550e+02
1.570000000000000000e+02,7.818154159218227051e+02,5.003362128089426051e+02,2.416621864030306881e+02,2.530180161919639943e+02,2.871352133268280227e+02
1.580000000000000000e+02,7.865880797263737350e+02,5.036826248378209812e+02,2.430735473922528911e+02,2.545572047727694098e+02,2.889573275613514625e+02
1.590000000000000000e+02,7.913367618534714438e+02,5.070249875458570727e+02,2.444906077251260399e+02,2.560679136260246196e+02,2.907782405023209549e+02
1.600000000000000000e+02,7.960877008494883285e+02,5.103566132581864849e+02,2.459078446244718066e+02,2.575773584333280724e+02,2.926024977916883358e+02
1.610000000000000000e+02,8.008724886534573670e+02,5.136925205175696192e+02,2.473242723109528924e+02,2.591099863829316519e+02,2.944382299595728227e+02
1.620000000000000000e+02,8.057205888960870652e+02,5.170539980806034919e+02,2.487622727145723331e+02,2.606693681007457144e+02,2.962889480807688187e+02
1.630000000000000000e+02,8.105854309025154407e+02,5.204233620576814019e+02,2.502266144028336328e+02,2.622257284909652526e+02,2.981330880087164701e+02
1.640000000000000000e+02,8.154215094699453630e+02,5.237661927873446075e+02,2.516882815483874651e+02,2.637634899738005743e+02,2.999697379477573236e+02
1.650000000000000000e+02,8.202120646089358615e+02,5.271190795134867813e+02,2.531406228116957209e+02,2.652955566919007993e+02,3.017758851053393414e+02
1.660000000000000000e+02,8.249664944246080722e+02,5.304855599613144932e+02,2.545693911044218964e+02,2.668329900118522460e+02,3.035641133083339014e+02
1.670000000000000000e+02,8.296802610916445246e+02,5.338406770610372405e+02,2.559814129166242367e+02,2.683487916001060967e+02,3.053500565749142197e+02
1.680000000000000000e+02,8.343545362163597474e+02,5.371789620630652280e+02,2.573732726771128227e+02,2.698442048505178263e+02,3.071370586887289278e+02
1.690000000000000000e+02,8.390258929579910046e+02,5.404925061975976632e+02,2.587687138250031467e+02,2.713266694109212267e+02,3.089305097220667449e+02
1.700000000000000000e+02,8.436826936049241112e+02,5.437736546112665792e+02,2.601614110259749850e+02,2.728012847559008378e+02,3.107199978230481179e+02
1.710000000000000000e+02,8.483197693478572319e+02,5.470334421354699543e+02,2.615524248026749774e+02,2.742767818911636937e+02,3.124905626540185040e+02
1.720000000000000000e+02,8.529154807860711571e+02,5.502584813447482475e+02,2.629402566327531758e+02,2.757264458208181850e+02,3.142487783324999668e+02
1.730000000000000000e+02,8.574864142367989643e+02,5.534538073449597277e+02,2.642975651634490646e+02,2.771749268933452868e+02,3.160139221800046698e+02
1.740000000000000000e+02,8.620520766497862724e+02,5.566304062517140210e+02,2.656463809894973451e+02,2.786118420158421713e+02,3.177938536444466990e+02
1.750000000000000000e+02,8.666409931784046421e+02,5.598207759928150153e+02,2.669980375072490233e+02,2.800693770425899629e+02,3.195735786285654854e+02
1.760000000000000000e+02,8.712295063893316183e+02,5.630441698925628771e+02,2.683579866888089214e+02,2.815235115221902333e+02,3.213480081783325772e+02
1.770000000000000000e+02,8.757759990852771352e+02,5.662402458693667313e+02,2.697199150237776735e+02,2.829504591795165425e+02,3.231056248819828056e+02
1.780000000000000000e+02,8.802925058473834952e+02,5.694143896136430385e+02,2.710866046193578995e+02,2.843598595147384458e+02,3.248460417132870930e+02
1.790000000000000000e+02,8.847886034381521085e+02,5.725798045195963368e+02,2.724641011078254564e+02,2.857704573346284178e+02,3.265540449956984617e+02
1.800000000000000000e+02,8.892745219805050283e+02,5.757246145411565976e+02,2.738452741121528788e+02,2.871935643992654263e+02,3.282356834690868368e+02
1.810000000000000000e+02,8.937587228371896799e+02,5.788324539685050922e+02,2.752450629291425912e+02,2.886211588465097861e+02,3.298925010615374163e+02
1.820000000000000000e+02,8.982106692316407361e+02,5.819033980751651143e+02,2.766375931930531920e+02,2.900494219256366364e+02,3.315236541129507941e+02
1.830000000000000000e+02,9.026650843599476275e+02,5.849883233583672109e+02,2.780269327786201075e+02,2.914860578851543664e+02,3.331520936961731536e+02
1.840000000000000000e+02,9.071409973120756831e+02,5.880915417716473712e+02,2.794247644081311819e+02,2.929339931045456069e+02,3.347822397993991217e+02
1.850000000000000000e+02,9.115717285708940381e+02,5.911755081216019789e+02,2.808047211748638006e+02,2.943687307905774446e+02,3.363982766054527929e+02
1.860000000000000000e+02,9.159566863014376850e+02,5.942016523599990023e+02,2.821764353938289673e+02,2.957981845981571496e+02,3.379820663094516249e+02
1.870000000000000000e+02,9.203052524812777619e+02,5.971822524167801021e+02,2.835448401965704193e+02,2.972291607282784867e+02,3.395312515564289697e+02
1.880000000000000000e+02,9.246335713849277909e+02,6.001328055913669459e+02,2.849092459394561274e+02,2.986529826488405206e+02,3.410713427966311428e+02
1.890000000000000000e+02,9.289858501868368421e+02,6.030990258576987344e+02,2.862652012236082442e+02,3.000891409192175843e+02,3.426315080440109568e+02
1.900000000000000000e+02,9.333573195642709379e+02,6.060905680663115618e+02,2.876273600983954566e+02,3.015015530875717786e+02,3.442284063783035890e+02
1.910000000000000000e+02,9.377729149260983377e+02,6.091295073198679120e+02,2.889980445072453676e+02,3.029144550595406713e+02,3.458604153593124693e+02
1.920000000000000000e+02,9.422592970707162294e+02,6.122134464438390751e+02,2.903919112126244499e+02,3.043411917889417850e+02,3.475261940691501081e+02
1.930000000000000000e+02,9.467572005364638699e+02,6.153409530503379301e+02,2.917821671142754667e+02,3.057780066719824958e+02,3.491970267502061915e+02
1.940000000000000000e+02,9.512589716208583468e+02,6.185027575463551557e+02,2.931758492408688994e+02,3.072335157206574650e+02,3.508496066593321530e+02
1.950000000000000000e+02,9.557737671470944179e+02,6.216973056005327862e+02,2.945686567361989319e+02,3.087221329773221896e+02,3.524829774335733532e+02
1.960000000000000000e+02,9.602977188181639576e+02,6.248530182437349367e+02,2.959583993986439623e+02,3.102256041909903956e+02,3.541137152285294860e+02
1.970000000000000000e+02,9.648112652564932432e+02,6.279762098642627279e+02,2.973439721724761853e+02,3.117054129400636384e+02,3.557618801439534764e+02
1.980000000000000000e+02,9.693718783381334561e+02,6.311074798329658506e+02,2.987511473386459215e+02,3.131981219438145558e+02,3.574226090556729787e+02
1.990000000000000000e+02,9.739582418024031085e+02,6.342485525158751898e+02,3.001626059843233065e+02,3.146963404562690698e+02,3.590992953618103911e+02
2.000000000000000000e+02,9.785089622146637112e+02,6.373921383904221329e+02,3.015673528618820001e+02,3.161841962920739206e+02,3.607574130607079610e+02
2.010000000000000000e+02,9.830192201124252733e+02,6.405800082661913848e+02,3.029714115509890462e+02,3.176617159371045318e+02,3.623860926243318090e+02
2.020000000000000000e+02,9.874707292436784201e+02,6.437765896166641824e+02,3.043716651458386764e+02,3.191430035123450466e+02,3.639560605854944697e+02
2.030000000000000000e+02,9.919608278067007632e+02,6.470141784535940133e+02,3.057928040507199512e+02,3.206461546760236274e+02,3.655218690799571846e+02
2.040000000000000000e+02,9.964950380179241165e+02,6.502757917652722881e+02,3.072230136936602776e+02,3.221584556755846620e+02,3.671135686486790064e+02
2.050000000000000000e+02,1.001027579069186118e+03,6.535259064455250382e+02,3.086318101718504181e+02,3.236849721306351739e+02,3.687107967667003550e+02
2.060000000000000000e+02,1.005516551644524952e+03,6.567374134780865234e+02,3.100126849972232890e+02,3.252094077594987880e+02,3.702944588878028185e+02
2.070000000000000000e+02,1.009982066754643029e+03,6.599352644043323153e+02,3.113836144954360634e+02,3.267360754199623898e+02,3.718623768392445754e+02
2.080000000000000000e+02,1.014446192706074385e+03,6.631191606078131144e+02,3.127801846343232341e+02,3.282683614560249907e+02,3.733976466157262735e+02
2.090000000000000000e+02,1.018931945099720565e+03,6.662908676967171004e+02,3.142232809281830441e+02,3.298026301106612550e+02,3.749060340608763227e+02
2.100000000000000000e+02,1.023420954268227774e+03,6.694367886135436265e+02,3.156874773086706227e+02,3.313302132240041828e+02,3.764032637355529687e+02
2.110000000000000000e+02,1.027870898095038683e+03,6.725633130050824775e+02,3.171489063938984145e+02,3.328606608591515510e+02,3.778613308419888881e+02
2.120000000000000000e+02,1.032302113094723609e+03,6.756869377873966869e+02,3.185932215877523959e+02,3.343891293213285962e+02,3.793197621856425030e+02
2.130000000000000000e+02,1.036716513951962497e+03,6.788348568297016072e+02,3.200247099308016914e+02,3.359168412453256565e+02,3.807749627758353199e+02
2.140000000000000000e+02,1.041145062793180387e+03,6.819968457955097847e+02,3.214616714590889615e+02,3.374590699443994595e+02,3.822243213896920793e+02
2.150000000000000000e+02,1.045570264928751840e+03,6.851399970657568019e+02,3.229077532462638374e+02,3.390090189710826962e+02,3.836534927114053062e+02
2.160000000000000000e+02,1.049974040085735396e+03,6.882607348147668063e+02,3.243528531227712506e+02,3.405566745647124094e+02,3.850645123982516225e+02
2.170000000000000000e+02,1.054357343346427569e+03,6.914136944031565690e+02,3.257686842327374279e+02,3.421074284276756998e+02,3.864812306860146123e+02
2.180000000000000000e+02,1.058733200486401529e+03,6.945932140797708598e+02,3.271640442681260197e+02,3.436457200707700963e+02,3.879234361475051855e+02
2.190000000000000000e+02,1.063082258185668024e+03,6.977549295006458578e+02,3.285617794958664604e+02,3.451486757380289419e+02,3.893718029517728496e+02
2.200000000000000000e+02,1.067457543998816163e+03,7.009403087622965813e+02,3.299819073757406045e+02,3.466545474572748731e+02,3.908210891658007426e+02
2.210000000000000000e+02,1.071813325458310828e+03,7.041401433771458187e+02,3.314146824998109082e+02,3.481413417026159323e+02,3.922573012558838741e+02
2.220000000000000000e+02,1.076142271716359573e+03,7.073112052300922414e+02,3.328531719577256354e+02,3.495971554993475365e+02,3.936919442592862310e+02
2.230000000000000000e+02,1.080444621432009171e+03,7.104579069737294503e+02,3.343020803270816259e+02,3.510322472926970931e+02,3.951102938122304522e+02
2.240000000000000000e+02,1.084742582838739736e+03,7.136126007377596352e+02,3.357549395417459550e+02,3.524766935326948669e+02,3.965109497642988572e+02
2.250000000000000000e+02,1.089017872034798984e+03,7.167973893377555896e+02,3.371992020515300510e+02,3.539325320875153693e+02,3.978861378957534498e+02
2.260000000000000000e+02,1.093310956325187135e+03,7.200123717475748890e+02,3.386336655006933825e+02,3.554001080478663539e+02,3.992771827766274555e+02
2.270000000000000000e+02,1.097628308009390366e+03,7.232373309006858335e+02,3.400773383976278410e+02,3.568659430747511010e+02,4.006850265370112538e+02
2.280000000000000000e+02,1.101941272457181185e+03,7.264454333245586213e+02,3.415187107187820175e+02,3.583185949420761744e+02,4.021039667963229931e+02
2.290000000000000000e+02,1.106249603339978876e+03,7.296398354605473742e+02,3.429525325374261229e+02,3.597617986194501327e+02,4.035352721831027907e+02
2.300000000000000000e+02,1.110549316070816985e+03,7.328043735526437104e+02,3.443905209760598609e+02,3.611984214061120610e+02,4.049603736886452907e+02
2.310000000000000000e+02,1.114834499320288614e+03,7.359542601146227980e+02,3.458291109173916880e+02,3.626261326112899610e+02,4.063792557916067381e+02
2.320000000000000000e+02,1.119139413745955608e+03,7.391067338021115347e+02,3.472786500415508044e+02,3.640552182815276865e+02,4.078055454228770600e+02
2.330000000000000000e+02,1.123461886387487993e+03,7.422992159028964352e+02,3.487366062047505579e+02,3.654974822183052083e+02,4.092277979644321135e+02
2.340000000000000000e+02,1.127756244341363981e+03,7.454951087819724762e+02,3.501900574213385653e+02,3.669366616409459425e+02,4.106295252790798145e+02
2.350000000000000000e+02,1.132000758365493311e+03,7.486526389329719677e+02,3.516130457157319142e+02,3.683644075548126011e+02,4.120233050949488529e+02
2.360000000000000000e+02,1.136227104102289786e+03,7.518104613230240147e+02,3.530350668610429352e+02,3.697853025338310431e+02,4.134067347074157510e+02
2.370000000000000000e+02,1.140441562460072646e+03,7.549659395702152551e+02,3.544671166199233312e+02,3.712007240604506251e+02,4.147737217796984623e+02
2.380000000000000000e+02,1.144642540381243180e+03,7.580783918875455356e+02,3.559055043071708724e+02,3.726073053400065191e+02,4.161297307340653902e+02
2.390000000000000000e+02,1.148812548513503316e+03,7.611856731865467509e+02,3.573289597616866331e+02,3.740020883365851319e+02,4.174815004152314941e+02
2.400000000000000000e+02,1.153002312115635959e+03,7.643140695168624461e+02,3.587662158742615475e+02,3.754039605305018199e+02,4.188321357108726488e+02
2.410000000000000000e+02,1.157188645529495034e+03,7.674519966455890199e+02,3.602139304600933656e+02,3.768024824324720612e+02,4.201722326369294933e+02
2.420000000000000000e+02,1.161354619484497107e+03,7.706058822138003279e+02,3.616636287572144397e+02,3.781889397757207689e+02,4.215020509515619551e+02
2.430000000000000000e+02,1.165507621452274179e+03,7.737363284771082590e+02,3.631035978178380219e+02,3.795792142713720523e+02,4.228248093630643893e+02
2.440000000000000000e+02,1.169644275087579445e+03,7.768309086448240350e+02,3.645137444721425481e+02,3.809718798281177783e+02,4.241586507873192318e+02
2.450000000000000000e+02,1.173791496360700194e+03,7.798997468280367684e+02,3.659063361605121827e+02,3.823876424295020797e+02,4.254975177706860450e+02
2.460000000000000000e+02,1.177927410748649436e+03,7.829664853530343862e+02,3.673015920413093909e+02,3.838121090228335106e+02,4.268137096845064775e+02
2.470000000000000000e+02,1.182055830376604490e+03,7.860133165771143240e+02,3.687154319221995706e+02,3.852228119013028618e+02,4.281175865531021145e+02
2.480000000000000000e+02,1.186207951473015100e+03,7.890842170813904204e+02,3.701411032411210726e+02,3.866384124223040430e+02,4.294284358095895868e+02
2.490000000000000000e+02,1.190413411071212067e+03,7.922142577039247726e+02,3.715714404043084187e+02,3.880891550275147779e+02,4.307528156393888707e+02
2.500000000000000000e+02,1.194620741022843504e+03,7.953357442642734441e+02,3.729938679125460226e+02,3.895416383043287851e+02,4.320852348059687529e+02
2.510000000000000000e+02,1.198773660233646751e+03,7.984451187816256379e+02,3.744040917731875311e+02,3.909634572928860621e+02,4.334061111675731581e+02
2.520000000000000000e+02,1.202909836151441596e+03,8.015159024315083798e+02,3.757817612384043855e+02,3.923877542423741147e+02,4.347403206706630954e+02
2.530000000000000000e+02,1.207030551481657767e+03,8.045826849597568753e+02,3.771295616037950253e+02,3.938212675985611213e+02,4.360797222793018477e+02
2.540000000000000000e+02,1.211160386018454801e+03,8.076438121358964963e+02,3.784792217834883559e+02,3.952743676929727599e+02,4.374067965419939128e+02
2.550000000000000000e+02,1.215324404537911960e+03,8.107135257904533319e+02,3.798459432204229529e+02,3.967393303920221683e+02,4.387391309254667249e+02
2.560000000000000000e+02,1.219450865747523949e+03,8.138109731947431555e+02,3.812133570510566756e+02,3.981884852610768348e+02,4.400490234353904384e+02
2.570000000000000000e+02,1.223525445010418935e+03,8.169327134142023397e+02,3.825596460275266395e+02,3.996332662817860069e+02,4.413325327011061745e+02
2.580000000000000000e+02,1.227603426772441935e+03,8.200744954741909396e+02,3.838991972458894679e+02,4.010892692437777214e+02,4.426149602827748026e+02
2.590000000000000000e+02,1.231680766702927031e+03,8.232358169397321035e+02,3.852402121457351996e+02,4.025461499856739920e+02,4.438944045715178390e+02
2.600000000000000000e+02,1.235740099422353524e+03,8.263710939337208856e+02,3.865642733323757056e+02,4.039960048302990572e+02,4.451798212596787607e+02
2.610000000000000000e+02,1.239791832321958282e+03,8.294535089087684128e+02,3.878857764542807445e+02,4.054285209392224374e+02,4.464775349284550430e+02
2.620000000000000000e+02,1.243871953564213527e+03,8.325635309354768196e+02,3.891978894495622399e+02,4.068779407876573373e+02,4.477961233269940067e+02
2.630000000000000000e+02,1.247968959435961779e+03,8.357154444180438304e+02,3.905093534463993592e+02,4.083471966591415594e+02,4.491124093304205189e+02
2.640000000000000000e+02,1.252087621474116304e+03,8.389126512938673841e+02,3.918325462882811507e+02,4.098363110518861276e+02,4.504187641339491393e+02
2.650000000000000000e+02,1.256207780487533910e+03,8.421015266344924157e+02,3.931595871383557892e+02,4.113367787403578291e+02,4.517114146088202915e+02
2.660000000000000000e+02,1.260330887679858279e+03,8.453017007085734349e+02,3.944800344988976235e+02,4.128308199028364243e+02,4.530200332781241741e+02
2.670000000000000000e+02,1.264450607176075437e+03,8.485016427189142405e+02,3.957925240656037431e+02,4.143342236003529138e+02,4.543238595101188366e+02
2.680000000000000000e+02,1.268620800664605440e+03,8.517335595433710296e+02,3.971361441151273652e+02,4.158554788167227230e+02,4.556291777327552950e+02
2.690000000000000000e+02,1.272852145094080015e+03,8.549983234679474435e+02,3.985141504753547679e+02,4.173819689973817617e+02,4.569560256213436560e+02
2.700000000000000000e+02,1.277127684041826342e+03,8.583179038032395738e+02,3.999158725476291920e+02,4.189079549501769861e+02,4.583038565440201637e+02
2.710000000000000000e+02,1.281418781326377029e+03,8.616623844859803967e+02,4.013388819685130215e+02,4.204159570156263612e+02,4.596639423422376467e+02
2.720000000000000000e+02,1.285701360803570878e+03,8.650230704268320778e+02,4.027574844239458116e+02,4.219290367399782440e+02,4.610148396396467660e+02
2.730000000000000000e+02,1.289969175916037557e+03,8.683566914381900688e+02,4.041600745612026913e+02,4.234579131641576168e+02,4.623511881906773624e+02
2.740000000000000000e+02,1.294271781021218658e+03,8.717406942814824333e+02,4.055679650744455103e+02,4.250263031349952030e+02,4.636775128117778877e+02
2.750000000000000000e+02,1.298605301792582623e+03,8.751429853816176774e+02,4.069755961432421145e+02,4.266156683182936717e+02,4.650140373310465520e+02
2.760000000000000000e+02,1.302952783624476069e+03,8.785606434123840245e+02,4.083914118522067156e+02,4.281984648018066082e+02,4.663629069704629728e+02
2.770000000000000000e+02,1.307312394665280408e+03,8.819688309368594901e+02,4.098149623238496133e+02,4.297794630238598756e+02,4.677179693175709190e+02
2.780000000000000000e+02,1.311691273689065156e+03,8.854086396518706579e+02,4.112558370355214947e+02,4.313598206006940927e+02,4.690756160528499095e+02
2.790000000000000000e+02,1.316058825167026043e+03,8.888901742962394792e+02,4.127035552621937313e+02,4.329370371741104577e+02,4.704182327307215701e+02
2.800000000000000000e+02,1.320410208759461511e+03,8.923507999644232314e+02,4.141725692117930748e+02,4.344971748432807317e+02,4.717404647043874206e+02
2.810000000000000000e+02,1.324729859066069139e+03,8.958052100913998856e+02,4.156342767202597202e+02,4.360379152552844744e+02,4.730576670905250580e+02
2.820000000000000000e+02,1.329027257794167326e+03,8.991994889542909277e+02,4.170901503715807053e+02,4.375596630537678493e+02,4.743774443688186579e+02
2.830000000000000000e+02,1.333316741832271873e+03,9.025923038684476296e+02,4.185436122675830006e+02,4.390773073246503486e+02,4.756958222400385239e+02
2.840000000000000000e+02,1.337618479619805385e+03,9.059952388353445940e+02,4.199981229698865945e+02,4.406066680491212537e+02,4.770136886007973089e+02
2.850000000000000000e+02,1.341922638149098020e+03,9.094150387402100932e+02,4.214447683438374952e+02,4.421289214106444661e+02,4.783489483946157748e+02
2.860000000000000000e+02,1.346222600541972497e+03,9.128481758836172730e+02,4.228703610094110559e+02,4.436404385550426923e+02,4.797118009775187488e+02
2.870000000000000000e+02,1.350562426052173350e+03,9.163109795900951440e+02,4.243042378077150829e+02,4.451677546609109299e+02,4.810904335835473944e+02
2.880000000000000000e+02,1.354913750748387201e+03,9.197612071794461599e+02,4.257375708808343688e+02,4.466959447935299750e+02,4.824802350740225165e+02
2.890000000000000000e+02,1.359263976757455794e+03,9.231952136936670286e+02,4.271551215080527868e+02,4.482304574674964215e+02,4.838783977819064717e+02
2.900000000000000000e+02,1.363610672498706208e+03,9.266671026625837158e+02,4.285561814950071380e+02,4.497947794231282614e+02,4.852597115805705243e+02
2.910000000000000000e+02,1.367998360447171308e+03,9.301767720493985507e+02,4.299796321210936867e+02,4.513681759642199722e+02,4.866505523618576490e+02
2.920000000000000000e+02,1.372362956156713608e+03,9.336641884370445723e+02,4.314210544825644433e+02,4.529121419638334487e+02,4.880297597103155454e+02
2.930000000000000000e+02,1.376703738610082837e+03,9.370971068696503607e+02,4.328692144915342510e+02,4.544311594452681788e+02,4.894033646732803504e+02
2.940000000000000000e+02,1.381049285320563968e+03,9.405104034971787996e+02,4.343066184653043820e+02,4.559655185118161285e+02,4.907771483434435140e+02
2.950000000000000000e+02,1.385432230885673562e+03,9.439453112913057566e+02,4.357266335835453219e+02,4.575345071150250078e+02,4.921710901871030046e+02
2.960000000000000000e+02,1.389846116190163229e+03,9.473681581286939490e+02,4.371433639295711373e+02,4.591266563549925195e+02,4.935760959055996864e+02
2.970000000000000000e+02,1.394230904838337665e+03,9.507488103850380412e+02,4.385518300770402789e+02,4.607255264663912158e+02,4.949535482949063407e+02
2.980000000000000000e+02,1.398546064164312838e+03,9.540761168982272693e+02,4.399413758325412118e+02,4.623101317991260544e+02,4.962945565326455721e+02
2.990000000000000000e+02,1.402766897694648605e+03,9.573450270950559116e+02,4.413142905532578766e+02,4.638556351891384111e+02,4.975969719522520904e+02
3.000000000000000000e+02,1.406946643689509756e+03,9.605830873985340759e+02,4.426853197828744442e+02,4.653791485943709745e+02,4.988821753122642804e+02
3.010000000000000000e+02,1.411122246228386757e+03,9.638061731381751542e+02,4.440572592060734678e+02,4.669029521535371714e+02,5.001620348687764022e+02
3.020000000000000000e+02,1.415303307015825567e+03,9.670429554103865257e+02,4.454253080494202663e+02,4.684237392976243655e+02,5.014542596687809350e+02
3.030000000000000000e+02,1.419458327728360928e+03,9.702894986272272035e+02,4.467756012979372144e+02,4.699254775910494573e+02,5.027572488393743697e+02
3.040000000000000000e+02,1.423607486133412749e+03,9.735277865948521594e+02,4.481263879798101470e+02,4.714029562022013238e+02,5.040781419514011645e+02
3.050000000000000000e+02,1.427719052323048345e+03,9.767821544599759136e+02,4.494613211108192559e+02,4.728720390487525833e+02,5.053856921634766763e+02
3.060000000000000000e+02,1.431828671078675370e+03,9.800367395760073350e+02,4.508091402704211532e+02,4.743245483598842611e+02,5.066949824483695011e+02
3.070000000000000000e+02,1.435973385080052140e+03,9.833200180941661301e+02,4.521770754138059374e+02,4.757782905194164300e+02,5.080180191468299995e+02
3.080000000000000000e+02,1.440163553320662231e+03,9.865963801015366244e+02,4.535515178512879402e+02,4.772421187911450033e+02,5.093699166782295151e+02
3.090000000000000000e+02,1.444366269718203966e+03,9.898452528673552706e+02,4.549313638167581075e+02,4.787137925209048035e+02,5.107211133805412828e+02
3.100000000000000000e+02,1.448555420093439579e+03,9.930931205767566325e+02,4.563037289302211548e+02,4.801957604895604845e+02,5.120559306736580538e+02
3.110000000000000000e+02,1.452728087563521058e+03,9.963290328036297296e+02,4.576584367894099046e+02,4.816972674523356659e+02,5.133723833217754873e+02
3.120000000000000000e+02,1.456881977218556813e+03,9.995437832743085664e+02,4.589740065197989907e+02,4.832320793250554516e+02,5.146758913737024841e+02
3.130000000000000000e+02,1.461011933674747979e+03,1.002721284471959279e+03,4.602753297192163018e+02,4.847602314294474013e+02,5.159763725260843330e+02
3.140000000000000000e+02,1.465143383716078461e+03,1.005927026892619551e+03,4.616067208603607241e+02,4.862540359930970340e+02,5.172826268626205319e+02
3.150000000000000000e+02,1.469338352453856032e+03,1.009163206726506473e+03,4.629677729655182929e+02,4.877538883428753138e+02,5.186166911454620276e+02
3.160000000000000000e+02,1.473524258461387035e+03,1.012384246778549482e+03,4.643271951823741688e+02,4.892412765241325587e+02,5.199557867548803642e+02
3.170000000000000000e+02,1.477686825745563738e+03,1.015602614400050584e+03,4.657007661632371196e+02,4.907040485876629532e+02,5.212820109946635512e+02
3.180000000000000000e+02,1.481832300519448154e+03,1.018823884058009980e+03,4.670895728283095991e+02,4.921519402731279911e+02,5.225907874180104500e+02
3.190000000000000000e+02,1.485969329910641136e+03,1.022059102008955847e+03,4.684912797518568368e+02,4.935891259909514588e+02,5.238889241678330109e+02
3.200000000000000000e+02,1.490143533489973834e+03,1.025300451741933330e+03,4.698923070908711566e+02,4.950482772048914626e+02,5.252029491942108734e+02
3.210000000000000000e+02,1.494308580069740628e+03,1.028537681913782080e+03,4.712649668804672842e+02,4.964946556354940981e+02,5.265489575537791325e+02
3.220000000000000000e+02,1.498474381628755964e+03,1.031796605801220721e+03,4.726273538942456298e+02,4.979436743611595375e+02,5.279033533733509103e+02
3.230000000000000000e+02,1.502656308244846286e+03,1.035097852436393168e+03,4.740256042158891319e+02,4.993807214945339297e+02,5.292499825344234523e+02
3.240000000000000000e+02,1.506862833664185700e+03,1.038413845911809403e+03,4.754420813499370411e+02,5.008369412975176829e+02,5.305838110167308059e+02
3.250000000000000000e+02,1.511072333098674790e+03,1.041714712220754791e+03,4.768572026408229476e+02,5.023194299013313753e+02,5.318957005565205236e+02
3.260000000000000000e+02,1.515237846865808478e+03,1.044994606803243414e+03,4.782331588255389647e+02,5.038108893182551355e+02,5.331937987220140940e+02
3.270000000000000000e+02,1.519356095664170198e+03,1.048250799794116574e+03,4.795706551886480042e+02,5.053098751189808127e+02,5.344755653565417788e+02
3.280000000000000000e+02,1.523438974318492001e+03,1.051528262008258253e+03,4.808784418424382352e+02,5.068083881743334018e+02,5.357521443017205911e+02
3.290000000000000000e+02,1.527530600098965806e+03,1.054794777946318845e+03,4.822017202841894914e+02,5.083064029780075543e+02,5.370224768367684192e+02
3.300000000000000000e+02,1.531594535342546351e+03,1.058022612714534262e+03,4.835250234382149870e+02,5.097791490893394553e+02,5.382903628149921360e+02
3.310000000000000000e+02,1.535656416671474744e+03,1.061258936521729993e+03,4.848508135791030327e+02,5.112413470476693078e+02,5.395642560447026881e+02
3.320000000000000000e+02,1.539695819127205823e+03,1.064512594940434610e+03,4.861650151694909141e+02,5.126862047924274748e+02,5.408445991652876046e+02
3.330000000000000000e+02,1.543738923925212930e+03,1.067746150959573924e+03,4.874791752952468187e+02,5.141327100186231291e+02,5.421270386113434370e+02
3.340000000000000000e+02,1.547803391720310856e+03,1.070976738849874209e+03,4.888194060914203760e+02,5.155865305116036552e+02,5.433974551172867677e+02
3.350000000000000000e+02,1.551911060335717821e+03,1.074222071654909996e+03,4.901845938252909036e+02,5.170734866050388518e+02,5.446529799053884062e+02
3.360000000000000000e+02,1.556041062839547521e+03,1.077510699857146847e+03,4.915523297258670823e+02,5.185739201613190517e+02,5.459148129523612170e+02
3.370000000000000000e+02,1.560186349052400601e+03,1.080855110670691829e+03,4.929147056858129758e+02,5.200876164073844166e+02,5.471840269592031518e+02
3.380000000000000000e+02,1.564348321493546109e+03,1.084244769370784525e+03,4.942582150992254242e+02,5.216269366777682990e+02,5.484631697165522155e+02
3.390000000000000000e+02,1.568490133910672512e+03,1.087625365938204141e+03,4.955745345916213296e+02,5.231889135100527710e+02,5.497266858089984680e+02
3.400000000000000000e+02,1.572615100544887810e+03,1.090965523578353896e+03,4.968753100540232595e+02,5.247629551540534294e+02,5.509768353368112912e+02
3.410000000000000000e+02,1.576727892035641617e+03,1.094287841637885549e+03,4.981959928146396805e+02,5.263134831894180934e+02,5.522184160315839563e+02
3.420000000000000000e+02,1.580866140448035821e+03,1.097653095052684876e+03,4.995436831411960839e+02,5.278518582757351396e+02,5.534705990311051664e+02
3.430000000000000000e+02,1.585018264598289988e+03,1.101068028488161417e+03,5.009065346638084293e+02,5.293800196097096205e+02,5.547317103247720524e+02
3.440000000000000000e+02,1.589142408200364571e+03,1.104491074955451495e+03,5.022584578297468170e+02,5.308963944731476658e+02,5.559875558974704290e+02
3.450000000000000000e+02,1.593238082178251943e+03,1.107927268373593051e+03,5.035963657314583770e+02,5.324069423645862571e+02,5.572347740822073092e+02
3.460000000000000000e+02,1.597327024305025589e+03,1.111405399098490989e+03,5.049300859918391211e+02,5.339108389871158806e+02,5.584860993260706437e+02
3.470000000000000000e+02,1.601435685734444178e+03,1.114856606122995572e+03,5.062567551002290429e+02,5.354341643743221084e+02,5.597447662598931402e+02
3.480000000000000000e+02,1.605543066703359500e+03,1.118228737888011210e+03,5.075797346472878644e+02,5.369567985658967473e+02,5.610065334901750020e+02
3.490000000000000000e+02,1.609666349456603257e+03,1.121607298403371487e+03,5.089154540019634396e+02,5.384648943352649439e+02,5.622860011193748733e+02
3.500000000000000000e+02,1.613784192802402004e+03,1.125015782712599957e+03,5.102518197273871010e+02,5.399700938309067624e+02,5.635622792441083675e+02
3.510000000000000000e+02,1.617882884209477197e+03,1.128461534096527885e+03,5.115812906322827871e+02,5.414809819047675319e+02,5.648206116724265939e+02
3.520000000000000000e+02,1.621955900317267378e+03,1.131865793440206971e+03,5.129038759432316965e+02,5.429830483634407301e+02,5.660689760105946107e+02
3.530000000000000000e+02,1.626013469028044028e+03,1.135216043899929446e+03,5.142182572006112196e+02,5.444833437001592529e+02,5.673118681272733284e+02
3.540000000000000000e+02,1.630084591341161740e+03,1.138565000019998934e+03,5.155575768337827185e+02,5.459672903713583310e+02,5.685597241360206908e+02
3.550000000000000000e+02,1.634171981497822571e+03,1.141905604752128738e+03,5.169199049541402928e+02,5.474475345652696205e+02,5.698045419784131127e+02
3.560000000000000000e+02,1.638309975040920108e+03,1.145246554861366121e+03,5.182863663567430876e+02,5.489451131817043006e+02,5.710784955024730607e+02
3.570000000000000000e+02,1.642451139477473816e+03,1.148588246538569138e+03,5.196326100424824972e+02,5.504503374043990789e+02,5.723681920305917856e+02
3.580000000000000000e+02,1.646597829015870957e+03,1.151927464349612137e+03,5.209856263118997504e+02,5.519638891718623199e+02,5.736483135321086593e+02
3.590000000000000000e+02,1.650769113990295637e+03,1.155256615254434109e+03,5.223505894607961864e+02,5.534922787366308512e+02,5.749262457928685990e+02
3.600000000000000000e+02,1.654939298044392899e+03,1.158553069102896416e+03,5.237225469790336092e+02,5.550253046322314958e+02,5.761914464331277941e+02
3.610000000000000000e+02,1.659100763600857363e+03,1.161838287384157638e+03,5.250891686672732703e+02,5.565614481618337095e+02,5.774501467717500418e+02
3.620000000000000000e+02,1.663207081929631386e+03,1.165126083108095372e+03,5.264188699786769803e+02,5.580868390530956731e+02,5.787013728978585050e+02
3.630000000000000000e+02,1.667315450526134782e+03,1.168454126720847171e+03,5.277390841402203705e+02,5.596303659894643943e+02,5.799460003964500174e+02
3.640000000000000000e+02,1.671467432027665836e+03,1.171839104505450905e+03,5.290808425563147921e+02,5.612029516092763970e+02,5.811836378620747610e+02
3.650000000000000000e+02,1.675663752365167511e+03,1.175227801808002596e+03,5.304613230039224163e+02,5.627944008339691209e+02,5.824080285272757465e+02
3.660000000000000000e+02,1.679838628131582936e+03,1.178589432032171317e+03,5.318505808226476574e+02,5.643761732025917581e+02,5.836118741063434072e+02
3.670000000000000000e+02,1.683982918669900073e+03,1.181927053179480026e+03,5.332201932104705975e+02,5.659537560675349823e+02,5.848089693918943794e+02
3.680000000000000000e+02,1.688090962237005442e+03,1.185256158484908838e+03,5.345590427870999974e+02,5.675174696370689844e+02,5.860144498128361192e+02
3.690000000000000000e+02,1.692135794478402659e+03,1.188561879071860631e+03,5.358829572211528784e+02,5.690651428660734155e+02,5.871876943911761373e+02
3.700000000000000000e+02,1.696130811616043502e+03,1.191867557193070297e+03,5.371810137783411392e+02,5.705971500629120783e+02,5.883526477747898298e+02
3.710000000000000000e+02,1.700171431175069301e+03,1.195203612284726887e+03,5.384661677766378034e+02,5.721539546753856484e+02,5.895513087230458495e+02
3.720000000000000000e+02,1.704268382909091770e+03,1.198580461538591862e+03,5.397837820109207314e+02,5.737333730725728174e+02,5.907512278255986757e+02
3.730000000000000000e+02,1.708415757643727829e+03,1.201954579710361941e+03,5.411275606592998884e+02,5.753250426612805768e+02,5.919631543231474780e+02
3.740000000000000000e+02,1.712594252559606048e+03,1.205318564357535251e+03,5.424790912853417240e+02,5.769387071568419287e+02,5.931764541174219403e+02
3.750000000000000000e+02,1.716788417428233060e+03,1.208708808409609219e+03,5.438185206066526689e+02,5.785689067129487739e+02,5.944009901086317313e+02
3.760000000000000000e+02,1.721013137003993279e+03,1.212116087619969676e+03,5.451625416153663082e+02,5.802086798374346017e+02,5.956419155511923691e+02
3.770000000000000000e+02,1.725243835744888884e+03,1.215522153902434411e+03,5.465062210502908329e+02,5.818825292046833511e+02,5.968550854899146998e+02
3.780000000000000000e+02,1.729484382631103017e+03,1.218946382509404430e+03,5.478444199789466893e+02,5.835643570350205209e+02,5.980756056171355795e+02
3.790000000000000000e+02,1.733712919071405167e+03,1.222382478222166128e+03,5.491707339382326154e+02,5.852460984882693538e+02,5.992960866449034256e+02
3.800000000000000000e+02,1.737898669113867527e+03,1.225834884558699287e+03,5.504779087512361002e+02,5.869107771469047066e+02,6.005099832157267201e+02
3.810000000000000000e+02,1.742061460128912131e+03,1.229280629438746473e+03,5.517643831713023701e+02,5.885720703510987732e+02,6.017250066065109877e+02
3.820000000000000000e+02,1.746195598661257918e+03,1.232703278843277758e+03,5.530424588409190392e+02,5.902128703983578362e+02,6.029402694219809291e+02
3.830000000000000000e+02,1.750303524494027897e+03,1.236087189744949228e+03,5.543236753632476166e+02,5.918339423998635311e+02,6.041459067309166358e+02
3.840000000000000000e+02,1.754396193101481913e+03,1.239452190374240217e+03,5.556161872698324942e+02,5.934577198874889064e+02,6.053222859441601713e+02
3.850000000000000000e+02,1.758498839343956888e+03,1.242798850776231575e+03,5.569268130974043061e+02,5.950923557548956069e+02,6.064796704916573162e+02
3.860000000000000000e+02,1.762612917565434600e+03,1.246144656247562807e+03,5.582384712789605601e+02,5.967455388898837327e+02,6.076289073965901935e+02
3.870000000000000000e+02,1.766710600634897901e+03,1.249482527257356196e+03,5.595417147811160703e+02,5.983901656932964670e+02,6.087787201604854772e+02
3.880000000000000000e+02,1.770800383762819138e+03,1.252816323969665291e+03,5.608416238433422905e+02,6.000312962114979882e+02,6.099274637079789727e+02
3.890000000000000000e+02,1.774909333833211804e+03,1.256152678871598710e+03,5.621377348115308905e+02,6.016904164355033799e+02,6.110811825861774196e+02
3.900000000000000000e+02,1.779061420911004006e+03,1.259513938765268676e+03,5.634358301931008555e+02,6.033663592688571953e+02,6.122592314490466379e+02
3.910000000000000000e+02,1.783184753475874913e+03,1.262883465222781297e+03,5.647237536784864460e+02,6.050318248460968107e+02,6.134291749512915430e+02
3.920000000000000000e+02,1.787317702393509080e+03,1.266273684299764909e+03,5.660239770901075644e+02,6.066882671516133314e+02,6.146054581517888664e+02
3.930000000000000000e+02,1.791464175581585323e+03,1.269632602252899687e+03,5.673474553444279991e+02,6.083581273610423068e+02,6.157585928761151308e+02
3.940000000000000000e+02,1.795607701017319869e+03,1.272949974738636229e+03,5.686773832790393044e+02,6.100392023289614372e+02,6.168911154093193545e+02
3.950000000000000000e+02,1.799709169577544571e+03,1.276279862076908785e+03,5.699877248977029467e+02,6.117337017153905663e+02,6.179877429644512858e+02
3.960000000000000000e+02,1.803789523973791347e+03,1.279578285592468092e+03,5.712962270967703944e+02,6.134312976605231142e+02,6.190619992164977248e+02
3.970000000000000000e+02,1.807868493516010858e+03,1.282855039058410512e+03,5.726311744857209760e+02,6.151213601572413836e+02,6.201159588730482710e+02
3.980000000000000000e+02,1.811940880527851505e+03,1.286121217421846950e+03,5.739660346364343013e+02,6.167983648345370966e+02,6.211764810568795383e+02
3.990000000000000000e+02,1.815949575885057129e+03,1.289328352486550102e+03,5.752635700597688810e+02,6.184639492147432520e+02,6.222220566105449961e+02
4.000000000000000000e+02,1.819903617767584819e+03,1.292507898391186018e+03,5.765369197976873465e+02,6.201130364356592963e+02,6.232536615342378354e+02
4.010000000000000000e+02,1.823826907471395771e+03,1.295664640165702622e+03,5.778130373408065452e+02,6.217502764656625232e+02,6.242635936649269297e+02
4.020000000000000000e+02,1.827760828348306632e+03,1.298835348057027204e+03,5.790787614407619230e+02,6.233973168280714390e+02,6.252847500794734970e+02
4.030000000000000000e+02,1.831735340895219679e+03,1.302014899483520139e+03,5.803599318259292659e+02,6.250534634008602097e+02,6.263219456684306579e+02
4.040000000000000000e+02,1.835745892284793172e+03,1.305220575291242994e+03,5.816589593745160300e+02,6.267092912990199238e+02,6.273776416112571042e+02
4.050000000000000000e+02,1.839734471028813914e+03,1.308459140295616407e+03,5.829475639372807336e+02,6.283599977686775446e+02,6.284269093228557495e+02
4.060000000000000000e+02,1.843736355328179343e+03,1.311761366537281901e+03,5.842265421641869807e+02,6.300153903916489071e+02,6.294944227723435688e+02
4.070000000000000000e+02,1.847786175981132374e+03,1.315110450429554930e+03,5.855388472841642624e+02,6.316804670358363865e+02,6.305668616611317248e+02
4.080000000000000000e+02,1.851858783241391166e+03,1.318474785877392605e+03,5.868667747938912953e+02,6.333423003009191916e+02,6.316497081465806787e+02
4.090000000000000000e+02,1.855970732855409096e+03,1.321843364767520598e+03,5.882262974904994053e+02,6.350219038489495915e+02,6.327225315159600996e+02
4.100000000000000000e+02,1.860030197225428537e+03,1.325171725058549100e+03,5.895616048517682657e+02,6.366795035123135449e+02,6.337890888613468405e+02
4.110000000000000000e+02,1.864012300658991080e+03,1.328478375952200849e+03,5.908616225557362895e+02,6.383174964808487175e+02,6.348331816224061868e+02
4.120000000000000000e+02,1.867988506879453098e+03,1.331824161061965469e+03,5.921619625465266381e+02,6.399461744932241345e+02,6.358803698397025528e+02
4.130000000000000000e+02,1.872007817191836921e+03,1.335203589405906996e+03,5.934823442396000246e+02,6.415943394526404973e+02,6.369311334995959442e+02
4.140000000000000000e+02,1.876044259304420166e+03,1.338579827886227804e+03,5.948264262561863234e+02,6.432465140854197898e+02,6.379713189628138252e+02
4.150000000000000000e+02,1.880055634129135342e+03,1.341906663636788608e+03,5.961872024988498424e+02,6.448690223749171082e+02,6.389994092553682776e+02
4.160000000000000000e+02,1.884039046620574936e+03,1.345230695565619726e+03,5.975595853145142655e+02,6.464582975140525605e+02,6.400211637920082239e+02
4.170000000000000000e+02,1.887997070817880285e+03,1.348539039776832169e+03,5.989216355679081971e+02,6.480417129117053037e+02,6.410337223382667844e+02
4.180000000000000000e+02,1.891967175529060796e+03,1.351848983724392610e+03,6.002782322193218079e+02,6.496311540134195184e+02,6.420577892963191289e+02
4.190000000000000000e+02,1.895936982778456468e+03,1.355169809119895717e+03,6.016293167279787895e+02,6.512282941284717026e+02,6.430793719220062030e+02
4.200000000000000000e+02,1.899888846963408241e+03,1.358500077752121342e+03,6.029752307789485712e+02,6.528116245164540032e+02,6.441019916680058941e+02
4.210000000000000000e+02,1.903826536122316156e+03,1.361793679694138746e+03,6.043177455898502330e+02,6.543720771848386448e+02,6.451367133476270510e+02
4.220000000000000000e+02,1.907758420345233390e+03,1.365035576240689579e+03,6.056714289448921136e+02,6.559097766632120283e+02,6.461772147371291339e+02
4.230000000000000000e+02,1.911644451185085927e+03,1.368270278394556499e+03,6.070285458963874134e+02,6.574065217203528846e+02,6.472093835683455154e+02
4.240000000000000000e+02,1.915539708053164304e+03,1.371538455589671230e+03,6.083778592036777582e+02,6.589176092017771680e+02,6.482442396477096054e+02
4.250000000000000000e+02,1.919448579318525617e+03,1.374810316895254118e+03,6.097115365278119725e+02,6.604672371200040288e+02,6.492698056707093883e+02
4.260000000000000000e+02,1.923399125877991082e+03,1.378117117604506348e+03,6.110502510841221238e+02,6.620566949511974144e+02,6.502921798426721125e+02
4.270000000000000000e+02,1.927417483452771648e+03,1.381505036259739200e+03,6.124035275783236330e+02,6.636649387178106281e+02,6.513490171566373874e+02
4.280000000000000000e+02,1.931467581457160577e+03,1.384977582015917960e+03,6.137495368474822044e+02,6.652873830211483437e+02,6.524306615885294605e+02
4.290000000000000000e+02,1.935513671173553348e+03,1.388437457905474275e+03,6.150855093408987386e+02,6.669053162267816788e+02,6.535228456058731581e+02
4.300000000000000000e+02,1.939530881136386142e+03,1.391864206564174083e+03,6.164127462397776753e+02,6.685107327118105331e+02,6.546074021847980475e+02
4.310000000000000000e+02,1.943475164588255893e+03,1.395265756878127831e+03,6.177203728558267812e+02,6.700861800578525163e+02,6.556686116745764821e+02
4.320000000000000000e+02,1.947383331069545193e+03,1.398670838931147046e+03,6.190422293050274902e+02,6.716350379441209952e+02,6.567060638203972758e+02
4.330000000000000000e+02,1.951280236135937230e+03,1.402092871146835023e+03,6.203776048370349372e+02,6.731643198430186885e+02,6.577383114558834905e+02
4.340000000000000000e+02,1.955170165526886876e+03,1.405457514990142954e+03,6.217155641411394527e+02,6.746852040115408045e+02,6.587693973742065054e+02
4.350000000000000000e+02,1.959064105143251481e+03,1.408783740559636954e+03,6.230608370481483007e+02,6.761989494287199705e+02,6.598043186663829829e+02
4.360000000000000000e+02,1.962979321506325959e+03,1.412118259983656799e+03,6.244233296597406024e+02,6.777196934332127967e+02,6.608362984133721056e+02
4.370000000000000000e+02,1.966918538295038161e+03,1.415511145928018095e+03,6.258016660026602267e+02,6.792394083862965317e+02,6.618774639060816298e+02
4.380000000000000000e+02,1.970880436201293151e+03,1.418925103225055636e+03,6.271816433342986556e+02,6.807460316728218004e+02,6.629527611941726946e+02
4.390000000000000000e+02,1.974886989572672974e+03,1.422355848701868354e+03,6.285709384307090204e+02,6.822657718465918606e+02,6.640502792953723201e+02
4.400000000000000000e+02,1.978908283401928202e+03,1.425772830389661976e+03,6.299495271825063583e+02,6.838057729864747216e+02,6.651529832329471219e+02
4.410000000000000000e+02,1.982889488967249008e+03,1.429123969678272942e+03,6.313301597645547645e+02,6.853421693637108092e+02,6.662171598389834344e+02
4.420000000000000000e+02,1.986802771246098473e+03,1.432423273906839540e+03,6.327085166062947792e+02,6.868577900932136799e+02,6.672364645465897866e+02
4.430000000000000000e+02,1.990672854414526910e+03,1.435720120817599309e+03,6.340838068741222742e+02,6.883738316095583514e+02,6.682152159308461705e+02
4.440000000000000000e+02,1.994526068293929711e+03,1.439032960744113780e+03,6.354391411556607636e+02,6.899110224239136642e+02,6.691759047143547150e+02
4.450000000000000000e+02,1.998353918789317731e+03,1.442307255219058561e+03,6.367824739226119846e+02,6.914515340134825010e+02,6.701199108532230184e+02
4.460000000000000000e+02,2.002208526973106245e+03,1.445584122643701448e+03,6.381381755619249816e+02,6.929962493886962420e+02,6.710741020224850217e+02
4.470000000000000000e+02,2.006078882093475841e+03,1.448864252558175622e+03,6.394891321668616229e+02,6.945561586635406002e+02,6.720335912630738449e+02
4.480000000000000000e+02,2.009918316062138274e+03,1.452139393421907243e+03,6.408200429279455648e+02,6.961386538024821675e+02,6.729596193317106554e+02
4.490000000000000000e+02,2.013750949514399281e+03,1.455419853796792495e+03,6.421506762401760398e+02,6.977279844142207139e+02,6.738722888600029819e+02
4.500000000000000000e+02,2.017567675270720429e+03,1.458713194460789737e+03,6.434684330094172537e+02,6.993042652402388057e+02,6.747949770210641418e+02
4.510000000000000000e+02,2.021362934118093108e+03,1.462005846846613849e+03,6.447716084294972916e+02,7.008625975006374347e+02,6.757287281879584953e+02
4.520000000000000000e+02,2.025117181075880126e+03,1.465266149745999883e+03,6.460567226968427121e+02,7.024040410146233171e+02,6.766564173644140965e+02
4.530000000000000000e+02,2.028888849830874733e+03,1.468521802796221891e+03,6.473482216724091813e+02,7.039371557263664272e+02,6.776034724320994655e+02
4.540000000000000000e+02,2.032720978875506944e+03,1.471801140244815315e+03,6.486474633676230042e+02,7.054857246736083880e+02,6.785877908342756655e+02
4.550000000000000000e+02,2.036558487652047916e+03,1.475079751383930216e+03,6.499328533979413578e+02,7.070603418791870354e+02,6.795652923749197498e+02
4.560000000000000000e+02,2.040389084974415937e+03,1.478330377727795849e+03,6.512098822641528386e+02,7.086548245636366801e+02,6.805243781466258497e+02
4.570000000000000000e+02,2.044216708615355401e+03,1.481595132347508979e+03,6.524809216875513584e+02,7.102578209434948349e+02,6.814779659843089803e+02
4.580000000000000000e+02,2.048066009115114412e+03,1.484900316229746522e+03,6.537634935271858012e+02,7.118604963187443673e+02,6.824420192691843567e+02
4.590000000000000000e+02,2.051910743898202782e+03,1.488220909069218578e+03,6.550482746579036757e+02,7.134479551830866058e+02,6.834145140572125001e+02
4.600000000000000000e+02,2.055753470834266409e+03,1.491563370634452440e+03,6.563143719745443150e+02,7.150333856006111546e+02,6.844057132591112804e+02
4.610000000000000000e+02,2.059575925026548248e+03,1.494858323090836393e+03,6.575450713922557497e+02,7.166172393466747508e+02,6.854136142876175199e+02
4.620000000000000000e+02,2.063367696989607794e+03,1.498153192200115654e+03,6.587579501143770813e+02,7.182257968349967996e+02,6.863839500402336853e+02
4.630000000000000000e+02,2.067145589687573192e+03,1.501461241781254785e+03,6.599539145605092472e+02,7.198566903781653536e+02,6.873349847488985915e+02
4.640000000000000000e+02,2.070963380950729970e+03,1.504778261182618962e+03,6.611399846542233263e+02,7.215028831655417889e+02,6.883205131309648550e+02
4.650000000000000000e+02,2.074795744120779091e+03,1.508064464712856989e+03,6.623358801213817060e+02,7.231331952673656360e+02,6.893266687320319761e+02
4.660000000000000000e+02,2.078603540978950150e+03,1.511307868713635116e+03,6.635342827806216519e+02,7.247423857494935646e+02,6.903268724488349335e+02
4.670000000000000000e+02,2.082393425168848353e+03,1.514523085329244168e+03,6.647133776783354051e+02,7.263555397733555310e+02,6.913245077171573030e+02
4.680000000000000000e+02,2.086196972172092501e+03,1.517726266606761783e+03,6.658578344893867325e+02,7.280072005536974302e+02,6.923319371290078834e+02
4.690000000000000000e+02,2.090022056882042762e+03,1.520927802368405764e+03,6.669860632372424334e+02,7.296945974531930688e+02,6.933413961916064636e+02
4.700000000000000000e+02,2.093853165172723038e+03,1.524103110023253294e+03,6.681108628493973356e+02,7.314084041808957863e+02,6.943338981424292342e+02
4.710000000000000000e+02,2.097652939309373323e+03,1.527252522501760041e+03,6.692292634224135099e+02,7.331010510723792777e+02,6.953226248145805357e+02
4.720000000000000000e+02,2.101437047135695138e+03,1.530418866591172673e+03,6.703469438890766696e+02,7.347865011921023779e+02,6.963036020545166593e+02
4.730000000000000000e+02,2.105222519651112634e+03,1.533591840764125209e+03,6.714754661092076731e+02,7.364881208304634583e+02,6.972589327114415028e+02
4.740000000000000000e+02,2.109011000848137428e+03,1.536771013472856566e+03,6.726182155903056810e+02,7.381808274901720779e+02,6.982119577676594417e+02
4.750000000000000000e+02,2.112799018155389604e+03,1.539970385136290815e+03,6.737646255519730403e+02,7.398702287128206763e+02,6.991641638905961145e+02
4.760000000000000000e+02,2.116653914521099978e+03,1.543195849986761914e+03,6.749414800238648695e+02,7.415927811132819443e+02,7.001196533839527092e+02
4.770000000000000000e+02,2.120550232223437888e+03,1.546454892795133674e+03,6.761218770642487925e+02,7.433362332485291972e+02,7.010921219106596709e+02
4.780000000000000000e+02,2.124460288331194988e+03,1.549718963946872009e+03,6.772851551303233464e+02,7.451077931831626984e+02,7.020673400177089434e+02
4.790000000000000000e+02,2.128361959256455066e+03,1.552967963028000213e+03,6.784359251634986094e+02,7.468898270522396388e+02,7.030362070407170449e+02
4.800000000000000000e+02,2.132232687157310465e+03,1.556206781436452275e+03,6.795690795957277714e+02,7.486712588014721632e+02,7.039923487601106444e+02
4.810000000000000000e+02,2.136078565365823579e+03,1.559476144632141768e+03,6.806981379574624498e+02,7.504423605338245125e+02,7.049380668745370713e+02
4.820000000000000000e+02,2.139938193735282766e+03,1.562790881580011728e+03,6.818287927910653252e+02,7.522029492293853536e+02,7.059064517148324285e+02
4.830000000000000000e+02,2.143779810668783739e+03,1.566077197404084245e+03,6.829549387909644338e+02,7.539382677290001311e+02,7.068866041488200835e+02
4.840000000000000000e+02,2.147599535409924556e+03,1.569314735239699758e+03,6.840761329669397810e+02,7.556693949830583961e+02,7.078540074599263789e+02
4.850000000000000000e+02,2.151391585008720540e+03,1.572562724791392156e+03,6.851898514976295473e+02,7.573930929797299996e+02,7.088086405313616751e+02
4.860000000000000000e+02,2.155208534147120190e+03,1.575826516766051327e+03,6.863321048085538223e+02,7.591342073820404721e+02,7.097422219565257819e+02
4.870000000000000000e+02,2.159116805316595674e+03,1.579106320660855090e+03,6.875153137315352296e+02,7.609211166353289855e+02,7.106803749497317995e+02
4.880000000000000000e+02,2.163065007754282306e+03,1.582402246613854004e+03,6.887066748961757412e+02,7.627371651365582466e+02,7.116211677215486588e+02
4.890000000000000000e+02,2.167014461236357420e+03,1.585707060836037272e+03,6.898792259406782250e+02,7.645551434500764572e+02,7.125800918456033060e+02
4.900000000000000000e+02,2.170963458340874240e+03,1.589002916694181067e+03,6.910354727681918803e+02,7.663713240698240270e+02,7.135566615028590149e+02
4.910000000000000000e+02,2.174928673877077017e+03,1.592295436206689374e+03,6.922084850195813033e+02,7.681703656489380592e+02,7.145498232085579957e+02
4.920000000000000000e+02,2.178951223125594879e+03,1.595579368479649474e+03,6.934060887132654898e+02,7.699703386498873670e+02,7.155747957624421360e+02
4.930000000000000000e+02,2.182975476043169692e+03,1.598887063816712498e+03,6.945881628956725535e+02,7.717675927500961279e+02,7.166197203974010108e+02
4.940000000000000000e+02,2.186966106249067252e+03,1.602154324875863949e+03,6.957555992527687749e+02,7.735674816009611732e+02,7.176430253953373040e+02
4.950000000000000000e+02,2.190949791987931349e+03,1.605381226487091681e+03,6.969262913170427964e+02,7.753676001537808133e+02,7.186559005171083072e+02
4.960000000000000000e+02,2.194926725432643252e+03,1.608616777081869486e+03,6.980839939230653499e+02,7.771825110779319630e+02,7.196602204316463940e+02
4.970000000000000000e+02,2.198889532780228819e+03,1.611900981831855006e+03,6.992205883408378213e+02,7.789955911423763837e+02,7.206733532970145006e+02
4.980000000000000000e+02,2.202837779038731242e+03,1.615187681484327868e+03,7.003455651336953451e+02,7.808143850896287859e+02,7.216778288154064285e+02
4.990000000000000000e+02,2.206777726372217785e+03,1.618468821427700732e+03,7.014683089733514407e+02,7.826403477846585020e+02,7.226690696142078423e+02
5.000000000000000000e+02,2.210743867088987827e+03,1.621748623466181698e+03,7.026300145901677752e+02,7.844632088586599821e+02,7.236506436401601832e+02
5.010000000000000000e+02,2.214744350862119518e+03,1.625006035993974592e+03,7.038001717394503203e+02,7.862887617176378399e+02,7.246554174050313577e+02
5.020000000000000000e+02,2.218765718202260814e+03,1.628205299704627350e+03,7.049843211970032826e+02,7.881108718393205663e+02,7.256705251659367377e+02
5.030000000000000000e+02,2.222741038521713108e+03,1.631404991519694931e+03,7.061611163951199615e+02,7.899084516748465603e+02,7.266714704517465861e+02
5.040000000000000000e+02,2.226662128410837795e+03,1.634625724633457367e+03,7.073286568022392657e+02,7.916720665807764590e+02,7.276614050278224113e+02
5.050000000000000000e+02,2.230605983057137564e+03,1.637833563987481739e+03,7.085059258955996029e+02,7.934469097618776914e+02,7.286531473996599289e+02
5.060000000000000000e+02,2.234550017165493955e+03,1.641035334926953965e+03,7.097008734132092513e+02,7.952168727611928034e+02,7.296322709910917865e+02
5.070000000000000000e+02,2.238518802424079240e+03,1.644262998759375478e+03,7.108911927599552882e+02,7.970099515946037627e+02,7.306176580695203029e+02
5.080000000000000000e+02,2.242520501286963281e+03,1.647529880635079053e+03,7.120756927190269607e+02,7.988238524490687951e+02,7.316209561188675252e+02
5.090000000000000000e+02,2.246518597663121000e+03,1.650761584272959908e+03,7.132450251869233853e+02,8.006499708433373144e+02,7.326236016328601863e+02
5.100000000000000000e+02,2.250509318617152076e+03,1.653917999492533909e+03,7.143953362446907249e+02,8.024871719624732123e+02,7.336268104099883658e+02
5.110000000000000000e+02,2.254481760289000249e+03,1.657031190423486350e+03,7.155367274118138994e+02,8.043129450065404171e+02,7.346320878706458188e+02
5.120000000000000000e+02,2.258445246125530502e+03,1.660145163945393051e+03,7.166890688534980427e+02,8.061164168894077875e+02,7.356397603826241038e+02
5.130000000000000000e+02,2.262391622959401502e+03,1.663236290262903822e+03,7.178507531447378369e+02,8.079124518989520993e+02,7.366284179157112249e+02
5.140000000000000000e+02,2.266327809500712647e+03,1.666318392462166912e+03,7.190038624280571184e+02,8.096884899126574737e+02,7.376354571599983956e+02
5.150000000000000000e+02,2.270246652711715342e+03,1.669402792573924444e+03,7.201715801014181579e+02,8.114251344569692037e+02,7.386499381533283213e+02
5.160000000000000000e+02,2.274131474732751030e+03,1.672472340386354517e+03,7.213258475020205651e+02,8.131710643023237708e+02,7.396345629284069219e+02
5.170000000000000000e+02,2.278023486551410770e+03,1.675520310450875741e+03,7.224769047656581051e+02,8.149381213648805442e+02,7.406084604208723476e+02
5.180000000000000000e+02,2.281900933824664207e+03,1.678535174060120426e+03,7.236207724876076099e+02,8.167116816247328188e+02,7.415684797123237786e+02
5.190000000000000000e+02,2.285792304947803132e+03,1.681577841402335935e+03,7.247519990482976482e+02,8.185025268297274579e+02,7.425377790697779119e+02
5.200000000000000000e+02,2.289739799515527011e+03,1.684644987644389857e+03,7.258986656223913769e+02,8.203143295207689789e+02,7.435268043723662004e+02
5.210000000000000000e+02,2.293727202749329990e+03,1.687727968967983543e+03,7.270447150257980411e+02,8.221455323679987259e+02,7.445369553555331095e+02
5.220000000000000000e+02,2.297741392936559805e+03,1.690854962777303399e+03,7.281871000003509380e+02,8.240016873320422519e+02,7.455526056041665015e+02
5.230000000000000000e+02,2.301753877677984747e+03,1.693974014785448389e+03,7.293267131330969733e+02,8.258680045809693411e+02,7.465591599639190008e+02
5.240000000000000000e+02,2.305730687628384658e+03,1.697100500528234534e+03,7.304571213919855381e+02,8.277104059851550346e+02,7.475631602512441987e+02
5.250000000000000000e+02,2.309656307651909628e+03,1.700255223018222750e+03,7.315678163217410201e+02,8.295322202899020567e+02,7.485562710402659832e+02
5.260000000000000000e+02,2.313556018054259312e+03,1.703395217140367549e+03,7.326983118731817513e+02,8.313255579176708352e+02,7.495321482634064978e+02
5.270000000000000000e+02,2.317462235850611250e+03,1.706515912833358925e+03,7.338363726943423444e+02,8.331253700329322101e+02,7.505004931233365824e+02
5.280000000000000000e+02,2.321387938723944444e+03,1.709603122822167961e+03,7.349601411743300332e+02,8.349573169938194042e+02,7.514704805557946656e+02
5.290000000000000000e+02,2.325300064601022768e+03,1.712678369169391772e+03,7.360647000996744964e+02,8.367980783163127398e+02,7.524372861850351910e+02
5.300000000000000000e+02,2.329181081965972680e+03,1.715763107032317293e+03,7.371514029447826033e+02,8.386168318561070691e+02,7.534128471650828942e+02
5.310000000000000000e+02,2.333105430657220950e+03,1.718894408664841421e+03,7.382471527587686069e+02,8.404430687303517971e+02,7.544152091681003185e+02
5.320000000000000000e+02,2.337067561075442882e+03,1.722050075518639233e+03,7.393676397022748006e+02,8.422705921292894118e+02,7.554293292438784420e+02
5.330000000000000000e+02,2.340991964514876145e+03,1.725228277627655189e+03,7.405047646843446500e+02,8.440835490882711838e+02,7.564036507422603108e+02
5.340000000000000000e+02,2.344912000323725806e+03,1.728405181931973857e+03,7.416664177478129432e+02,8.458882931507407648e+02,7.573572894251717571e+02
5.350000000000000000e+02,2.348835792286160540e+03,1.731560398955272149e+03,7.428376051881449484e+02,8.476953936408739310e+02,7.583027934571415472e+02
5.360000000000000000e+02,2.352747661636441990e+03,1.734692243189032069e+03,7.439995905770504123e+02,8.494927372186609773e+02,7.592553338407303727e+02
5.370000000000000000e+02,2.356637567314010539e+03,1.737828571561020453e+03,7.451452234225811253e+02,8.512795807981967755e+02,7.602127630932326383e+02
5.380000000000000000e+02,2.360496441378803411e+03,1.740957195597042073e+03,7.462411596167011112e+02,8.530916666336604521e+02,7.611636151284421885e+02
5.390000000000000000e+02,2.364341143937857851e+03,1.744041475487528714e+03,7.473006716177854969e+02,8.549232883354312662e+02,7.621171839846413150e+02
5.400000000000000000e+02,2.368184656042449205e+03,1.747114789389517000e+03,7.483490378101489569e+02,8.567844291295257335e+02,7.630511891027745150e+02
5.410000000000000000e+02,2.372039991679747800e+03,1.750210921587385428e+03,7.493994037869538261e+02,8.586563469851859054e+02,7.639842409076077274e+02
5.420000000000000000e+02,2.375892710428126065e+03,1.753327813454217221e+03,7.504762409708437190e+02,8.604944651487694500e+02,7.649220043085127827e+02
5.430000000000000000e+02,2.379759428921296603e+03,1.756476783624744485e+03,7.515464881230633409e+02,8.623305330749293489e+02,7.658824077233034586e+02
5.440000000000000000e+02,2.383629939858129546e+03,1.759599567595670806e+03,7.526040482640142955e+02,8.641900719785423917e+02,7.668358196155734277e+02
5.450000000000000000e+02,2.387465566865515484e+03,1.762725275062713763e+03,7.536462801419853577e+02,8.660498932356346131e+02,7.677693934878956270e+02
5.460000000000000000e+02,2.391316670763141701e+03,1.765891478351146588e+03,7.547000736170687105e+02,8.679005544328208543e+02,7.687160427132517952e+02
5.470000000000000000e+02,2.395185120935190753e+03,1.769086194331074012e+03,7.557690753458408608e+02,8.697306373981643901e+02,7.696854081911858430e+02
5.480000000000000000e+02,2.399087107137102066e+03,1.772311465879085063e+03,7.568500097038750027e+02,8.715716162353468235e+02,7.706654811978805810e+02
5.490000000000000000e+02,2.403018069263127018e+03,1.775561571676264748e+03,7.579383449943952655e+02,8.734351333612643202e+02,7.716445909074680003e+02
5.500000000000000000e+02,2.406913121124443933e+03,1.778826654878391992e+03,7.590111751778753160e+02,8.752926858438568161e+02,7.726092601027118008e+02
5.510000000000000000e+02,2.410774244909516710e+03,1.782075886201884259e+03,7.600444341892093689e+02,8.771558576079063414e+02,7.735739531124006589e+02
5.520000000000000000e+02,2.414606075268276072e+03,1.785303758902165328e+03,7.610414010412869175e+02,8.790415221904534064e+02,7.745231520365358620e+02
5.530000000000000000e+02,2.418416715665794072e+03,1.788511884513879295e+03,7.620126499330639263e+02,8.809314747196610824e+02,7.754725910130688362e+02
5.540000000000000000e+02,2.422221228987484665e+03,1.791734278705667066e+03,7.629784970124206893e+02,8.828136535182991338e+02,7.764290784567646142e+02
5.550000000000000000e+02,2.426031349426491488e+03,1.794884266157647971e+03,7.639531898064966526e+02,8.846813180314147758e+02,7.773968415885804006e+02
5.560000000000000000e+02,2.429883325362566666e+03,1.797975805646281515e+03,7.649432222964347829e+02,8.865493415327822504e+02,7.783907615333495187e+02
5.570000000000000000e+02,2.433715884188043674e+03,1.801056421060787898e+03,7.659450836719655626e+02,8.884059678460837404e+02,7.793648326699939162e+02
5.580000000000000000e+02,2.437514458389218817e+03,1.804148236296540290e+03,7.669383537709961729e+02,8.902670005174441030e+02,7.803091041007791091e+02
5.590000000000000000e+02,2.441290402075536804e+03,1.807229791646748481e+03,7.679287969133811202e+02,8.921358422857498454e+02,7.812257628764057245e+02
5.600000000000000000e+02,2.445016353218447875e+03,1.810292963032074113e+03,7.689067375699722788e+02,8.939994746066656717e+02,7.821101410418106070e+02
5.610000000000000000e+02,2.448724258554497737e+03,1.813368226567363763e+03,7.698828557204427625e+02,8.958664978732346071e+02,7.829749049608207088e+02
5.620000000000000000e+02,2.452427391231885395e+03,1.816445863788861971e+03,7.708517319393619118e+02,8.977328950392557090e+02,7.838427642532682285e+02
5.630000000000000000e+02,2.456113475957911760e+03,1.819565385760417030e+03,7.718157200911647351e+02,8.995973333578820075e+02,7.847004225088647900e+02
5.640000000000000000e+02,2.459820167471606510e+03,1.822685324917090838e+03,7.727871743249181691e+02,9.014717869178035698e+02,7.855612062288851121e+02
5.650000000000000000e+02,2.463568574077582980e+03,1.825823981461026960e+03,7.737528329684676009e+02,9.033772997170942745e+02,7.864384413920207635e+02
5.660000000000000000e+02,2.467348318506293253e+03,1.828970057495149604e+03,7.747249418487479034e+02,9.053035053168962349e+02,7.873198713406502520e+02
5.670000000000000000e+02,2.471131030030496731e+03,1.832109036929187823e+03,7.757127337888280181e+02,9.072411948360750102e+02,7.881771014055938167e+02
5.680000000000000000e+02,2.474906701291339232e+03,1.835208821540997633e+03,7.767122938489083026e+02,9.091853053985281576e+02,7.890091020439026579e+02
5.690000000000000000e+02,2.478701991192647711e+03,1.838301450473215482e+03,7.777213026112053740e+02,9.111361162574318087e+02,7.898445723240103007e+02
5.700000000000000000e+02,2.482509949252837941e+03,1.841422181920770072e+03,7.787390518255954248e+02,9.130745578172376327e+02,7.906963396100053387e+02
5.710000000000000000e+02,2.486320403263521257e+03,1.844562333308931784e+03,7.797819581694093358e+02,9.150012867074519818e+02,7.915371583866602805e+02
5.720000000000000000e+02,2.490109163512696796e+03,1.847710491629620947e+03,7.808394847207848670e+02,9.169082498037423647e+02,7.923614289881700188e+02
5.730000000000000000e+02,2.493873456764977618e+03,1.850791608449568685e+03,7.818833545934833182e+02,9.188136278995509656e+02,7.931764742719427659e+02
5.740000000000000000e+02,2.497641095236027013e+03,1.853848147807787655e+03,7.829213552910384806e+02,9.207222533737452750e+02,7.939974865712437122e+02
5.750000000000000000e+02,2.501384467317427607e+03,1.856898246962421126e+03,7.839673450642977741e+02,9.226060582309124811e+02,7.948110640222175789e+02
5.760000000000000000e+02,2.505103857990107826e+03,1.859955384509152282e+03,7.850205741393167500e+02,9.244714751720650838e+02,7.956118086787262200e+02
5.770000000000000000e+02,2.508804194510489651e+03,1.863013703356264614e+03,7.860664373091312882e+02,9.263347275040548539e+02,7.964030296973045324e+02
5.780000000000000000e+02,2.512466800627511475e+03,1.866055291060711170e+03,7.870865566602286663e+02,9.282073141836456216e+02,7.971729297836373007e+02
5.790000000000000000e+02,2.516131082219103973e+03,1.869128961881109262e+03,7.880905421807593711e+02,9.300694790267692724e+02,7.979710610115752161e+02
5.800000000000000000e+02,2.519826102903888568e+03,1.872192182778641154e+03,7.890884398557025179e+02,9.319326581961777265e+02,7.988050048520078690e+02
5.810000000000000000e+02,2.523525021250894497e+03,1.875250733041589001e+03,7.900800616122099882e+02,9.337912543828009575e+02,7.996537052558830965e+02
5.820000000000000000e+02,2.527225955935172351e+03,1.878328239485783115e+03,7.910801718714185427e+02,9.356579015499930847e+02,8.004878825137609510e+02
5.830000000000000000e+02,2.530887571918726280e+03,1.881359353211988036e+03,7.920679310253019594e+02,9.375032264869454366e+02,8.013164144064784296e+02
5.840000000000000000e+02,2.534575855894002871e+03,1.884358539284872450e+03,7.930559660909951845e+02,9.393640983632333246e+02,8.021557914397747027e+02
5.850000000000000000e+02,2.538287140069451652e+03,1.887338315895807909e+03,7.940654260659266583e+02,9.412428008393919754e+02,8.029789131641327913e+02
5.860000000000000000e+02,2.542004500034682223e+03,1.890333379949654045e+03,7.950735772664535261e+02,9.431385524342719009e+02,8.037923703339572512e+02
5.870000000000000000e+02,2.545720941335271164e+03,1.893376118826507991e+03,7.960631665219112847e+02,9.450598028441033875e+02,8.045979719692561503e+02
5.880000000000000000e+02,2.549451424628883615e+03,1.896458540295074044e+03,7.970445016713870245e+02,9.469981995745772565e+02,8.054087233829183106e+02
5.890000000000000000e+02,2.553191536206130877e+03,1.899556503782616119e+03,7.980424649025336521e+02,9.489392615961098727e+02,8.062098097074871248e+02
5.900000000000000000e+02,2.556911059522278265e+03,1.902666822498915053e+03,7.990386815784424925e+02,9.508975071830631123e+02,8.069748707607720917e+02
5.910000000000000000e+02,2.560615540853909351e+03,1.905741723382040163e+03,8.000416100775823907e+02,9.528660212554004829e+02,8.077079095209270463e+02
5.920000000000000000e+02,2.564315121973081659e+03,1.908757380268259567e+03,8.010442608163638170e+02,9.548425116908589416e+02,8.084283494658589007e+02
5.930000000000000000e+02,2.568031223352605139e+03,1.911742464748542943e+03,8.020685332656609035e+02,9.567956771710857993e+02,8.091670129158582085e+02
5.940000000000000000e+02,2.571758389626088956e+03,1.914742829856533717e+03,8.031129053290103457e+02,9.587180187514528598e+02,8.099274655456258643e+02
5.950000000000000000e+02,2.575473030194887542e+03,1.917735823685808327e+03,8.041572248135074688e+02,9.606057386127533846e+02,8.107100667686263478e+02
5.960000000000000000e+02,2.579158833202686310e+03,1.920730147480087908e+03,8.051847454421207431e+02,9.624771132827130486e+02,8.114969744778524046e+02
5.970000000000000000e+02,2.582835012031597671e+03,1.923721115063891830e+03,8.062011883572060924e+02,9.643464174006445546e+02,8.122874062737467966e+02
5.980000000000000000e+02,2.586471639532710014e+03,1.926706906466830560e+03,8.072063825509194430e+02,9.661960895177011253e+02,8.130691674640896736e+02
5.990000000000000000e+02,2.590080937535046814e+03,1.929657019439646092e+03,8.081866329408037473e+02,9.680577682729060598e+02,8.138365363213371211e+02
6.000000000000000000e+02,2.593703959218929413e+03,1.932626486040517875e+03,8.091655047783108330e+02,9.699591273039941370e+02,8.145793271366243289e+02
6.010000000000000000e+02,2.597323441821435154e+03,1.935585441015186916e+03,8.101497795718470343e+02,9.718738767621334773e+02,8.152997854874543009e+02
6.020000000000000000e+02,2.600942835268369436e+03,1.938537272990687825e+03,8.111451725441063445e+02,9.737882175865845511e+02,8.160094451376783127e+02
6.030000000000000000e+02,2.604630355683204925e+03,1.941517652131039313e+03,8.121629110915185947e+02,9.757155870647708298e+02,8.167518575269153871e+02
6.040000000000000000e+02,2.608360493618517012e+03,1.944509963231522079e+03,8.131731664657033889e+02,9.776445338481458975e+02,8.175427933046681801e+02
6.050000000000000000e+02,2.612115541427553126e+03,1.947511793998538451e+03,8.141810608387307866e+02,9.795872478322460211e+02,8.183472327565764317e+02
6.060000000000000000e+02,2.615873746546465554e+03,1.950505431021830418e+03,8.151853148388561294e+02,9.815390786281337796e+02,8.191493530794754179e+02
6.070000000000000000e+02,2.619587827163682960e+03,1.953446275764789107e+03,8.161627300583896840e+02,9.834726209928118124e+02,8.199524761124821453e+02
6.080000000000000000e+02,2.623267283551876062e+03,1.956310132216895227e+03,8.171115852407998545e+02,9.853941416735651728e+02,8.207615566375109211e+02
6.090000000000000000e+02,2.626915813872079525e+03,1.959117813138828296e+03,8.180675189366681934e+02,9.872927886078217625e+02,8.215555063275890006e+02
6.100000000000000000e+02,2.630542705617080173e+03,1.961919238443085305e+03,8.190295051167117890e+02,9.891733506718121589e+02,8.223398498285562255e+02
6.110000000000000000e+02,2.634178097223443729e+03,1.964765057735314940e+03,8.199906064647553876e+02,9.910518712977266205e+02,8.231356194609619479e+02
6.120000000000000000e+02,2.637813582253383174e+03,1.967589026300398245e+03,8.209399700733465579e+02,9.929229691432941536e+02,8.239506430367424628e+02
6.130000000000000000e+02,2.641440415857689914e+03,1.970407189769268825e+03,8.218719429837179860e+02,9.947924232260229473e+02,8.247760496479484118e+02
6.140000000000000000e+02,2.645044826936201389e+03,1.973215362537114743e+03,8.227754828236917319e+02,9.966811354404137546e+02,8.255882086720960160e+02
6.150000000000000000e+02,2.648592780660063909e+03,1.976001990388889453e+03,8.236539983282031017e+02,9.985680994537091237e+02,8.263706828781517970e+02
6.160000000000000000e+02,2.652097084514299695e+03,1.978753163474564872e+03,8.245253365915048107e+02,1.000447571640810338e+03,8.271241762819842052e+02
6.170000000000000000e+02,2.655580174991590411e+03,1.981485640888405442e+03,8.253918047812555869e+02,1.002336078229805594e+03,8.278522919805294578e+02
6.180000000000000000e+02,2.659041843089069516e+03,1.984204192617168928e+03,8.262465977455792654e+02,1.004215222895976353e+03,8.285800224475140112e+02
6.190000000000000000e+02,2.662550222493913225e+03,1.986912346235472569e+03,8.271014032793103752e+02,1.006108838199513571e+03,8.293399810150891653e+02
6.200000000000000000e+02,2.666069361014783681e+03,1.989646771599531121e+03,8.279501991892682327e+02,1.007997290409201696e+03,8.301218714163138657e+02
6.210000000000000000e+02,2.669584754685193275e+03,1.992400100078607238e+03,8.288004086587925485e+02,1.009886389520628313e+03,8.308979565057721857e+02
6.220000000000000000e+02,2.673114196954928957e+03,1.995137581761809770e+03,8.296602361961270162e+02,1.011790562665606558e+03,8.316633980931956103e+02
6.230000000000000000e+02,2.676644797146203928e+03,1.997886288346638139e+03,8.304999774487135937e+02,1.013707203125872866e+03,8.324376165716179230e+02
6.240000000000000000e+02,2.680165885029341098e+03,2.000671976505668454e+03,8.313211773577993426e+02,1.015625327529729134e+03,8.332193801418125076e+02
6.250000000000000000e+02,2.683696981617022630e+03,2.003460337817817845e+03,8.321621641888610839e+02,1.017522175624125907e+03,8.340126418040351837e+02
6.260000000000000000e+02,2.687231992066102066e+03,2.006265694870414791e+03,8.330191040561248883e+02,1.019398700457081759e+03,8.348141875528948503e+02
6.270000000000000000e+02,2.690749453486048878e+03,2.009044716637569991e+03,8.338771309473135034e+02,1.021252067987678515e+03,8.356202545510565187e+02
6.280000000000000000e+02,2.694295108014283414e+03,2.011787503211905232e+03,8.347412565371189430e+02,1.023139150941723869e+03,8.364147005354410567e+02
6.290000000000000000e+02,2.697839682227678622e+03,2.014533470667414122e+03,8.356013690384000938e+02,1.025055936809655350e+03,8.371823763796230651e+02
6.300000000000000000e+02,2.701375605535752584e+03,2.017300552004624706e+03,8.364592620652680353e+02,1.026994959207678221e+03,8.379213842628068960e+02
6.310000000000000000e+02,2.704905046521964323e+03,2.020061070124161461e+03,8.373144004206278623e+02,1.028936378494324572e+03,8.386542676070124571e+02
6.320000000000000000e+02,2.708351982357330144e+03,2.022764655296656201e+03,8.381435095634967638e+02,1.030838135107176186e+03,8.393703376866573080e+02
6.330000000000000000e+02,2.711740262020146929e+03,2.025445673471581131e+03,8.389503992580135900e+02,1.032713023360992793e+03,8.400768394011407736e+02
6.340000000000000000e+02,2.715066279742445204e+03,2.028083848433029516e+03,8.397347802050360315e+02,1.034575764949975110e+03,8.407557345874341763e+02
6.350000000000000000e+02,2.718378194739868832e+03,2.030733015266496068e+03,8.405271501566442112e+02,1.036421290889885768e+03,8.414297536933385118e+02
6.360000000000000000e+02,2.721688185428251472e+03,2.033414653976738236e+03,8.413363789660252223e+02,1.038246095422404778e+03,8.421057110398212444e+02
6.370000000000000000e+02,2.725036926644777850e+03,2.036161493408612159e+03,8.421732667151584337e+02,1.040054819555484755e+03,8.428088403741346610e+02
6.380000000000000000e+02,2.728421169221604032e+03,2.038933793634180574e+03,8.430447934858599410e+02,1.041851376678451970e+03,8.435249990572923480e+02
6.390000000000000000e+02,2.731787066823862006e+03,2.041702235600491804e+03,8.439120565192548611e+02,1.043631885476262369e+03,8.442431248283439800e+02
6.400000000000000000e+02,2.735158561003933755e+03,2.044493916615577518e+03,8.447571769912126456e+02,1.045416892186872701e+03,8.449844918258473854e+02
6.410000000000000000e+02,2.738552773337904910e+03,2.047258740892307742e+03,8.455923893470104531e+02,1.047226103826877079e+03,8.457342801640172638e+02
6.420000000000000000e+02,2.741963140797474807e+03,2.049993621984815491e+03,8.464366305742016721e+02,1.049034193787634194e+03,8.464923164356398502e+02
6.430000000000000000e+02,2.745384886538054616e+03,2.052706305709163189e+03,8.472972670312503851e+02,1.050818730279593638e+03,8.472688892272102521e+02
6.440000000000000000e+02,2.748820996704791014e+03,2.055395673142846135e+03,8.481567124076824484e+02,1.052604990077755701e+03,8.480592942193528643e+02
6.450000000000000000e+02,2.752255262926305477e+03,2.058049748222916151e+03,8.489809233768758077e+02,1.054422581247643166e+03,8.488517583017867310e+02
6.460000000000000000e+02,2.755706838381041962e+03,2.060726091572985297e+03,8.498100822959966081e+02,1.056248373283882074e+03,8.496483828011636206e+02
6.470000000000000000e+02,2.759181738286184554e+03,2.063433803306894333e+03,8.506627051569814739e+02,1.058081738956918343e+03,8.504372941722851920e+02
6.480000000000000000e+02,2.762736597739130957e+03,2.066143743977029317e+03,8.515462766548491800e+02,1.059957276592773724e+03,8.512330444915078260e+02
6.490000000000000000e+02,2.766363469800808616e+03,2.068891182001199013e+03,8.524609536942765544e+02,1.061868508346136878e+03,8.520340077603952977e+02
6.500000000000000000e+02,2.770024249011013126e+03,2.071678171569753886e+03,8.534025843887571909e+02,1.063798331207190131e+03,8.528233334150667133e+02
6.510000000000000000e+02,2.773711382443008006e+03,2.074471103076353302e+03,8.543530494649166940e+02,1.065739435462385245e+03,8.536188975157059531e+02
6.520000000000000000e+02,2.777410969019088043e+03,2.077249876008229876e+03,8.553143252628082109e+02,1.067673105133756735e+03,8.544235386225229831e+02
6.530000000000000000e+02,2.781044394863041816e+03,2.079981298931954370e+03,8.562521839198794851e+02,1.069576059856224674e+03,8.552161510869373160e+02
6.540000000000000000e+02,2.784612971368093895e+03,2.082637983705861188e+03,8.571679352315226197e+02,1.071464737196958595e+03,8.559802989396123394e+02
6.550000000000000000e+02,2.788112854905180484e+03,2.085292594320871103e+03,8.580734744473923001e+02,1.073317882677733451e+03,8.567214977800549605e+02
6.560000000000000000e+02,2.791635519614210807e+03,2.087987390853893430e+03,8.590042436270898634e+02,1.075179760088260537e+03,8.574515158988606345e+02
6.570000000000000000e+02,2.795194190783867725e+03,2.090698510989851457e+03,8.599253635044158273e+02,1.077059355510682053e+03,8.582094717687705270e+02
6.580000000000000000e+02,2.798735997300891540e+03,2.093414349388926894e+03,8.608322587112636484e+02,1.078942897640317369e+03,8.589608409493102954e+02
6.590000000000000000e+02,2.802251242110261046e+03,2.096081337198596430e+03,8.617175656455268609e+02,1.080808976226781851e+03,8.597247002379521064e+02
6.600000000000000000e+02,2.805711111735764916e+03,2.098728502321468568e+03,8.625719742516293991e+02,1.082639053574633635e+03,8.605000839095021092e+02
6.610000000000000000e+02,2.809140545670291885e+03,2.101384707056648949e+03,8.634137434277175771e+02,1.084463352361101670e+03,8.612634498814720700e+02
6.620000000000000000e+02,2.812549714917656729e+03,2.104012216363355037e+03,8.642647050293428492e+02,1.086280889431268406e+03,8.620041204570458149e+02
6.630000000000000000e+02,2.815986698158422769e+03,2.106634086520535675e+03,8.651234156643434972e+02,1.088107376087356442e+03,8.627559064067238523e+02
6.640000000000000000e+02,2.819451258981565388e+03,2.109216982096415450e+03,8.659837256841314002e+02,1.089924579572584435e+03,8.635429537248494398e+02
6.650000000000000000e+02,2.822889417888919525e+03,2.111790153596590244e+03,8.668274938829299572e+02,1.091725984379009333e+03,8.643359396269797799e+02
6.660000000000000000e+02,2.826380284030859912e+03,2.114370234803231142e+03,8.677026407591604311e+02,1.093548305069279195e+03,8.651293382024198308e+02
6.670000000000000000e+02,2.829907168369932151e+03,2.116957158433776840e+03,8.685886062377034023e+02,1.095393922006896219e+03,8.659246401253325303e+02
6.680000000000000000e+02,2.833414232890837866e+03,2.119513769741978194e+03,8.694696109749741026e+02,1.097217444898383746e+03,8.667271770174804715e+02
6.690000000000000000e+02,2.836904540448317675e+03,2.122072939428765949e+03,8.703657240819477465e+02,1.099009724099891628e+03,8.675290922664780737e+02
6.700000000000000000e+02,2.840385492055640498e+03,2.124624801035316523e+03,8.712604655195773375e+02,1.100810503661636858e+03,8.683145228744266433e+02
6.710000000000000000e+02,2.843899099676573769e+03,2.127144979650461664e+03,8.721637589283612897e+02,1.102613233013572881e+03,8.691221077346386892e+02
6.720000000000000000e+02,2.847404071134715650e+03,2.129652994993846733e+03,8.730652543275022026e+02,1.104407877863842941e+03,8.699309389433698243e+02
6.730000000000000000e+02,2.850852147790431445e+03,2.132148740854697735e+03,8.739481520660083333e+02,1.106183877475031068e+03,8.707201182493914757e+02
6.740000000000000000e+02,2.854259700990156034e+03,2.134651915604594251e+03,8.748123670441567583e+02,1.107964943986877415e+03,8.714823899591217469e+02
6.750000000000000000e+02,2.857681698708194290e+03,2.137167793736259682e+03,8.756767268956995167e+02,1.109747362027761028e+03,8.722576097847343135e+02
6.760000000000000000e+02,2.861073198876586503e+03,2.139707607365201056e+03,8.765240556789294715e+02,1.111510968184966941e+03,8.730381750126907718e+02
6.770000000000000000e+02,2.864473906569156952e+03,2.142328092798702983e+03,8.773788194669602944e+02,1.113283131715900026e+03,8.738119553862967450e+02
6.780000000000000000e+02,2.867869015192333791e+03,2.144982523794338249e+03,8.782591730038784590e+02,1.115057422014240274e+03,8.745524201742151718e+02
6.790000000000000000e+02,2.871289426790482139e+03,2.147642930693252765e+03,8.791333614201018918e+02,1.116862777432593475e+03,8.752932879377865447e+02
6.800000000000000000e+02,2.874740613782306809e+03,2.150303245689379310e+03,8.800021200845291105e+02,1.118692504529917642e+03,8.760459891678598296e+02
6.810000000000000000e+02,2.878137529906792679e+03,2.152927276034640727e+03,8.808420200051632492e+02,1.120504637666832195e+03,8.767908722347968933e+02
6.820000000000000000e+02,2.881513583912972535e+03,2.155580514052065155e+03,8.816673610872691143e+02,1.122311042987473002e+03,8.775351798382309880e+02
6.830000000000000000e+02,2.884912861818839701e+03,2.158209910521661186e+03,8.825087800532237452e+02,1.124130623789618085e+03,8.782734579759975304e+02
6.840000000000000000e+02,2.888273376241190817e+03,2.160826656997595819e+03,8.833334956894808556e+02,1.125937795424161777e+03,8.790020851275479572e+02
6.850000000000000000e+02,2.891575020612479420e+03,2.163444667883898092e+03,8.841385533469380107e+02,1.127714026635346045e+03,8.797224406301960471e+02
6.860000000000000000e+02,2.894863843896656363e+03,2.166086351873866533e+03,8.849500582826976824e+02,1.129459049542552066e+03,8.804547360714066144e+02
6.870000000000000000e+02,2.898151565902627681e+03,2.168761357464610228e+03,8.857766166452893231e+02,1.131198629608638385e+03,8.811763196487002006e+02
6.880000000000000000e+02,2.901452966370244212e+03,2.171432941800290337e+03,8.866160287806867473e+02,1.132961946948305240e+03,8.818749906412522250e+02
6.890000000000000000e+02,2.904784967059970768e+03,2.174114428094200321e+03,8.874761263248925616e+02,1.134747178127143570e+03,8.825616626079345224e+02
6.900000000000000000e+02,2.908117730403601854e+03,2.176771196820202931e+03,8.883415821109531407e+02,1.136528824389228930e+03,8.832473239034204653e+02
6.910000000000000000e+02,2.911515305233038816e+03,2.179442384746522293e+03,8.892370830080135420e+02,1.138302389397500065e+03,8.839758328275253234e+02
6.920000000000000000e+02,2.914933968620684027e+03,2.182167320528771143e+03,8.901254531169182656e+02,1.140061604657843418e+03,8.847469108459226845e+02
6.930000000000000000e+02,2.918319385707837228e+03,2.184872656686257415e+03,8.909896702214873585e+02,1.141814597372997014e+03,8.855151181133521732e+02
6.940000000000000000e+02,2.921680740102487107e+03,2.187531718559425371e+03,8.918497081264479220e+02,1.143562293302380112e+03,8.862687386736594135e+02
6.950000000000000000e+02,2.925041185104005308e+03,2.190168883216354516e+03,8.927109320831921195e+02,1.145322702258207073e+03,8.870075507626057743e+02
6.960000000000000000e+02,2.928399694038743291e+03,2.192803276224458841e+03,8.935664103244891976e+02,1.147102085926562495e+03,8.877311977876913716e+02
6.970000000000000000e+02,2.931751269980146844e+03,2.195474099156748707e+03,8.944255425392984762e+02,1.148886734419922959e+03,8.884389930209259774e+02
6.980000000000000000e+02,2.935110584758646837e+03,2.198153331686769889e+03,8.952770488213033104e+02,1.150689811900473387e+03,8.891437240368702533e+02
6.990000000000000000e+02,2.938504306495526180e+03,2.200797560724757659e+03,8.961384320659965397e+02,1.152511325453418976e+03,8.898545489761105500e+02
7.000000000000000000e+02,2.941924545888160537e+03,2.203436302561714001e+03,8.969887887610724420e+02,1.154355374070183188e+03,8.905803830569042248e+02
7.010000000000000000e+02,2.945361769075095708e+03,2.206057656333439809e+03,8.978365923699199129e+02,1.156227641465618262e+03,8.912975352395573054e+02
7.020000000000000000e+02,2.948764667588234261e+03,2.208641929108818204e+03,8.986694566199578276e+02,1.158113049363781784e+03,8.919821616044952179e+02
7.030000000000000000e+02,2.952137557354923047e+03,2.211185156016305882e+03,8.995037170281560748e+02,1.159986329527463795e+03,8.926475107993035181e+02
7.040000000000000000e+02,2.955499168446814110e+03,2.213736101729960865e+03,9.003584788334890163e+02,1.161845951978148605e+03,8.932947376351770572e+02
7.050000000000000000e+02,2.958832579592292404e+03,2.216250475929221011e+03,9.012087983040095196e+02,1.163699168637461980e+03,8.939246126508207908e+02
7.060000000000000000e+02,2.962164528358411189e+03,2.218723407095046696e+03,9.020727305391067148e+02,1.165555890341614486e+03,8.945359074776899888e+02
7.070000000000000000e+02,2.965497568933860293e+03,2.221166568512472168e+03,9.029503522258071371e+02,1.167417292301125372e+03,8.951299244069271026e+02
7.080000000000000000e+02,2.968827311555446613e+03,2.223618078814452019e+03,9.038217076195844584e+02,1.169284901110532246e+03,8.957207028253303633e+02
7.090000000000000000e+02,2.972171263443217413e+03,2.226108499524746549e+03,9.046855165555200529e+02,1.171163856097986809e+03,8.963218907897102099e+02
7.100000000000000000e+02,2.975549290180267235e+03,2.228642840525383690e+03,9.055511783941904014e+02,1.173029668144215520e+03,8.969684436418608584e+02
7.110000000000000000e+02,2.978921269544388906e+03,2.231150075298352021e+03,9.064096513651957139e+02,1.174864442975486327e+03,8.976471752037070928e+02
7.120000000000000000e+02,2.982258120617502755e+03,2.233622836029748214e+03,9.072580776442343904e+02,1.176695097962709497e+03,8.983049450105587539e+02
7.130000000000000000e+02,2.985550447659457859e+03,2.236051248252439109e+03,9.080956439569976055e+02,1.178515849498839771e+03,8.989389542036202556e+02
7.140000000000000000e+02,2.988870782350706122e+03,2.238468284252933245e+03,9.089351262124040431e+02,1.180358865009330430e+03,8.995767911289715357e+02
7.150000000000000000e+02,2.992200726274598765e+03,2.240879725708772639e+03,9.097649560068696246e+02,1.182213777731905338e+03,9.002219925358234605e+02
7.160000000000000000e+02,2.995520579748572345e+03,2.243257786129171109e+03,9.105969108934359610e+02,1.184052150619391568e+03,9.008715182357445883e+02
7.170000000000000000e+02,2.998802658758837879e+03,2.245582892114340211e+03,9.114187986416549165e+02,1.185872162809694601e+03,9.015116973074885891e+02
7.180000000000000000e+02,3.002082521591144541e+03,2.247896915252519193e+03,9.122355392309285662e+02,1.187679138800343708e+03,9.021678435598718124e+02
7.190000000000000000e+02,3.005398701016775249e+03,2.250247260136843579e+03,9.130669794258762977e+02,1.189491284299956988e+03,9.028404372909423046e+02
7.200000000000000000e+02,3.008772507176104227e+03,2.252657693432920041e+03,9.139112663335396292e+02,1.191339774000183297e+03,9.035214668423811872e+02
7.210000000000000000e+02,3.012175984626005175e+03,2.255130781512844806e+03,9.147462940117814014e+02,1.193233978412291435e+03,9.041957122019323378e+02
7.220000000000000000e+02,3.015599935696018292e+03,2.257644447039456736e+03,9.155805106594041263e+02,1.195151198611838481e+03,9.048682264247757985e+02
7.230000000000000000e+02,3.019035427262189842e+03,2.260190989135086056e+03,9.164267597173007971e+02,1.197071652381510376e+03,9.055370151633787827e+02
7.240000000000000000e+02,3.022436388652983624e+03,2.262715303021846466e+03,9.172762425808545004e+02,1.198965733936325478e+03,9.061944121358034181e+02
7.250000000000000000e+02,3.025826537255461972e+03,2.265213517215765478e+03,9.181332121626244316e+02,1.200836189909903851e+03,9.068571351829335754e+02
7.260000000000000000e+02,3.029226873748389607e+03,2.267731395458906263e+03,9.189879005853450735e+02,1.202713083374002281e+03,9.075258897890425942e+02
7.270000000000000000e+02,3.032625362307788691e+03,2.270274870866050151e+03,9.198506455593300188e+02,1.204586597964234443e+03,9.081881187842238887e+02
7.280000000000000000e+02,3.036007571622757496e+03,2.272850924125143138e+03,9.207165064570014010e+02,1.206439683950807421e+03,9.088513812149487876e+02
7.290000000000000000e+02,3.039378077876168845e+03,2.275403927265831044e+03,9.215931169323705490e+02,1.208281238442526956e+03,9.095037225012711133e+02
7.300000000000000000e+02,3.042752236314925995e+03,2.277928110942485546e+03,9.224740847632799614e+02,1.210132349109683219e+03,9.101458024419629282e+02
7.310000000000000000e+02,3.046136659366336062e+03,2.280426934690644430e+03,9.233431792312567268e+02,1.211997267854372240e+03,9.107962122807060723e+02
7.320000000000000000e+02,3.049515000659896941e+03,2.282913381093921544e+03,9.242158627338918677e+02,1.213866748454120625e+03,9.114323894718845622e+02
7.330000000000000000e+02,3.052899222308169556e+03,2.285414454731244859e+03,9.250950883668726874e+02,1.215741378449216882e+03,9.120627554920802140e+02
7.340000000000000000e+02,3.056281621389761312e+03,2.287925485455746184e+03,9.259817455893096394e+02,1.217608054475513200e+03,9.126918213249382461e+02
7.350000000000000000e+02,3.059686902135897526e+03,2.290432964029418599e+03,9.268706075130173758e+02,1.219470237701448696e+03,9.133460569214314546e+02
7.360000000000000000e+02,3.063119468087137193e+03,2.292965962586829392e+03,9.277589318061887980e+02,1.221335190383525742e+03,9.140253458974227669e+02
7.370000000000000000e+02,3.066551584721562904e+03,2.295565636082474612e+03,9.286169086251918543e+02,1.223223306230019716e+03,9.147113698663512196e+02
7.380000000000000000e+02,3.069928134961734941e+03,2.298145103261266740e+03,9.294193184514593895e+02,1.225121660130748523e+03,9.153871563795264592e+02
7.390000000000000000e+02,3.073242403295938857e+03,2.300696093843728704e+03,9.302066731726569060e+02,1.226992793252023603e+03,9.160429368712582345e+02
7.400000000000000000e+02,3.076544901764363203e+03,2.303233088826961648e+03,9.310022972904271228e+02,1.228851030812130148e+03,9.166915736618060464e+02
7.410000000000000000e+02,3.079858487808455720e+03,2.305762756440734847e+03,9.318141839888070308e+02,1.230703719591998379e+03,9.173405842276500834e+02
7.420000000000000000e+02,3.083176674502515198e+03,2.308269777688736667e+03,9.326249737708934617e+02,1.232573567971215880e+03,9.179781327604057424e+02
7.430000000000000000e+02,3.086492725603607141e+03,2.310768441386389441e+03,9.334211907776314092e+02,1.234458160698412485e+03,9.186133741275634748e+02
7.440000000000000000e+02,3.089817041301789232e+03,2.313268258402606079e+03,9.341962660849454778e+02,1.236339894291376822e+03,9.192808809254665903e+02
7.450000000000000000e+02,3.093169514658994558e+03,2.315767266613807806e+03,9.349719051846213915e+02,1.238216919275261489e+03,9.199806901991116774e+02
7.460000000000000000e+02,3.096570906557339640e+03,2.318312996895946526e+03,9.357689100562402018e+02,1.240094917096897007e+03,9.207070794042022044e+02
7.470000000000000000e+02,3.099977993924912880e+03,2.320867733986136045e+03,9.365491079793355311e+02,1.241995710688911004e+03,9.214331752566670275e+02
7.480000000000000000e+02,3.103395760736229022e+03,2.323423026797590865e+03,9.373314541514497478e+02,1.243910857791249782e+03,9.221534487935293782e+02
7.490000000000000000e+02,3.106833512294027059e+03,2.325898335850260537e+03,9.381414100940295384e+02,1.245841637333577182e+03,9.228504648664199976e+02
7.500000000000000000e+02,3.110231856997635987e+03,2.328315971462678590e+03,9.389467029950540109e+02,1.247767011900066791e+03,9.235181421025150712e+02
7.510000000000000000e+02,3.113617740224449335e+03,2.330744785038104055e+03,9.397696840436331058e+02,1.249681379007235137e+03,9.241666771735806378e+02
7.520000000000000000e+02,3.117011346340980708e+03,2.333233252656294098e+03,9.405921703768896123e+02,1.251595065369400800e+03,9.248241105946905236e+02
7.530000000000000000e+02,3.120422155586934878e+03,2.335768811719472978e+03,9.413942951504362782e+02,1.253520072337772717e+03,9.255077880987264507e+02
7.540000000000000000e+02,3.123850975883057799e+03,2.338303508021177095e+03,9.421927391523980759e+02,1.255458212910026987e+03,9.262000238206328504e+02
7.550000000000000000e+02,3.127263171652624351e+03,2.340763716216413286e+03,9.429985814405505380e+02,1.257373773007620230e+03,9.268908172044536968e+02
7.560000000000000000e+02,3.130640013254192581e+03,2.343157505377847428e+03,9.438118519464733254e+02,1.259293647866095625e+03,9.275345134416241990e+02
7.570000000000000000e+02,3.133972503387073630e+03,2.345515079250889812e+03,9.446056147252995743e+02,1.261198868349277973e+03,9.281680203124960826e+02
7.580000000000000000e+02,3.137285620611700324e+03,2.347871303523610095e+03,9.453705856860126460e+02,1.263084844732890360e+03,9.288301901927983408e+02
7.590000000000000000e+02,3.140586153392709548e+03,2.350249490202706056e+03,9.461349374496090832e+02,1.264943570723317634e+03,9.295076452197830577e+02
7.600000000000000000e+02,3.143913006559974747e+03,2.352674552913316802e+03,9.469147730319375569e+02,1.266820134216947963e+03,9.301780993110889995e+02
7.610000000000000000e+02,3.147265743776540148e+03,2.355131243267109767e+03,9.476664442524794367e+02,1.268746755838147919e+03,9.308525436859130195e+02
7.620000000000000000e+02,3.150667443718778486e+03,2.357620321487847377e+03,9.484194875027753824e+02,1.270700983647016983e+03,9.315469725689861207e+02
7.630000000000000000e+02,3.154071753679443646e+03,2.360110335370693974e+03,9.491691332141392650e+02,1.272650482310927373e+03,9.322521381543774623e+02
7.640000000000000000e+02,3.157453223563030861e+03,2.362586126586856153e+03,9.499025803020216472e+02,1.274575836326912622e+03,9.329748069340964776e+02
7.650000000000000000e+02,3.160797012404361340e+03,2.365040145559812117e+03,9.506232976209100798e+02,1.276481329592790189e+03,9.336923851906609571e+02
7.660000000000000000e+02,3.164082248417484152e+03,2.367511054807680466e+03,9.513214997041056904e+02,1.278372491285940669e+03,9.343882574274377930e+02
7.670000000000000000e+02,3.167299659212424558e+03,2.369942598071110297e+03,9.519935567895820441e+02,1.280254005708005479e+03,9.350520967148368072e+02
7.680000000000000000e+02,3.170502643165123573e+03,2.372371199824340692e+03,9.526685950321547125e+02,1.282120859931540053e+03,9.357131882014288067e+02
7.690000000000000000e+02,3.173709072128694061e+03,2.374822322019343574e+03,9.533609884731592956e+02,1.283970273976057342e+03,9.363778096794774228e+02
7.700000000000000000e+02,3.176898416960349550e+03,2.377287536405478932e+03,9.540605751706310684e+02,1.285813478733271040e+03,9.370243630564476689e+02
7.710000000000000000e+02,3.180099295433517455e+03,2.379738956140439768e+03,9.547594198146509825e+02,1.287685382568799469e+03,9.376544930500667760e+02
7.720000000000000000e+02,3.183308136359944456e+03,2.382140948152463807e+03,9.554582678168262646e+02,1.289572594353068325e+03,9.382772741900498659e+02
7.730000000000000000e+02,3.186513059868550954e+03,2.384483560671356827e+03,9.561710658921163031e+02,1.291449260856409410e+03,9.388927331200254685e+02
7.740000000000000000e+02,3.189704780765715441e+03,2.386837305164816371e+03,9.568839861486897007e+02,1.293316130507124626e+03,9.395046641099008866e+02
7.750000000000000000e+02,3.192873163892084449e+03,2.389164185364568766e+03,9.575863253656491452e+02,1.295167718838692736e+03,9.401191196877429093e+02
7.760000000000000000e+02,3.196051579177825715e+03,2.391493649378433020e+03,9.582862430722427689e+02,1.297031037566998293e+03,9.407342985385854490e+02
7.770000000000000000e+02,3.199252187860167851e+03,2.393836108894663084e+03,9.590095043616076964e+02,1.298903109231829148e+03,9.413395742667311197e+02
7.780000000000000000e+02,3.202472403180094716e+03,2.396158420357424347e+03,9.597476371965585713e+02,1.300792034758603677e+03,9.419327312249324677e+02
7.790000000000000000e+02,3.205678455458634744e+03,2.398474710034703548e+03,9.604975692550124222e+02,1.302681541038036357e+03,9.424993451655858507e+02
7.800000000000000000e+02,3.208896700908897401e+03,2.400792099192717615e+03,9.612540148880121933e+02,1.304575170980344865e+03,9.430675150405395470e+02
7.810000000000000000e+02,3.212156622978174255e+03,2.403134180857135561e+03,9.620053660661378672e+02,1.306460150920244814e+03,9.436911059917918010e+02
7.820000000000000000e+02,3.215407677847425475e+03,2.405444493058454555e+03,9.627230692611519771e+02,1.308339359855893463e+03,9.443452487303791258e+02
7.830000000000000000e+02,3.218592619943589852e+03,2.407716719366042980e+03,9.633819391703749488e+02,1.310204943187397021e+03,9.450057375858177693e+02
7.840000000000000000e+02,3.221777083114520337e+03,2.410014399502612832e+03,9.640232935933256613e+02,1.312084450349000235e+03,9.456693391721943271e+02
7.850000000000000000e+02,3.224957176252224144e+03,2.412315925543897265e+03,9.646808207643756532e+02,1.313949633562707731e+03,9.463267219251407596e+02
7.860000000000000000e+02,3.228108496516223568e+03,2.414600925172238021e+03,9.653520463373675966e+02,1.315792705180015219e+03,9.469637449988406388e+02
7.870000000000000000e+02,3.231223748221384994e+03,2.416887328505645655e+03,9.660436730956877227e+02,1.317608719026150311e+03,9.475713560995470743e+02
7.880000000000000000e+02,3.234346586614750322e+03,2.419145764914179836e+03,9.667516185887827760e+02,1.319435005436784877e+03,9.481599625891828964e+02
7.890000000000000000e+02,3.237454703978642101e+03,2.421358345235916204e+03,9.674654905341991480e+02,1.321276700404271196e+03,9.487125130401720980e+02
7.900000000000000000e+02,3.240573591535196556e+03,2.423596945615872755e+03,9.681805723750145489e+02,1.323136839908974935e+03,9.492561792512067314e+02
7.910000000000000000e+02,3.243683024349861171e+03,2.425875199139125925e+03,9.688840174446655737e+02,1.325003611301287947e+03,9.497953956039076502e+02
7.920000000000000000e+02,3.246799598436645283e+03,2.428210880072139389e+03,9.695897086702807428e+02,1.326839597320817802e+03,9.503702924455474204e+02
7.930000000000000000e+02,3.249921417057289091e+03,2.430566620432054606e+03,9.703061096476316152e+02,1.328653046318182078e+03,9.509622610914753977e+02
7.940000000000000000e+02,3.253106099243783774e+03,2.432945753447751486e+03,9.710482880842577060e+02,1.330494947236316420e+03,9.515628639232090791e+02
7.950000000000000000e+02,3.256362720622973484e+03,2.435320949623177967e+03,9.718071259664259287e+02,1.332374475213684036e+03,9.521811194428634053e+02
7.960000000000000000e+02,3.259625295855489640e+03,2.437679122862545228e+03,9.725527851155624148e+02,1.334282076053426636e+03,9.527904346865012712e+02
7.970000000000000000e+02,3.262880005909706597e+03,2.440042210565672121e+03,9.732655289636456928e+02,1.336202419692036301e+03,9.534120572540239209e+02
7.980000000000000000e+02,3.266111463252797876e+03,2.442395392995500970e+03,9.739670698815750711e+02,1.338122372662949147e+03,9.540220207082744537e+02
7.990000000000000000e+02,3.269325056136707190e+03,2.444742533726293004e+03,9.746470470153433325e+02,1.340034390258509347e+03,9.546436188628547370e+02
8.000000000000000000e+02,3.272591750111766487e+03,2.447136353328207861e+03,9.753281958190833620e+02,1.341976497112885454e+03,9.552870571797969887e+02
8.010000000000000000e+02,3.275886958930510445e+03,2.449567486791609554e+03,9.760306552717149771e+02,1.343932177760145805e+03,9.559241258986497769e+02
8.020000000000000000e+02,3.279196102221453657e+03,2.451997983653873689e+03,9.767621660218883335e+02,1.345893635256551988e+03,9.565403009430125394e+02
8.030000000000000000e+02,3.282509715337952457e+03,2.454375226618757551e+03,9.775167986543374354e+02,1.347876943373885751e+03,9.571159733097296112e+02
8.040000000000000000e+02,3.285790578594950148e+03,2.456670234103743951e+03,9.782789229649509934e+02,1.349838553758237140e+03,9.576731018717622419e+02
8.050000000000000000e+02,3.289092364461704165e+03,2.458956753294720784e+03,9.790689114091401279e+02,1.351787979531716701e+03,9.582354735208473357e+02
8.060000000000000000e+02,3.292408760696621357e+03,2.461238544518591880e+03,9.798575374745271347e+02,1.353742413872403858e+03,9.588088093496905913e+02
8.070000000000000000e+02,3.295684686313770271e+03,2.463498747515459399e+03,9.806308301412670971e+02,1.355677552153626493e+03,9.593763040188762261e+02
8.080000000000000000e+02,3.298901774716490763e+03,2.465793561529370436e+03,9.813974547448485737e+02,1.357582804953060531e+03,9.599215150185807488e+02
8.090000000000000000e+02,3.302086856815838928e+03,2.468081366645976232e+03,9.821417434622768496e+02,1.359471442224419889e+03,9.604736711291421898e+02
8.100000000000000000e+02,3.305246320062115501e+03,2.470325791813624164e+03,9.828685694153052737e+02,1.361362646782223464e+03,9.610151038645860808e+02
8.110000000000000000e+02,3.308360041479720621e+03,2.472548703834256685e+03,9.835892837616969473e+02,1.363235179817533435e+03,9.615355779004905799e+02
8.120000000000000000e+02,3.311508341869172909e+03,2.474783641129165062e+03,9.843102221754909351e+02,1.365112019901893973e+03,9.620860997917880013e+02
8.130000000000000000e+02,3.314699413993972939e+03,2.477069670630257860e+03,9.850362039206931968e+02,1.366992093693212382e+03,9.626711163800667919e+02
8.140000000000000000e+02,3.317946629308472438e+03,2.479418104577007398e+03,9.857934616117639735e+02,1.368889145597863262e+03,9.632640220988456576e+02
8.150000000000000000e+02,3.321251109869551328e+03,2.481798280417031947e+03,9.865903806115462658e+02,1.370796364491011673e+03,9.638643647669929351e+02
8.160000000000000000e+02,3.324560112966350516e+03,2.484146001582715144e+03,9.874090184471635894e+02,1.372685023802955129e+03,9.644660707162316839e+02
8.170000000000000000e+02,3.327834042388106354e+03,2.486477531408597770e+03,9.882161563810817597e+02,1.374565039597569239e+03,9.650528464094553556e+02
8.180000000000000000e+02,3.331102373381609596e+03,2.488819850497282459e+03,9.890221804589052681e+02,1.376465104041117229e+03,9.656150888815875533e+02
8.190000000000000000e+02,3.334354896688158533e+03,2.491177654267825346e+03,9.897978704246175994e+02,1.378379237096423822e+03,9.661777891671175666e+02
8.200000000000000000e+02,3.337623689600402031e+03,2.493556242482820835e+03,9.905427377465348400e+02,1.380312588873035793e+03,9.667683629808312844e+02
8.210000000000000000e+02,3.340935708944451562e+03,2.495971931214717188e+03,9.912720218361122306e+02,1.382281137289402295e+03,9.673825498189373775e+02
8.220000000000000000e+02,3.344245453154337156e+03,2.498414577691498835e+03,9.920149788034284484e+02,1.384262990896959991e+03,9.679674834539482617e+02
8.230000000000000000e+02,3.347544753136622603e+03,2.500891755173273850e+03,9.927458875824506777e+02,1.386248472206817951e+03,9.685503933473543157e+02
8.240000000000000000e+02,3.350833633524450306e+03,2.503350314082336808e+03,9.934735444329929805e+02,1.388218874897407886e+03,9.691412141940496667e+02
8.250000000000000000e+02,3.354087603652748840e+03,2.505775016544703249e+03,9.941869581630529638e+02,1.390190065489343851e+03,9.697105800003519107e+02
8.260000000000000000e+02,3.357332980570168729e+03,2.508181483434253551e+03,9.948862879062241973e+02,1.392157251481397225e+03,9.702894411825473071e+02
8.270000000000000000e+02,3.360504231527564116e+03,2.510542238634830937e+03,9.955689280021730383e+02,1.394091639618211502e+03,9.708436639071791205e+02
8.280000000000000000e+02,3.363640453612730198e+03,2.512929366878866858e+03,9.962618261446734778e+02,1.396007852954702457e+03,9.713707745133551725e+02
8.290000000000000000e+02,3.366708560824214601e+03,2.515324903924483806e+03,9.969374826721596037e+02,1.397903781244406446e+03,9.718672969076490062e+02
8.300000000000000000e+02,3.369771094585072660e+03,2.517676652985522196e+03,9.976115255966229824e+02,1.399802846238358597e+03,9.723567227500913077e+02
8.310000000000000000e+02,3.372917546429612230e+03,2.520040911622211297e+03,9.983020294653348401e+02,1.401732730732475829e+03,9.728827862318026973e+02
8.320000000000000000e+02,3.376111661433339577e+03,2.522445174193864659e+03,9.990044153053402169e+02,1.403687752583433848e+03,9.734194935445651709e+02
8.330000000000000000e+02,3.379323476292424402e+03,2.524914293180510413e+03,9.997225415759625093e+02,1.405648817747169460e+03,9.739521169692934563e+02
8.340000000000000000e+02,3.382575162043648106e+03,2.527397013294101271e+03,1.000445992656006297e+03,1.407642525114992850e+03,9.744866442726494142e+02
8.350000000000000000e+02,3.385889314167573502e+03,2.529949983545583564e+03,1.001180103580860532e+03,1.409689257436033131e+03,9.750199531506783615e+02
8.360000000000000000e+02,3.389277123051523176e+03,2.532555726794850216e+03,1.001929625816930979e+03,1.411769105101072455e+03,9.755783921335198556e+02
8.370000000000000000e+02,3.392700158455533710e+03,2.535187693739543192e+03,1.002687120863003656e+03,1.413859767727480403e+03,9.761532698650493103e+02
8.380000000000000000e+02,3.396089171575466025e+03,2.537810041255973829e+03,1.003458212141548756e+03,1.415931437076326347e+03,9.766995223575902401e+02
8.390000000000000000e+02,3.399472120416707185e+03,2.540429453033095342e+03,1.004209510383339193e+03,1.418008202714990375e+03,9.772544073183787532e+02
8.400000000000000000e+02,3.402852602381037286e+03,2.543045783415248934e+03,1.004942391228602673e+03,1.420083261207467785e+03,9.778269499449668274e+02
8.410000000000000000e+02,3.406239995859731607e+03,2.545663135852850701e+03,1.005673676443655268e+03,1.422149785968559172e+03,9.784165334475173950e+02
8.420000000000000000e+02,3.409621754375586079e+03,2.548235076117078279e+03,1.006415166246760464e+03,1.424187960078993001e+03,9.790186280498322731e+02
8.430000000000000000e+02,3.413031561936046728e+03,2.550763863904566733e+03,1.007186725962434821e+03,1.426201357886740425e+03,9.796434780868714824e+02
8.440000000000000000e+02,3.416459733421345845e+03,2.553270180215234632e+03,1.007937237927772003e+03,1.428238275430245949e+03,9.802842200633288030e+02
8.450000000000000000e+02,3.419867514118983763e+03,2.555768294074728601e+03,1.008669065743858255e+03,1.430291395865471259e+03,9.809070525096545907e+02
8.460000000000000000e+02,3.423283757012483875e+03,2.558249066433054395e+03,1.009403440956676604e+03,1.432359179099285029e+03,9.815211369565225823e+02
8.470000000000000000e+02,3.426704544933092166e+03,2.560667521619244781e+03,1.010147457069709844e+03,1.434421527717453500e+03,9.821355601459290483e+02
8.480000000000000000e+02,3.430114901224419100e+03,2.563044015325045621e+03,1.010888654374870725e+03,1.436486778209017530e+03,9.827394686405298216e+02
8.490000000000000000e+02,3.433522878924447923e+03,2.565401449176434198e+03,1.011632070271343082e+03,1.438558565373423335e+03,9.833322432796819612e+02
8.500000000000000000e+02,3.436952267500865673e+03,2.567763871877978545e+03,1.012396729951073894e+03,1.440626454438091514e+03,9.839290831117010612e+02
8.510000000000000000e+02,3.440365314162081631e+03,2.570107285263668018e+03,1.013184213460751607e+03,1.442659012707336387e+03,9.845220879939945462e+02
8.520000000000000000e+02,3.443739106366946999e+03,2.572451641300650408e+03,1.013971285303291324e+03,1.444654322426341650e+03,9.851134986373141373e+02
8.530000000000000000e+02,3.447092120360777244e+03,2.574797848841392806e+03,1.014751425548269253e+03,1.446637743823374421e+03,9.857029509891337966e+02
8.540000000000000000e+02,3.450459266741001102e+03,2.577151474508902083e+03,1.015532033989452771e+03,1.448639611323357030e+03,9.862876214281908460e+02
8.550000000000000000e+02,3.453812718033758756e+03,2.579491855685424525e+03,1.016310860997763484e+03,1.450628237014694150e+03,9.868736200213000984e+02
8.560000000000000000e+02,3.457160011311854760e+03,2.581832220749775843e+03,1.017108025666778644e+03,1.452579975654716463e+03,9.874720099903599930e+02
8.570000000000000000e+02,3.460556024539112514e+03,2.584180064086762741e+03,1.017912233721206348e+03,1.454538445743657576e+03,9.881053450742492714e+02
8.580000000000000000e+02,3.463980762889054404e+03,2.586522768257463667e+03,1.018708285005200764e+03,1.456512535071598904e+03,9.887599428122541667e+02
8.590000000000000000e+02,3.467425094406148673e+03,2.588865033890097493e+03,1.019516360275959983e+03,1.458495623055002852e+03,9.894131110751856113e+02
8.600000000000000000e+02,3.470859437013267780e+03,2.591205570586167596e+03,1.020339270019880814e+03,1.460474919728396571e+03,9.900452472649900528e+02
8.610000000000000000e+02,3.474261397650863273e+03,2.593533955225015234e+03,1.021169986284576453e+03,1.462441249811343368e+03,9.906501615549441340e+02
8.620000000000000000e+02,3.477657456481717873e+03,2.595860826527307836e+03,1.021990149859482017e+03,1.464408964382326758e+03,9.912583422399096662e+02
8.630000000000000000e+02,3.481047798151736060e+03,2.598168607244276245e+03,1.022776872712794784e+03,1.466389916305774022e+03,9.918810091331673675e+02
8.640000000000000000e+02,3.484388683081422641e+03,2.600504987233256998e+03,1.023503553759670126e+03,1.468385068205075186e+03,9.925000611166773297e+02
8.650000000000000000e+02,3.487758256965395958e+03,2.602872567615344451e+03,1.024229057754289215e+03,1.470396417046284569e+03,9.931327821648230838e+02
8.660000000000000000e+02,3.491135961499408495e+03,2.605234110278316166e+03,1.024984258431107946e+03,1.472394978363471864e+03,9.937567247048287982e+02
8.670000000000000000e+02,3.494505193816374231e+03,2.607572702038644820e+03,1.025743610749033451e+03,1.474370071982827540e+03,9.943915110845125582e+02
8.680000000000000000e+02,3.497871179725125785e+03,2.609912950938615722e+03,1.026498117561181971e+03,1.476339843900877440e+03,9.950332182630672833e+02
8.690000000000000000e+02,3.501251352211166704e+03,2.612289646146667565e+03,1.027259979444478859e+03,1.478314628310056833e+03,9.956767444566306722e+02
8.700000000000000000e+02,3.504648028960961710e+03,2.614699345778279621e+03,1.028050820569511870e+03,1.480290839796509999e+03,9.963063685949398405e+02
8.710000000000000000e+02,3.508046907667662254e+03,2.617095606373807641e+03,1.028857764156319035e+03,1.482271048519249916e+03,9.969180949920934154e+02
8.720000000000000000e+02,3.511443816573580079e+03,2.619467953822144864e+03,1.029654937913987396e+03,1.484257551695630809e+03,9.975313269639624423e+02
8.730000000000000000e+02,3.514851015130658197e+03,2.621838243603182946e+03,1.030440034844542424e+03,1.486260977838350982e+03,9.981500024477651323e+02
8.740000000000000000e+02,3.518222486594597285e+03,2.624203309326130693e+03,1.031224932197223552e+03,1.488254705968839062e+03,9.987428484285350123e+02
8.750000000000000000e+02,3.521583331808770254e+03,2.626541541719836914e+03,1.032001573203733642e+03,1.490250436366915210e+03,9.993313222381217429e+02
8.760000000000000000e+02,3.524937121821400979e+03,2.628867690176201904e+03,1.032756726179733505e+03,1.492247952886382791e+03,9.999324427552850238e+02
8.770000000000000000e+02,3.528272941979652387e+03,2.631181045344322229e+03,1.033516835895190752e+03,1.494235567000113178e+03,1.000520539084348457e+03
8.780000000000000000e+02,3.531588832278716836e+03,2.633490836490352649e+03,1.034291348300783739e+03,1.496208012908529099e+03,1.001089471069403544e+03
8.790000000000000000e+02,3.534903335652799342e+03,2.635812734034084770e+03,1.035067384173708660e+03,1.498184124829440407e+03,1.001651826649649934e+03
8.800000000000000000e+02,3.538200082110912717e+03,2.638113107756635145e+03,1.035827127601094162e+03,1.500150941201026853e+03,1.002222013308790906e+03
8.810000000000000000e+02,3.541520763730627550e+03,2.640371846034701321e+03,1.036578954146803881e+03,1.502117902357405001e+03,1.002823907226418669e+03
8.820000000000000000e+02,3.544896725446674736e+03,2.642585314083518824e+03,1.037334107428826883e+03,1.504109797348849497e+03,1.003452820668998584e+03
8.830000000000000000e+02,3.548251993610168029e+03,2.644779204187618234e+03,1.038084774886366404e+03,1.506092811061874727e+03,1.004074407661926671e+03
8.840000000000000000e+02,3.551570577727080035e+03,2.646927157120176162e+03,1.038817887465142121e+03,1.508080812596794885e+03,1.004671877665142915e+03
8.850000000000000000e+02,3.554894368184364339e+03,2.649078691103011352e+03,1.039543245173596688e+03,1.510087819315896468e+03,1.005263303694871524e+03
8.860000000000000000e+02,3.558247304940615322e+03,2.651277686008013461e+03,1.040258887517500625e+03,1.512117155378205553e+03,1.005871262044909599e+03
8.870000000000000000e+02,3.561621626784893124e+03,2.653495219321710920e+03,1.040995783333454710e+03,1.514139636402161841e+03,1.006486207049277027e+03
8.880000000000000000e+02,3.565017786760272429e+03,2.655700301907973426e+03,1.041746481211040646e+03,1.516164512072714388e+03,1.007106793476517282e+03
8.890000000000000000e+02,3.568397458005146291e+03,2.657878720651548974e+03,1.042490907148881206e+03,1.518205925144971161e+03,1.007700625711294606e+03
8.900000000000000000e+02,3.571784502155015161e+03,2.660073146522575371e+03,1.043249247984663953e+03,1.520262826569862227e+03,1.008272427600489209e+03
8.910000000000000000e+02,3.575170274495633748e+03,2.662277640631732993e+03,1.044021673478669300e+03,1.522302049409727260e+03,1.008846551607237075e+03
8.920000000000000000e+02,3.578548314683583158e+03,2.664512354697385490e+03,1.044779667389540236e+03,1.524322730025391820e+03,1.009445917268651328e+03
8.930000000000000000e+02,3.581918825250152622e+03,2.666759912639958657e+03,1.045509996727352245e+03,1.526345774314411983e+03,1.010063054208389076e+03
8.940000000000000000e+02,3.585281951697280419e+03,2.669025860602820103e+03,1.046232280468346744e+03,1.528353205981315114e+03,1.010696465247619244e+03
8.950000000000000000e+02,3.588641746208669247e+03,2.671265464368376797e+03,1.046983374779316819e+03,1.530318432862036616e+03,1.011339938567314675e+03
8.960000000000000000e+02,3.592016036863432419e+03,2.673545814120083378e+03,1.047729712902347501e+03,1.532271123462101514e+03,1.012015200498982836e+03
8.970000000000000000e+02,3.595397103699299805e+03,2.675866061654017813e+03,1.048466435254839325e+03,1.534230763299986165e+03,1.012699905144474769e+03
8.980000000000000000e+02,3.598804108441242533e+03,2.678216459341974769e+03,1.049218842130989970e+03,1.536205142432196908e+03,1.013380123878054860e+03
8.990000000000000000e+02,3.602202577758193911e+03,2.680524182244751046e+03,1.049994122621201541e+03,1.538179778698105793e+03,1.014028676438886919e+03
9.000000000000000000e+02,3.605578420647103485e+03,2.682807842132640417e+03,1.050771150749180379e+03,1.540152939833428036e+03,1.014654330064495866e+03
9.010000000000000000e+02,3.608936926943417348e+03,2.685088500092962022e+03,1.051529617730196833e+03,1.542128408718261653e+03,1.015278900494958407e+03
9.020000000000000000e+02,3.612264956875734697e+03,2.687373917734526913e+03,1.052252670575429192e+03,1.544125113853983976e+03,1.015887172446321301e+03
9.030000000000000000e+02,3.615603912378510813e+03,2.689643314825552807e+03,1.052971641589627779e+03,1.546137808914026436e+03,1.016494461874856256e+03
9.040000000000000000e+02,3.618930246969342079e+03,2.691864227135091369e+03,1.053683099719633447e+03,1.548151086001318163e+03,1.017096061248390811e+03
9.050000000000000000e+02,3.622200754548148780e+03,2.694107336237407708e+03,1.054374356905400873e+03,1.550158266203642825e+03,1.017668131439104627e+03
9.060000000000000000e+02,3.625428925454561977e+03,2.696360228172720781e+03,1.055061871103096109e+03,1.552161613248381173e+03,1.018205441103084240e+03
9.070000000000000000e+02,3.628661429305650927e+03,2.698626761576862464e+03,1.055754364455081031e+03,1.554182715393065109e+03,1.018724349457504786e+03
9.080000000000000000e+02,3.631944369393678244e+03,2.700890754560366531e+03,1.056473147697567583e+03,1.556230487496652813e+03,1.019240734199457961e+03
9.090000000000000000e+02,3.635306190112380136e+03,2.703185876624790581e+03,1.057221923621919132e+03,1.558306606710794313e+03,1.019777659779667147e+03
9.100000000000000000e+02,3.638672359811871047e+03,2.705480128732836420e+03,1.057965598342425892e+03,1.560375857318321778e+03,1.020330904151122922e+03
9.110000000000000000e+02,3.642005056163633071e+03,2.707777626365601009e+03,1.058691160930904971e+03,1.562430493146456911e+03,1.020883402086271190e+03
9.120000000000000000e+02,3.645332638119721196e+03,2.710041592933590891e+03,1.059413824708859920e+03,1.564490105627917046e+03,1.021428707782944684e+03
9.130000000000000000e+02,3.648666410016870941e+03,2.712289835023010710e+03,1.060135168644547093e+03,1.566543745359964760e+03,1.021987496012359770e+03
9.140000000000000000e+02,3.652007957411400184e+03,2.714570941063713690e+03,1.060865719880441247e+03,1.568584805296613467e+03,1.022557432234345242e+03
9.150000000000000000e+02,3.655350097421983719e+03,2.716887250956472599e+03,1.061608757759437822e+03,1.570638013794180097e+03,1.023103325868366483e+03
9.160000000000000000e+02,3.658679997717882998e+03,2.719189718320069915e+03,1.062346813358068630e+03,1.572689914299152179e+03,1.023643270060662644e+03
9.170000000000000000e+02,3.662048077154240218e+03,2.721491265931653288e+03,1.063109657244624486e+03,1.574747576084745106e+03,1.024190843824870399e+03
9.180000000000000000e+02,3.665372074746777798e+03,2.723774012644817049e+03,1.063880898330643959e+03,1.576779303476920404e+03,1.024711872939212526e+03
9.190000000000000000e+02,3.668675820206347908e+03,2.726045079445332249e+03,1.064670539025520384e+03,1.578777468286198882e+03,1.025227812894628869e+03
9.200000000000000000e+02,3.672075181077168054e+03,2.728357425073197646e+03,1.065528666357032762e+03,1.580795033933569812e+03,1.025751480786565935e+03
9.210000000000000000e+02,3.675575753355659344e+03,2.730757121859703602e+03,1.066442460215599112e+03,1.582853705281372640e+03,1.026279587858686909e+03
9.220000000000000000e+02,3.679092154234978807e+03,2.733185822692230886e+03,1.067369290921685661e+03,1.584933600500123021e+03,1.026789262813169444e+03
9.230000000000000000e+02,3.682536480348250734e+03,2.735582189756094067e+03,1.068286694061692515e+03,1.586974057940653211e+03,1.027275728345905691e+03
9.240000000000000000e+02,3.685923647257564880e+03,2.737938041955485460e+03,1.069173576382182773e+03,1.589001366199192034e+03,1.027748704676190300e+03
9.250000000000000000e+02,3.689303346589818830e+03,2.740270366136376197e+03,1.070050535002376364e+03,1.591010081004506901e+03,1.028242730582935110e+03
9.260000000000000000e+02,3.692716495516384839e+03,2.742669369756840297e+03,1.070959684458349102e+03,1.593005136809115356e+03,1.028751674248920153e+03
9.270000000000000000e+02,3.696171198785838897e+03,2.745129195170357889e+03,1.071893337443932523e+03,1.595016076416103260e+03,1.029261784925802431e+03
9.280000000000000000e+02,3.699639375882584773e+03,2.747575844028579922e+03,1.072817286968442659e+03,1.597034063400209106e+03,1.029788025513933007e+03
9.290000000000000000e+02,3.703061654440155053e+03,2.750007583896140204e+03,1.073723716609870735e+03,1.599033741053126050e+03,1.030304196777158040e+03
9.300000000000000000e+02,3.706488493953977923e+03,2.752432250098463101e+03,1.074612163959793179e+03,1.601068767023769851e+03,1.030807562970413983e+03
9.310000000000000000e+02,3.709958957108706727e+03,2.754902841923475535e+03,1.075536289325274083e+03,1.603116249043342123e+03,1.031306418740090976e+03
9.320000000000000000e+02,3.713463674545354934e+03,2.757395941886483797e+03,1.076470279618925133e+03,1.605170658166194698e+03,1.031822736760236467e+03
9.330000000000000000e+02,3.716946735598640771e+03,2.759878253100471284e+03,1.077390700249633028e+03,1.607224206930670789e+03,1.032331828418337409e+03
9.340000000000000000e+02,3.720404360774579345e+03,2.762368143146323291e+03,1.078298722976307545e+03,1.609281498573917588e+03,1.032824139224353985e+03
9.350000000000000000e+02,3.723828861233139378e+03,2.764868913293373680e+03,1.079191906107973864e+03,1.611335418525778323e+03,1.033301536599386964e+03
9.360000000000000000e+02,3.727228611930423540e+03,2.767374495153437692e+03,1.080070302616118170e+03,1.613372559125910584e+03,1.033785750188394786e+03
9.370000000000000000e+02,3.730662670407958558e+03,2.769884655470107646e+03,1.080972893869944073e+03,1.615403708331573625e+03,1.034286068206440177e+03
9.380000000000000000e+02,3.734079182719097844e+03,2.772398725252043278e+03,1.081874132620608407e+03,1.617410118436020639e+03,1.034794931662469025e+03
9.390000000000000000e+02,3.737445755651049694e+03,2.774921264249616797e+03,1.082781640451089288e+03,1.619380781758491594e+03,1.035283333441467676e+03
9.400000000000000000e+02,3.740796927505806707e+03,2.777448282405755435e+03,1.083703373717333761e+03,1.621363139239855627e+03,1.035730414548617318e+03
9.410000000000000000e+02,3.744139154342080474e+03,2.780005807984490730e+03,1.084619150605021332e+03,1.623354067082932033e+03,1.036165936654128018e+03
9.420000000000000000e+02,3.747480537197608101e+03,2.782543349428162855e+03,1.085530396698887216e+03,1.625342130452751462e+03,1.036608010045969877e+03
9.430000000000000000e+02,3.750820863455685412e+03,2.785073472781888086e+03,1.086429259960231320e+03,1.627322417032498151e+03,1.037069186462956168e+03
9.440000000000000000e+02,3.754160930362138515e+03,2.787587675880001370e+03,1.087316492682155967e+03,1.629310420107335403e+03,1.037534017572648054e+03
9.450000000000000000e+02,3.757509901357241233e+03,2.790109903663520527e+03,1.088208082455578960e+03,1.631303633206262475e+03,1.037998185695400025e+03
9.460000000000000000e+02,3.760874940977108963e+03,2.792664083972458229e+03,1.089103087853444322e+03,1.633305191425573412e+03,1.038466661698091684e+03
9.470000000000000000e+02,3.764305359209639391e+03,2.795242161392037815e+03,1.090023970724042329e+03,1.635328861241601999e+03,1.038952527243995291e+03
9.480000000000000000e+02,3.767789927769014412e+03,2.797816533079404508e+03,1.090940864402794659e+03,1.637377415719185137e+03,1.039471647647034388e+03
9.490000000000000000e+02,3.771287310534246444e+03,2.800381450390618284e+03,1.091855645663188625e+03,1.639436451639747929e+03,1.039995213231309663e+03
9.500000000000000000e+02,3.774785644269109071e+03,2.802983448582261190e+03,1.092762830815660436e+03,1.641493409506444095e+03,1.040529403947004539e+03
9.510000000000000000e+02,3.778301711267056817e+03,2.805598025511343167e+03,1.093695682516150100e+03,1.643543626045911424e+03,1.041062402704995520e+03
9.520000000000000000e+02,3.781819013720336898e+03,2.808219902522565008e+03,1.094649487961575687e+03,1.645590561211740351e+03,1.041578964547020632e+03
9.530000000000000000e+02,3.785311073114619830e+03,2.810840704309445755e+03,1.095603428104466275e+03,1.647614457668555360e+03,1.042093187341597059e+03
9.540000000000000000e+02,3.788754724876639557e+03,2.813442820216569089e+03,1.096531607182010021e+03,1.649620446987286869e+03,1.042602670707343123e+03
9.550000000000000000e+02,3.792132566793573005e+03,2.815999263245671500e+03,1.097416083806052256e+03,1.651608001566310804e+03,1.043108481421209490e+03
9.560000000000000000e+02,3.795558421098531653e+03,2.818525907213824212e+03,1.098293244034901818e+03,1.653653870116763983e+03,1.043611306946866080e+03
9.570000000000000000e+02,3.798983555536736276e+03,2.821025165537513658e+03,1.099145111013159294e+03,1.655714636865972807e+03,1.044123807657604175e+03
9.580000000000000000e+02,3.802361618468451979e+03,2.823449359471011121e+03,1.099961997705973545e+03,1.657776692299964225e+03,1.044622928462513755e+03
9.590000000000000000e+02,3.805720514117755556e+03,2.825850510146202851e+03,1.100764831795715509e+03,1.659836823642319814e+03,1.045118858679719551e+03
9.600000000000000000e+02,3.809082646967826349e+03,2.828223018058618891e+03,1.101583499471717460e+03,1.661876043588162474e+03,1.045623103907946643e+03
9.610000000000000000e+02,3.812404942032586405e+03,2.830533861245522985e+03,1.102399057406918928e+03,1.663891025811749614e+03,1.046114858813918545e+03
9.620000000000000000e+02,3.815692172984061472e+03,2.832823879745428258e+03,1.103210084812568311e+03,1.665898707355339184e+03,1.046583380816153067e+03
9.630000000000000000e+02,3.818950395775528250e+03,2.835066096734990424e+03,1.104004061861019636e+03,1.667928051152281114e+03,1.047018282762227045e+03
9.640000000000000000e+02,3.822187556420913552e+03,2.837277230340614096e+03,1.104785848831812928e+03,1.669971215538285151e+03,1.047430492050814564e+03
9.650000000000000000e+02,3.825426349837769521e+03,2.839497886955405647e+03,1.105569895609633022e+03,1.672037353537100671e+03,1.047819100691035374e+03
9.660000000000000000e+02,3.828700038524949832e+03,2.841741620771254929e+03,1.106383910994521329e+03,1.674135089706320286e+03,1.048181037824108444e+03
9.670000000000000000e+02,3.832001815299041482e+03,2.843993466238708606e+03,1.107218688760570785e+03,1.676242126368502340e+03,1.048541000169968811e+03
9.680000000000000000e+02,3.835291135131720694e+03,2.846212044044231334e+03,1.108055022422784077e+03,1.678322374427914383e+03,1.048913738281022461e+03
9.690000000000000000e+02,3.838598617201433626e+03,2.848405150543948366e+03,1.108892187112793863e+03,1.680398745248955038e+03,1.049307684839685407e+03
9.700000000000000000e+02,3.841921178146677903e+03,2.850644442711356533e+03,1.109737595579114895e+03,1.682483512268584036e+03,1.049700070298979426e+03
9.710000000000000000e+02,3.845244066199260033e+03,2.852942306977714907e+03,1.110569979425019937e+03,1.684576525475426024e+03,1.050097561298814071e+03
9.720000000000000000e+02,3.848579182801706338e+03,2.855300372386287563e+03,1.111390186751359124e+03,1.686672761852207941e+03,1.050516234198139273e+03
9.730000000000000000e+02,3.851908596353831854e+03,2.857679814784017253e+03,1.112188375904574059e+03,1.688778709003757058e+03,1.050941511445500282e+03
9.740000000000000000e+02,3.855281657851785894e+03,2.860037038315532754e+03,1.112983521052560945e+03,1.690928212360193811e+03,1.051369924439030683e+03
9.750000000000000000e+02,3.858593859952384719e+03,2.862402251710410837e+03,1.113762776847793702e+03,1.693056085729339884e+03,1.051774997375251132e+03
9.760000000000000000e+02,3.861863844869440072e+03,2.864774889349748264e+03,1.114534062740292484e+03,1.695171534741059759e+03,1.052158247388087148e+03
9.770000000000000000e+02,3.865122681187970556e+03,2.867111005720376852e+03,1.115311903613734557e+03,1.697277857874753408e+03,1.052532919699482136e+03
9.780000000000000000e+02,3.868405071360318288e+03,2.869465323544199691e+03,1.116087175753924839e+03,1.699396115173486123e+03,1.052921780432908236e+03
9.790000000000000000e+02,3.871677149951036881e+03,2.871837498250926274e+03,1.116851316373448981e+03,1.701507207569143702e+03,1.053318626008442607e+03
9.800000000000000000e+02,3.874901562926794668e+03,2.874233990260916016e+03,1.117593801757020401e+03,1.703604753240514810e+03,1.053703007929259229e+03
9.810000000000000000e+02,3.878123712955608880e+03,2.876674482248577078e+03,1.118336042120786715e+03,1.705716200277284997e+03,1.054071470557536713e+03
9.820000000000000000e+02,3.881337956160231897e+03,2.879105141983093290e+03,1.119080763753235487e+03,1.707832314389931980e+03,1.054424878017064657e+03
9.830000000000000000e+02,3.884562492665748778e+03,2.881544566202881470e+03,1.119849195505564694e+03,1.709950153410424264e+03,1.054763143749760047e+03
9.840000000000000000e+02,3.887813796589118283e+03,2.884006264555760481e+03,1.120629264429448085e+03,1.712069396285377024e+03,1.055115135874293173e+03
9.850000000000000000e+02,3.891095206312163555e+03,2.886534677447855302e+03,1.121404728206866366e+03,1.714200304843798904e+03,1.055490173261498057e+03
9.860000000000000000e+02,3.894368916785871988e+03,2.889086587608860555e+03,1.122175677713105415e+03,1.716333702467226658e+03,1.055859536605539688e+03
9.870000000000000000e+02,3.897626822104857183e+03,2.891594194477792371e+03,1.122947929625351662e+03,1.718446323783382013e+03,1.056232568696123053e+03
9.880000000000000000e+02,3.900853908626108023e+03,2.894060153748952871e+03,1.123682216322169097e+03,1.720572647064906050e+03,1.056599045239032876e+03
9.890000000000000000e+02,3.904044808788700720e+03,2.896501565502932863e+03,1.124384802392294432e+03,1.722710038809698062e+03,1.056949967586708453e+03
9.900000000000000000e+02,3.907232173861616957e+03,2.898944015951153688e+03,1.125086420885358621e+03,1.724842852485854792e+03,1.057302900490404454e+03
9.910000000000000000e+02,3.910449777774590530e+03,2.901387249732975306e+03,1.125805167222921909e+03,1.726956299940303552e+03,1.057688310611364614e+03
9.920000000000000000e+02,3.913690205345462346e+03,2.903860213207375182e+03,1.126544050940990246e+03,1.729055539991289379e+03,1.058090614413183175e+03
9.930000000000000000e+02,3.916927536705813054e+03,2.906296594892660323e+03,1.127289192061163021e+03,1.731172468339444777e+03,1.058465876305205256e+03
9.940000000000000000e+02,3.920162706071269440e+03,2.908677306392562514e+03,1.128020504894540636e+03,1.733315744723001671e+03,1.058826456453726905e+03
9.950000000000000000e+02,3.923381311554409422e+03,2.911029090736286435e+03,1.128738395956832846e+03,1.735453842005395245e+03,1.059189073592182012e+03
9.960000000000000000e+02,3.926608197378856858e+03,2.913434394570346285e+03,1.129446669459590566e+03,1.737578865656767903e+03,1.059582662262498843e+03
9.970000000000000000e+02,3.929840724439614860e+03,2.915838815848206195e+03,1.130162984752318607e+03,1.739702608238045968e+03,1.059975131449249830e+03
9.980000000000000000e+02,3.933038307118099965e+03,2.918260672709363462e+03,1.130869379266105625e+03,1.741807835029912439e+03,1.060361092822080991e+03
9.990000000000000000e+02,3.936236811817231683e+03,2.920655668842459818e+03,1.131582539900123948e+03,1.743886317766041657e+03,1.060767954151065624e+03
1.000000000000000000e+03,3.939411101730185237e+03,2.923014087845862832e+03,1.132290536090156365e+03,1.745937505909432048e+03,1.061183059730596597e+03
1.001000000000000000e+03,3.942541986608041043e+03,2.925335206254446348e+03,1.133000630414167063e+03,1.747966111057258559e+03,1.061575245136615422e+03
1.002000000000000000e+03,3.945651464146149465e+03,2.927628214450011910e+03,1.133713422952906740e+03,1.750001263736264718e+03,1.061936777456977779e+03
1.003000000000000000e+03,3.948743115153024064e+03,2.929919260982242577e+03,1.134430605875603078e+03,1.752053460597207504e+03,1.062259048680213482e+03
1.004000000000000000e+03,3.951816941823311026e+03,2.932207508467643493e+03,1.135145697280440345e+03,1.754098094567225871e+03,1.062573149975645720e+03
1.005000000000000000e+03,3.954862191810959303e+03,2.934506644305333793e+03,1.135862253795750121e+03,1.756121916462477657e+03,1.062878021552730843e+03
1.006000000000000000e+03,3.957937077763352136e+03,2.936811076215535195e+03,1.136598845323420846e+03,1.758158311076857444e+03,1.063179921363074300e+03
1.007000000000000000e+03,3.961005641674276376e+03,2.939100341722207759e+03,1.137335659471048302e+03,1.760204508416246881e+03,1.063465473786981875e+03
1.008000000000000000e+03,3.964080164465375219e+03,2.941409924080775454e+03,1.138077399798249417e+03,1.762258051604412231e+03,1.063744713062712435e+03
1.009000000000000000e+03,3.967199734177246228e+03,2.943721875785714928e+03,1.138830360047252270e+03,1.764321115057392262e+03,1.064048259072601923e+03
1.010000000000000000e+03,3.970322859466430145e+03,2.946021510506102913e+03,1.139570287612164066e+03,1.766378301474255522e+03,1.064374270380010330e+03
1.011000000000000000e+03,3.973472661522121143e+03,2.948320944501491795e+03,1.140325451338980201e+03,1.768434238806744816e+03,1.064712971376395217e+03
1.012000000000000000e+03,3.976615204173899656e+03,2.950622095257680940e+03,1.141090776731599817e+03,1.770469959887792811e+03,1.065054467554507482e+03
1.013000000000000000e+03,3.979750627036647529e+03,2.952903436790325941e+03,1.141845741768712060e+03,1.772517272430920684e+03,1.065387612837014331e+03
1.014000000000000000e+03,3.982895585867214777e+03,2.955184876016035560e+03,1.142589676690268107e+03,1.774558523360083655e+03,1.065747385816862788e+03
1.015000000000000000e+03,3.986043054054912318e+03,2.957437176205224205e+03,1.143336109864123273e+03,1.776577418346768127e+03,1.066129525844020236e+03
1.016000000000000000e+03,3.989218727696196765e+03,2.959680779228282063e+03,1.144093310503032626e+03,1.778580980831654870e+03,1.066544436361509042e+03
1.017000000000000000e+03,3.992394274206165392e+03,2.961888974606328247e+03,1.144841841488071850e+03,1.780585667397794850e+03,1.066966765320298919e+03
1.018000000000000000e+03,3.995557941959983964e+03,2.964067310628155610e+03,1.145560348489479338e+03,1.782606815496604668e+03,1.067390777973899048e+03
1.019000000000000000e+03,3.998657915197550665e+03,2.966203059721157388e+03,1.146261907673233964e+03,1.784615762103935367e+03,1.067780245420382698e+03
1.020000000000000000e+03,4.001700074385570133e+03,2.968226416983137824e+03,1.146939565279360750e+03,1.786597219343635061e+03,1.068163289762574323e+03
1.021000000000000000e+03,4.004756257130307404e+03,2.970224565287930545e+03,1.147614330449302997e+03,1.788587126086989429e+03,1.068554800594013841e+03
1.022000000000000000e+03,4.007857372353380924e+03,2.972252270475982186e+03,1.148288972088199898e+03,1.790588124572094557e+03,1.068980275693086242e+03
1.023000000000000000e+03,4.010931121223423361e+03,2.974283118382286375e+03,1.148953200451782095e+03,1.792600822311711454e+03,1.069377098459930266e+03
1.024000000000000000e+03,4.013963846682159783e+03,2.976265746886457691e+03,1.149594257045293716e+03,1.794602052865816177e+03,1.069767536771049890e+03
1.025000000000000000e+03,4.016934517670038076e+03,2.978243077650311534e+03,1.150192752876664827e+03,1.796597587491406330e+03,1.070144177301966465e+03
1.026000000000000000e+03,4.019864296300958813e+03,2.980264596948884446e+03,1.150747200597068058e+03,1.798613109329183089e+03,1.070503986374706756e+03
1.027000000000000000e+03,4.022764398666939996e+03,2.982335299442917858e+03,1.151286662822420567e+03,1.800627306404733872e+03,1.070850429439786694e+03
1.028000000000000000e+03,4.025664550991225497e+03,2.984431848224345231e+03,1.151831700080139399e+03,1.802630266412978017e+03,1.071202584498107854e+03
1.029000000000000000e+03,4.028576307959790483e+03,2.986504001368626632e+03,1.152385735643485077e+03,1.804632643216018096e+03,1.071557929100287993e+03
1.030000000000000000e+03,4.031486643606790949e+03,2.988588765949616118e+03,1.152941140000086079e+03,1.806615140017701151e+03,1.071930363589003264e+03
1.031000000000000000e+03,4.034452076049531570e+03,2.990696960632679748e+03,1.153485343934152979e+03,1.808618828508252136e+03,1.072347903607127137e+03
1.032000000000000000e+03,4.037472217754667327e+03,2.992880206288578393e+03,1.154033984967209562e+03,1.810638926380634075e+03,1.072799306406823916e+03
1.033000000000000000e+03,4.040530451418212124e+03,2.995125305349180962e+03,1.154612247370405839e+03,1.812642766772951290e+03,1.073275437274854312e+03
1.034000000000000000e+03,4.043636102529843811e+03,2.997413113757613246e+03,1.155225757758444615e+03,1.814653852075782879e+03,1.073756492695615407e+03
1.035000000000000000e+03,4.046702394818962603e+03,2.999705812905179300e+03,1.155840728279134055e+03,1.816669095471916535e+03,1.074192571067911103e+03
1.036000000000000000e+03,4.049788186285694792e+03,3.002004856230873884e+03,1.156448724049260363e+03,1.818722445045126278e+03,1.074617017191307923e+03
1.037000000000000000e+03,4.052909409782727835e+03,3.004349323450051997e+03,1.157065665127219518e+03,1.820782384108967335e+03,1.075061360546540300e+03
1.038000000000000000e+03,4.056073687574634278e+03,3.006695880857582324e+03,1.157694401374233166e+03,1.822854704592774169e+03,1.075524581607628079e+03
1.039000000000000000e+03,4.059220375685622912e+03,3.009049471952502699e+03,1.158333814698492915e+03,1.824912063650448545e+03,1.075974497336681225e+03
1.040000000000000000e+03,4.062357991109315662e+03,3.011343608164352190e+03,1.158977335820463850e+03,1.826952164678664076e+03,1.076428490610187737e+03
1.041000000000000000e+03,4.065498736519746217e+03,3.013593054002181816e+03,1.159614097879204337e+03,1.828993932765254385e+03,1.076890705875287949e+03
1.042000000000000000e+03,4.068658563556358331e+03,3.015833015034417258e+03,1.160269720251568060e+03,1.831045464493397503e+03,1.077343378811393677e+03
1.043000000000000000e+03,4.071875786457568211e+03,3.018133808454142127e+03,1.160948228359868608e+03,1.833125797859621571e+03,1.077801760238077804e+03
1.044000000000000000e+03,4.075200301539754037e+03,3.020476849934197162e+03,1.161643774894201442e+03,1.835264344714295248e+03,1.078292181931257119e+03
1.045000000000000000e+03,4.078564021545686501e+03,3.022840517682807786e+03,1.162339634347930314e+03,1.837428257709958871e+03,1.078796129487796634e+03
1.046000000000000000e+03,4.081900808562082148e+03,3.025223788307622726e+03,1.163040257015345105e+03,1.839562911844211612e+03,1.079297639702524975e+03
1.047000000000000000e+03,4.085174338802689363e+03,3.027606457137082543e+03,1.163731711006064415e+03,1.841638461358671975e+03,1.079804166437952972e+03
1.048000000000000000e+03,4.088417459719209091e+03,3.030017792332439512e+03,1.164411920980459399e+03,1.843692366197897400e+03,1.080313172540852293e+03
1.049000000000000000e+03,4.091666236023153942e+03,3.032434448331971907e+03,1.165109642930926384e+03,1.845725697584736963e+03,1.080830895507490368e+03
1.050000000000000000e+03,4.094954696589260038e+03,3.034856044019382352e+03,1.165832106794324545e+03,1.847744532520895518e+03,1.081378057274039747e+03
1.051000000000000000e+03,4.098213932611701239e+03,3.037299607172471951e+03,1.166571108494923010e+03,1.849749557137573447e+03,1.081893266979205464e+03
1.052000000000000000e+03,4.101415499923062271e+03,3.039720789386644810e+03,1.167293856182549007e+03,1.851728914716110694e+03,1.082392729024402342e+03
1.053000000000000000e+03,4.104625293342584882e+03,3.042141632805691643e+03,1.168007595800105719e+03,1.853708723141561904e+03,1.082908974400917486e+03
1.054000000000000000e+03,4.107783109447156676e+03,3.044539460892038733e+03,1.168702613420782654e+03,1.855671855737778969e+03,1.083408640288594597e+03
1.055000000000000000e+03,4.110922151599110293e+03,3.046926532412883716e+03,1.169393391014374401e+03,1.857627744723634123e+03,1.083901015861102678e+03
1.056000000000000000e+03,4.114061820305746551e+03,3.049299813526790331e+03,1.170094779905624364e+03,1.859578902229715823e+03,1.084388138170406137e+03
1.057000000000000000e+03,4.117255280851180032e+03,3.051720016329945793e+03,1.170817005621395992e+03,1.861545353647870115e+03,1.084892921581913470e+03
1.058000000000000000e+03,4.120491080350730044e+03,3.054128469245122233e+03,1.171558029584940869e+03,1.863523862296067364e+03,1.085409188469721357e+03
1.059000000000000000e+03,4.123673786809068588e+03,3.056501086316288365e+03,1.172297334525080259e+03,1.865469135074962878e+03,1.085907317209026132e+03
1.060000000000000000e+03,4.126826886026812645e+03,3.058894248659206824e+03,1.173074658253217649e+03,1.867363432331175773e+03,1.086388795442419678e+03
1.061000000000000000e+03,4.130019455167052911e+03,3.061306684142602080e+03,1.173905106728095006e+03,1.869242300165536335e+03,1.086872048273422024e+03
1.062000000000000000e+03,4.133264529691410644e+03,3.063775338877914692e+03,1.174776546999548145e+03,1.871104042042172750e+03,1.087383940649689066e+03
1.063000000000000000e+03,4.136503013849893250e+03,3.066249017138206000e+03,1.175663270165219274e+03,1.872961488682948357e+03,1.087878255001725393e+03
1.064000000000000000e+03,4.139676486538750396e+03,3.068688512009924580e+03,1.176537351839750045e+03,1.874794868630267274e+03,1.088344266068734441e+03
1.065000000000000000e+03,4.142844722195113718e+03,3.071123350059219774e+03,1.177431824478608405e+03,1.876602704399416325e+03,1.088810193317089670e+03
1.066000000000000000e+03,4.146049049109185034e+03,3.073580618715036053e+03,1.178333705853479387e+03,1.878393395653563175e+03,1.089321947602143609e+03
1.067000000000000000e+03,4.149256098374734393e+03,3.076047824839672103e+03,1.179231540874415259e+03,1.880163179969109024e+03,1.089861377531210110e+03
1.068000000000000000e+03,4.152424077378595030e+03,3.078526055762481974e+03,1.180115270686009126e+03,1.881918241679366929e+03,1.090390565013218747e+03
1.069000000000000000e+03,4.155556658754672753e+03,3.081022720771338300e+03,1.180962354811049863e+03,1.883666601920002677e+03,1.090927702023620895e+03
1.070000000000000000e+03,4.158714960619746307e+03,3.083493209542521527e+03,1.181796166797660135e+03,1.885441287856541294e+03,1.091477505965545106e+03
1.071000000000000000e+03,4.161921385505229409e+03,3.085926678079680642e+03,1.182650193123849476e+03,1.887231375956107058e+03,1.092039816425272875e+03
1.072000000000000000e+03,4.165141888343445316e+03,3.088323290427815209e+03,1.183512860988505281e+03,1.889028387568875132e+03,1.092600639786064221e+03
1.073000000000000000e+03,4.168356681971536091e+03,3.090684093413593928e+03,1.184378023335315902e+03,1.890835763264303068e+03,1.093142895371915984e+03
1.074000000000000000e+03,4.171595058681515184e+03,3.093097273523808326e+03,1.185252965309465026e+03,1.892667293785223592e+03,1.093674799586827248e+03
1.075000000000000000e+03,4.174848792373158176e+03,3.095545835599647489e+03,1.186142877268874599e+03,1.894504068897122579e+03,1.094201846207162362e+03
1.076000000000000000e+03,4.178112207766571373e+03,3.097957553757893038e+03,1.187036138908863450e+03,1.896343008382731114e+03,1.094733060474976810e+03
1.077000000000000000e+03,4.181335233487190635e+03,3.100333786185090048e+03,1.187914764059355093e+03,1.898186380407871638e+03,1.095234089019963449e+03
1.078000000000000000e+03,4.184502049830609394e+03,3.102717290136990869e+03,1.188781786610610880e+03,1.900036418123263502e+03,1.095683845096734103e+03
1.079000000000000000e+03,4.187620818254339611e+03,3.105112342380173686e+03,1.189655828742895665e+03,1.901877148405095795e+03,1.096087841106349060e+03
1.080000000000000000e+03,4.190797847601857029e+03,3.107532775667133592e+03,1.190547003472895994e+03,1.903742301629064514e+03,1.096508542499896294e+03
1.081000000000000000e+03,4.194020362099946396e+03,3.109961476391648375e+03,1.191439309453270425e+03,1.905625277591137547e+03,1.096955775055537970e+03
1.082000000000000000e+03,4.197203778841027997e+03,3.112422884583904761e+03,1.192305695947705772e+03,1.907507662829531228e+03,1.097390420063790998e+03
1.083000000000000000e+03,4.200360907813315862e+03,3.114909542460321518e+03,1.193126045915195391e+03,1.909410762916261547e+03,1.097824098981858924e+03
1.084000000000000000e+03,4.203490297880170147e+03,3.117407904550187141e+03,1.193926946979953300e+03,1.911286955393249400e+03,1.098276395506967901e+03
1.085000000000000000e+03,4.206620986354428169e+03,3.119889559455615654e+03,1.194728794675396330e+03,1.913130604035709666e+03,1.098761587643321263e+03
1.086000000000000000e+03,4.209742254813942964e+03,3.122401949938600410e+03,1.195539874216745375e+03,1.914957069799068904e+03,1.099245310798128685e+03
1.087000000000000000e+03,4.212855436110499795e+03,3.124980346872807331e+03,1.196347443167562687e+03,1.916772241681027708e+03,1.099735751261909400e+03
1.088000000000000000e+03,4.215969042173017442e+03,3.127563659628957339e+03,1.197135321150286472e+03,1.918580444421944321e+03,1.100253276600785057e+03
1.089000000000000000e+03,4.219078738962837633e+03,3.130058052248683452e+03,1.197915292637401308e+03,1.920380931918377655e+03,1.100782514407058898e+03
1.090000000000000000e+03,4.222193957561866227e+03,3.132509509706864264e+03,1.198702744176966235e+03,1.922192573773739014e+03,1.101298639611161434e+03
1.091000000000000000e+03,4.225293838770851835e+03,3.134936386147108806e+03,1.199492241322643395e+03,1.924027039409083272e+03,1.101774558039126077e+03
1.092000000000000000e+03,4.228389424288665396e+03,3.137340587527923617e+03,1.200283698006410759e+03,1.925861382420048130e+03,1.102244343862205824e+03
1.093000000000000000e+03,4.231507925301702016e+03,3.139795364691218765e+03,1.201073902186133637e+03,1.927695008052035746e+03,1.102739015063533316e+03
1.094000000000000000e+03,4.234601430726385843e+03,3.142275083656428706e+03,1.201836310328750187e+03,1.929524899064392912e+03,1.103240221333243653e+03
1.095000000000000000e+03,4.237668880041068405e+03,3.144749448150283570e+03,1.202578398925358670e+03,1.931344450351831711e+03,1.103746030763877116e+03
1.096000000000000000e+03,4.240726186234910529e+03,3.147243481600763062e+03,1.203306265886460778e+03,1.933164997448592430e+03,1.104254922899858002e+03
1.097000000000000000e+03,4.243776646765957594e+03,3.149767111502213993e+03,1.204033863828217818e+03,1.934963649175483852e+03,1.104779133762253650e+03
1.098000000000000000e+03,4.246801831710972692e+03,3.152293542952877488e+03,1.204775812913409936e+03,1.936735358548821068e+03,1.105290660248741233e+03
1.099000000000000000e+03,4.249834373775948734e+03,3.154810868037252021e+03,1.205531398767364635e+03,1.938505471882627262e+03,1.105797503125956837e+03
1.100000000000000000e+03,4.252916627521723967e+03,3.157367812866632903e+03,1.206313855715392720e+03,1.940276402712149547e+03,1.106326369094181018e+03
1.101000000000000000e+03,4.256040776943618766e+03,3.159934657634139057e+03,1.207116480566429118e+03,1.942045127687234299e+03,1.106879168689956487e+03
1.102000000000000000e+03,4.259116724586273449e+03,3.162458450955336048e+03,1.207910704283871610e+03,1.943806966776207219e+03,1.107399053526193484e+03
1.103000000000000000e+03,4.262186216261947266e+03,3.164960942798547421e+03,1.208691108908735487e+03,1.945576732043933589e+03,1.107918375309277280e+03
1.104000000000000000e+03,4.265244400468645836e+03,3.167465463218328296e+03,1.209451216552877440e+03,1.947349820981755784e+03,1.108443362934011475e+03
1.105000000000000000e+03,4.268327845235196037e+03,3.169975917362572545e+03,1.210208894859632665e+03,1.949142168376092741e+03,1.108976781999470859e+03
1.106000000000000000e+03,4.271422467970787693e+03,3.172481645618340281e+03,1.210990913340134739e+03,1.950938207536614982e+03,1.109493347094039109e+03
1.107000000000000000e+03,4.274507060770147291e+03,3.174955859800922099e+03,1.211778043624759221e+03,1.952736542346377973e+03,1.109992474799009415e+03
1.108000000000000000e+03,4.277595082204718892e+03,3.177396348498513362e+03,1.212573757910950690e+03,1.954545356577925531e+03,1.110475967715842216e+03
1.109000000000000000e+03,4.280693708969883119e+03,3.179846786250997411e+03,1.213355957800696387e+03,1.956368753523028090e+03,1.110968997646158641e+03
1.110000000000000000e+03,4.283805689484291179e+03,3.182322645303232548e+03,1.214100527343407293e+03,1.958210674170494485e+03,1.111494487970389173e+03
1.111000000000000000e+03,4.286934945191484985e+03,3.184839739103021657e+03,1.214841664760387403e+03,1.960060025813615766e+03,1.112033254617480907e+03
1.112000000000000000e+03,4.290066013408408253e+03,3.187344367765675997e+03,1.215593922960934151e+03,1.961903231572448931e+03,1.112568858875025853e+03
1.113000000000000000e+03,4.293225749441392509e+03,3.189864000910440609e+03,1.216363438178466140e+03,1.963742246484462157e+03,1.113120064778465348e+03
1.114000000000000000e+03,4.296444735042487082e+03,3.192443577336610360e+03,1.217153787466626454e+03,1.965593506844933927e+03,1.113697440730924882e+03
1.115000000000000000e+03,4.299694957537865776e+03,3.195062044114427408e+03,1.217942363567295160e+03,1.967465634425829876e+03,1.114286959544739830e+03
1.116000000000000000e+03,4.302950629672091964e+03,3.197729050006341367e+03,1.218716983120880968e+03,1.969349192036753038e+03,1.114884454514457957e+03
1.117000000000000000e+03,4.306184047457081761e+03,3.200405823889177100e+03,1.219492644784886124e+03,1.971214707644605824e+03,1.115476695027591177e+03
1.118000000000000000e+03,4.309384136049981862e+03,3.203015289716991447e+03,1.220262396648977074e+03,1.973067428410065531e+03,1.116054310990939939e+03
1.119000000000000000e+03,4.312588835235993429e+03,3.205605733314540885e+03,1.221036424686430792e+03,1.974896003611949709e+03,1.116656406937614065e+03
1.120000000000000000e+03,4.315836055148676678e+03,3.208184252351274154e+03,1.221828904559099556e+03,1.976738572218144327e+03,1.117268578371432795e+03
1.121000000000000000e+03,4.319096559428315231e+03,3.210741558760673797e+03,1.222608022148921236e+03,1.978594385056763031e+03,1.117894152222631874e+03
1.122000000000000000e+03,4.322375654126457448e+03,3.213251659481313254e+03,1.223376601609250883e+03,1.980457516591269041e+03,1.118541535925938661e+03
1.123000000000000000e+03,4.325660614016524960e+03,3.215744223481455720e+03,1.224128291217024980e+03,1.982324177219249123e+03,1.119208145580251085e+03
1.124000000000000000e+03,4.328930770644738914e+03,3.218222337780397083e+03,1.224859527724202508e+03,1.984165988676525785e+03,1.119905254244010393e+03
1.125000000000000000e+03,4.332178029136553050e+03,3.220711379173853857e+03,1.225585713202744728e+03,1.985985878401636683e+03,1.120606437532171185e+03
1.126000000000000000e+03,4.335415400396198493e+03,3.223184533832464240e+03,1.226342841460435466e+03,1.987776471495916439e+03,1.121296087439847497e+03
1.127000000000000000e+03,4.338641158959012500e+03,3.225661893794860589e+03,1.227128684419329602e+03,1.989550299055931873e+03,1.121962175483751025e+03
1.128000000000000000e+03,4.341870184653579599e+03,3.228161623181595587e+03,1.227913129932207767e+03,1.991322360364607903e+03,1.122634694356763475e+03
1.129000000000000000e+03,4.345118615027040505e+03,3.230727987353222034e+03,1.228698507981999455e+03,1.993100216808152936e+03,1.123319890236889250e+03
1.130000000000000000e+03,4.348389807621822911e+03,3.233313631097009420e+03,1.229497475241261782e+03,1.994895863179077423e+03,1.123996469201483251e+03
1.131000000000000000e+03,4.351692339577180064e+03,3.235924718001469500e+03,1.230302532028341147e+03,1.996720655746467401e+03,1.124669151802371061e+03
1.132000000000000000e+03,4.355031095235484827e+03,3.238567963220095407e+03,1.231093679771936650e+03,1.998567047199413992e+03,1.125370368264133958e+03
1.133000000000000000e+03,4.358300139648940785e+03,3.241183264080830668e+03,1.231837248660361865e+03,2.000410439858309019e+03,1.126052451130271265e+03
1.134000000000000000e+03,4.361561298814455768e+03,3.243783634955320395e+03,1.232578984770239231e+03,2.002267926745969362e+03,1.126714387298246947e+03
1.135000000000000000e+03,4.364852809816943591e+03,3.246355141727842238e+03,1.233309212026286559e+03,2.004162648734541335e+03,1.127380949056116606e+03
1.136000000000000000e+03,4.368145579153830113e+03,3.248965795799795615e+03,1.234048024766428398e+03,2.006054110966972075e+03,1.128043443420429412e+03
1.137000000000000000e+03,4.371443642125047518e+03,3.251573037973325427e+03,1.234802338537192099e+03,2.007939220963862226e+03,1.128702082623993419e+03
1.138000000000000000e+03,4.374718146057058220e+03,3.254113178093556598e+03,1.235570324449266764e+03,2.009802927339927919e+03,1.129344894267862173e+03
1.139000000000000000e+03,4.377995939772643396e+03,3.256663628515952041e+03,1.236329300672466616e+03,2.011671453900940378e+03,1.129995185199236857e+03
1.140000000000000000e+03,4.381307731385893931e+03,3.259238046224033042e+03,1.237090963032852414e+03,2.013578018598211656e+03,1.130638749754831679e+03
1.141000000000000000e+03,4.384599192849173050e+03,3.261755550788317578e+03,1.237857151226983660e+03,2.015470214450218919e+03,1.131271827171971836e+03
1.142000000000000000e+03,4.387826426470925071e+03,3.264234694424381360e+03,1.238611122712715314e+03,2.017321439126318410e+03,1.131893864631890665e+03
1.143000000000000000e+03,4.391042954630493114e+03,3.266737800247344239e+03,1.239392288787364578e+03,2.019121232832507758e+03,1.132529433010620096e+03
1.144000000000000000e+03,4.394295312448256482e+03,3.269250991816169062e+03,1.240187613493692652e+03,2.020933650724371546e+03,1.133174048230192057e+03
1.145000000000000000e+03,4.397565058242690611e+03,3.271779235968492230e+03,1.240973799851194144e+03,2.022763420351880541e+03,1.133827838039615472e+03
1.146000000000000000e+03,4.400797167636641461e+03,3.274280034406962386e+03,1.241748328920215044e+03,2.024585661762847394e+03,1.134463176953577886e+03
1.147000000000000000e+03,4.403950109218581019e+03,3.276724494338402110e+03,1.242493126150638773e+03,2.026372748780771417e+03,1.135084234287171512e+03
1.148000000000000000e+03,4.407177000841936206e+03,3.279201167984228505e+03,1.243249105740700998e+03,2.028196542536144989e+03,1.135731352565090219e+03
1.149000000000000000e+03,4.410523678441536504e+03,3.281722074010953293e+03,1.244025796356683259e+03,2.030085168416960414e+03,1.136412713667893058e+03
1.150000000000000000e+03,4.413965169049641190e+03,3.284284711648152552e+03,1.244832466072137095e+03,2.032023666010958095e+03,1.137109036966545318e+03
1.151000000000000000e+03,4.417434661169499122e+03,3.286857542285238651e+03,1.245637212198992756e+03,2.033990679516967703e+03,1.137806769453539800e+03
1.152000000000000000e+03,4.420898293444212868e+03,3.289404610443959427e+03,1.246444251963158194e+03,2.035962902348150919e+03,1.138491139132903754e+03
1.153000000000000000e+03,4.424346762858504007e+03,3.291914074402714505e+03,1.247258433660851097e+03,2.037929800159154865e+03,1.139158529038497818e+03
1.154000000000000000e+03,4.427788912563934900e+03,3.294417175151952506e+03,1.248088657176990182e+03,2.039889945547882235e+03,1.139810309839063166e+03
1.155000000000000000e+03,4.431205931802611303e+03,3.296875278616104879e+03,1.248901495207894186e+03,2.041845108918612368e+03,1.140459327676104294e+03
1.156000000000000000e+03,4.434614587929671870e+03,3.299313472911158897e+03,1.249695977754711521e+03,2.043808464253514558e+03,1.141110145921445110e+03
1.157000000000000000e+03,4.438035761905265645e+03,3.301762168522452157e+03,1.250505184033098431e+03,2.045763989550933957e+03,1.141766588321233030e+03
1.158000000000000000e+03,4.441440162003429577e+03,3.304186342034577592e+03,1.251300072491097580e+03,2.047711910241960140e+03,1.142428179270372766e+03
1.159000000000000000e+03,4.444817717622308919e+03,3.306614983251160993e+03,1.252080757810334035e+03,2.049626791590533230e+03,1.143110168221442109e+03
1.160000000000000000e+03,4.448174024595411538e+03,3.309061338392440575e+03,1.252856269886578957e+03,2.051521839501261184e+03,1.143795915207570033e+03
1.161000000000000000e+03,4.451538323893933921e+03,3.311515340986024967e+03,1.253637483683999108e+03,2.053406242421277511e+03,1.144494597788657984e+03
1.162000000000000000e+03,4.454949793346042497e+03,3.313945674166863228e+03,1.254423133506456679e+03,2.055314346353088695e+03,1.145212313486497351e+03
1.163000000000000000e+03,4.458408907165298842e+03,3.316412932258873752e+03,1.255208537334379571e+03,2.057258469898109979e+03,1.145941899932809974e+03
1.164000000000000000e+03,4.461861408070335528e+03,3.318905462933581930e+03,1.255974366708623847e+03,2.059218621008872560e+03,1.146668420352838893e+03
1.165000000000000000e+03,4.465242429088299104e+03,3.321363215970824058e+03,1.256696885602912062e+03,2.061188857281243145e+03,1.147356686204143898e+03
1.166000000000000000e+03,4.468526691290136114e+03,3.323730544241362168e+03,1.257371954171408788e+03,2.063133972545780580e+03,1.148020764572948110e+03
1.167000000000000000e+03,4.471815033203629355e+03,3.326073728512304569e+03,1.258057713479171980e+03,2.065060458881442628e+03,1.148696860843016111e+03
1.168000000000000000e+03,4.475115956818176528e+03,3.328430064269242393e+03,1.258741046518855001e+03,2.066992644536018815e+03,1.149382265763303167e+03
1.169000000000000000e+03,4.478427620934225160e+03,3.330787839047143734e+03,1.259430643444905627e+03,2.068947422463160365e+03,1.150049555026159851e+03
1.170000000000000000e+03,4.481753909828609721e+03,3.333127844382967396e+03,1.260132056315286945e+03,2.070902589323613483e+03,1.150719264189710202e+03
1.171000000000000000e+03,4.485046528644187674e+03,3.335464244727949335e+03,1.260828844326527133e+03,2.072865171270555493e+03,1.151352513047104367e+03
1.172000000000000000e+03,4.488309925190580543e+03,3.337818390020517199e+03,1.261509394332752436e+03,2.074821469198855084e+03,1.151979061658974160e+03
1.173000000000000000e+03,4.491605048494447146e+03,3.340252070007195925e+03,1.262182021024963433e+03,2.076781903229676573e+03,1.152641124239807141e+03
1.174000000000000000e+03,4.494957935163033653e+03,3.342713813354555896e+03,1.262849832815885975e+03,2.078786013106823702e+03,1.153322089240324885e+03
1.175000000000000000e+03,4.498366024907829342e+03,3.345188402574265638e+03,1.263509562196932848e+03,2.080833535678269072e+03,1.154022927032628786e+03
1.176000000000000000e+03,4.501821088448306909e+03,3.347643337141594657e+03,1.264148257082350483e+03,2.082918206670495238e+03,1.154754624695462098e+03
1.177000000000000000e+03,4.505264099572543273e+03,3.350063665837030840e+03,1.264772536741692875e+03,2.085001763451879469e+03,1.155489799378971156e+03
1.178000000000000000e+03,4.508717635830315885e+03,3.352486841089726113e+03,1.265415094605469221e+03,2.087078899967077632e+03,1.156223641257769032e+03
1.179000000000000000e+03,4.512159586611425766e+03,3.354910322071300016e+03,1.266097269885714013e+03,2.089136002304360318e+03,1.156926314421351435e+03
1.180000000000000000e+03,4.515550948745630194e+03,3.357306143805318698e+03,1.266785609763913499e+03,2.091158411528530451e+03,1.157606927453186017e+03
1.181000000000000000e+03,4.518976974190904002e+03,3.359739291501602111e+03,1.267495601443361920e+03,2.093166252267165419e+03,1.158315120480378027e+03
1.182000000000000000e+03,4.522443555774914785e+03,3.362221926169072503e+03,1.268210745909284469e+03,2.095194154114660250e+03,1.159038655750969156e+03
1.183000000000000000e+03,4.525946003756020218e+03,3.364717661505549586e+03,1.268925242921625340e+03,2.097244049268959316e+03,1.159776711565435789e+03
1.184000000000000000e+03,4.529496580847799123e+03,3.367234473467527550e+03,1.269676760319913910e+03,2.099308897149637232e+03,1.160510923378247526e+03
1.185000000000000000e+03,4.533001536169849714e+03,3.369706446478563066e+03,1.270430501730200149e+03,2.101364487457799441e+03,1.161206546981850806e+03
1.186000000000000000e+03,4.536492290521930045e+03,3.372170908129711279e+03,1.271168476971126893e+03,2.103408419579457131e+03,1.161915393971344656e+03
1.187000000000000000e+03,4.540007161885210735e+03,3.374636604876592173e+03,1.271881143563648493e+03,2.105462967420187852e+03,1.162663050901374390e+03
1.188000000000000000e+03,4.543540248338381389e+03,3.377078105130972745e+03,1.272595974811427595e+03,2.107516023746972678e+03,1.163428249779982252e+03
1.189000000000000000e+03,4.547112190667740833e+03,3.379487012326595959e+03,1.273300102951557164e+03,2.109588940068969350e+03,1.164223147647212954e+03
1.190000000000000000e+03,4.550704745809967790e+03,3.381883937648294705e+03,1.274011742929660613e+03,2.111672022430701873e+03,1.165020980449604167e+03
1.191000000000000000e+03,4.554317389470732451e+03,3.384274553376328186e+03,1.274735730384175667e+03,2.113771721374635490e+03,1.165809937711919702e+03
1.192000000000000000e+03,4.557940433688023404e+03,3.386698720135041185e+03,1.275459830815062332e+03,2.115870379084879914e+03,1.166610223788080930e+03
1.193000000000000000e+03,4.561544988345485763e+03,3.389149760096593127e+03,1.276177304427128320e+03,2.117998323265643648e+03,1.167369360652713567e+03
1.194000000000000000e+03,4.565129479837198232e+03,3.391565972815184978e+03,1.276896782296462334e+03,2.120120677806270578e+03,1.168112019734465548e+03
1.195000000000000000e+03,4.568674518413741680e+03,3.393985968223976215e+03,1.277621348294332847e+03,2.122226566823971552e+03,1.168826603295437963e+03
1.196000000000000000e+03,4.572211564164054835e+03,3.396400731811801506e+03,1.278352195953834553e+03,2.124336793848968682e+03,1.169522574361250690e+03
1.197000000000000000e+03,4.575804444749373943e+03,3.398838925282148466e+03,1.279097485380215176e+03,2.126478319338127221e+03,1.170228640031032000e+03
1.198000000000000000e+03,4.579429492350458531e+03,3.401283372541777680e+03,1.279833581072490688e+03,2.128656317898762609e+03,1.170939593379206144e+03
1.199000000000000000e+03,4.583003172702194206e+03,3.403695552668828896e+03,1.280547128793851016e+03,2.130826576691760238e+03,1.171629467216583635e+03
1.200000000000000000e+03,4.586515321630981816e+03,3.406062973780171433e+03,1.281232034687575606e+03,2.132970822162041259e+03,1.172312464781364724e+03
1.201000000000000000e+03,4.589996768081958180e+03,3.408423355032973177e+03,1.281899369115545142e+03,2.135096037229263857e+03,1.173001361737150091e+03
1.202000000000000000e+03,4.593465538469212333e+03,3.410798596894875573e+03,1.282564812813145863e+03,2.137203526297290409e+03,1.173697199358776288e+03
1.203000000000000000e+03,4.596929695602830179e+03,3.413213710736735266e+03,1.283203538106623000e+03,2.139307266681582405e+03,1.174418890814624774e+03
1.204000000000000000e+03,4.600416049055324947e+03,3.415663864870642556e+03,1.283848907585032293e+03,2.141402040339025916e+03,1.175165101131267420e+03
1.205000000000000000e+03,4.603886844846127133e+03,3.418121021824190393e+03,1.284495701249413742e+03,2.143473271426067640e+03,1.175917872170645069e+03
1.206000000000000000e+03,4.607399510324672519e+03,3.420588820771371502e+03,1.285146078095201347e+03,2.145545139832007408e+03,1.176708292397462856e+03
1.207000000000000000e+03,4.610962843841751237e+03,3.423061144291263190e+03,1.285821692653942591e+03,2.147627143190195966e+03,1.177514007997612225e+03
1.208000000000000000e+03,4.614507510858983551e+03,3.425475789280024856e+03,1.286497985472536129e+03,2.149696786179651554e+03,1.178312739206797687e+03
1.209000000000000000e+03,4.618021929617973910e+03,3.427856073233517236e+03,1.287173607204402742e+03,2.151769926799010591e+03,1.179078395614560350e+03
1.210000000000000000e+03,4.621570303504529875e+03,3.430224517642859610e+03,1.287831191131811011e+03,2.153878771031122142e+03,1.179860341341596950e+03
1.211000000000000000e+03,4.625137411694363436e+03,3.432574665045182883e+03,1.288495545394855526e+03,2.155979120018043432e+03,1.180662746281463569e+03
1.212000000000000000e+03,4.628669811434304393e+03,3.434906964724666523e+03,1.289159215442532968e+03,2.158059142369499568e+03,1.181451453622271401e+03
1.213000000000000000e+03,4.632182451197508271e+03,3.437228500797250035e+03,1.289810489625215723e+03,2.160114818865467896e+03,1.182257142706826016e+03
1.214000000000000000e+03,4.635716413540470057e+03,3.439588452012926609e+03,1.290500048553245961e+03,2.162156064521999724e+03,1.183060300465225282e+03
1.215000000000000000e+03,4.639243171961255939e+03,3.441963056329908795e+03,1.291189191639050705e+03,2.164183106118271553e+03,1.183870874203935273e+03
1.216000000000000000e+03,4.642761140128399347e+03,3.444341714364100426e+03,1.291897179300242215e+03,2.166178552350748760e+03,1.184685408477408146e+03
1.217000000000000000e+03,4.646295897919128947e+03,3.446744742465986747e+03,1.292612222323953802e+03,2.168190849341055127e+03,1.185492826254120246e+03
1.218000000000000000e+03,4.649867155230303979e+03,3.449159479942462895e+03,1.293346932708895793e+03,2.170220224288672398e+03,1.186299998232735788e+03
1.219000000000000000e+03,4.653424254128848588e+03,3.451564113207654827e+03,1.294087200896994091e+03,2.172245035654716503e+03,1.187092017577137085e+03
1.220000000000000000e+03,4.656943870649404744e+03,3.453913725995585082e+03,1.294831630121572061e+03,2.174237039299409389e+03,1.187875201228423293e+03
1.221000000000000000e+03,4.660454043478237509e+03,3.456212352345040017e+03,1.295559365847651407e+03,2.176239342552194103e+03,1.188655335078391545e+03
1.222000000000000000e+03,4.663982915749576932e+03,3.458473791631240147e+03,1.296280095386702669e+03,2.178251821844697588e+03,1.189450998518176675e+03
1.223000000000000000e+03,4.667562402473491602e+03,3.460743812569501642e+03,1.297038977900250075e+03,2.180233247501026653e+03,1.190290177072215101e+03
1.224000000000000000e+03,4.671148527888421086e+03,3.463033246825640163e+03,1.297808265602945085e+03,2.182190930845689763e+03,1.191149331439787375e+03
1.225000000000000000e+03,4.674725167018541470e+03,3.465343126192869931e+03,1.298563783910416760e+03,2.184169824322696059e+03,1.191991558785428879e+03
1.226000000000000000e+03,4.678308154536447546e+03,3.467670256863557370e+03,1.299321126856387309e+03,2.186174362648711394e+03,1.192812665031347933e+03
1.227000000000000000e+03,4.681928856967637330e+03,3.470021293986146702e+03,1.300121814124246612e+03,2.188175994416097637e+03,1.193631048427293081e+03
1.228000000000000000e+03,4.685578482791143870e+03,3.472412438900264533e+03,1.300954231229682819e+03,2.190171860802200626e+03,1.194452390759260652e+03
1.229000000000000000e+03,4.689259330394462268e+03,3.474798089949983478e+03,1.301809094934005543e+03,2.192179667610220349e+03,1.195270567850236148e+03
1.230000000000000000e+03,4.692925809559618756e+03,3.477218484292332960e+03,1.302673573014644262e+03,2.194184240530997158e+03,1.196067996013979382e+03
1.231000000000000000e+03,4.696599896140986857e+03,3.479673430980689773e+03,1.303536802366258144e+03,2.196211446451337451e+03,1.196851647323391035e+03
1.232000000000000000e+03,4.700299791554290096e+03,3.482134855948348559e+03,1.304398475115309338e+03,2.198258600284268596e+03,1.197642716154711934e+03
1.233000000000000000e+03,4.704038012796799194e+03,3.484595959452495208e+03,1.305274241679647503e+03,2.200312626408969663e+03,1.198451144708181573e+03
1.234000000000000000e+03,4.707780932545593714e+03,3.487051796676581489e+03,1.306163491266172514e+03,2.202331645823239342e+03,1.199285795456181177e+03
1.235000000000000000e+03,4.711518402088328003e+03,3.489559551635472872e+03,1.307052478166108358e+03,2.204347821055447639e+03,1.200118102866773370e+03
1.236000000000000000e+03,4.715277007507152121e+03,3.492138273839027079e+03,1.307947876290087379e+03,2.206370005389525431e+03,1.200959125827539538e+03
1.237000000000000000e+03,4.719070055082284853e+03,3.494746433694598181e+03,1.308858069375806281e+03,2.208402074721211648e+03,1.201809910985264651e+03
1.238000000000000000e+03,4.722891940033520768e+03,3.497369684866293937e+03,1.309780449566041398e+03,2.210458860308823205e+03,1.202652630158657757e+03
1.239000000000000000e+03,4.726716207037841741e+03,3.499989884453067134e+03,1.310693133245196350e+03,2.212528077854697131e+03,1.203494995937948715e+03
1.240000000000000000e+03,4.730550549619068079e+03,3.502634096021289679e+03,1.311589743754967230e+03,2.214601288690221281e+03,1.204359517173880249e+03
1.241000000000000000e+03,4.734357576678597070e+03,3.505292890079037534e+03,1.312467079877862943e+03,2.216667504154664130e+03,1.205222992646069997e+03
1.242000000000000000e+03,4.738116239046205919e+03,3.507951532872572898e+03,1.313347751320581438e+03,2.218699940284738204e+03,1.206068547440886050e+03
1.243000000000000000e+03,4.741833059547559969e+03,3.510585135261119376e+03,1.314227715753941538e+03,2.220696967889597545e+03,1.206908375904020204e+03
1.244000000000000000e+03,4.745579040172551686e+03,3.513209317039957568e+03,1.315117589019445859e+03,2.222706450473328914e+03,1.207755000679776913e+03
1.245000000000000000e+03,4.749360738757403851e+03,3.515863904023005944e+03,1.315991328643345469e+03,2.224767692731847092e+03,1.208601717382210836e+03
1.246000000000000000e+03,4.753146600587813737e+03,3.518495225657669380e+03,1.316820126223226453e+03,2.226873335426169888e+03,1.209453138938418078e+03
1.247000000000000000e+03,4.756906327489764408e+03,3.521082252424376293e+03,1.317635176198401041e+03,2.228983644073198775e+03,1.210287507218164137e+03
1.248000000000000000e+03,4.760634767654706593e+03,3.523682370427215119e+03,1.318442114909378233e+03,2.231088085551486529e+03,1.211104567193842968e+03
1.249000000000000000e+03,4.764353194594882552e+03,3.526305039307775587e+03,1.319276928719224088e+03,2.233143532251445777e+03,1.211932733624212460e+03
1.250000000000000000e+03,4.768057589005281443e+03,3.528861702716854325e+03,1.320128347209488084e+03,2.235165047828589195e+03,1.212764193967204392e+03
1.251000000000000000e+03,4.771783776386337195e+03,3.531409172908507571e+03,1.321006008200520455e+03,2.237184867170646157e+03,1.213592901015170355e+03
1.252000000000000000e+03,4.775563512189357425e+03,3.534007669359774809e+03,1.321897071609806744e+03,2.239236838459982664e+03,1.214429602119567789e+03
1.253000000000000000e+03,4.779354209388098752e+03,3.536614335695527188e+03,1.322759462812663514e+03,2.241325570070662252e+03,1.215269176504773441e+03
1.254000000000000000e+03,4.783111538823056435e+03,3.539223055347617446e+03,1.323608839034077846e+03,2.243397724425301021e+03,1.216104975363678705e+03
1.255000000000000000e+03,4.786818611573855378e+03,3.541824279944873979e+03,1.324429114499980187e+03,2.245437558672969317e+03,1.216951938400905874e+03
1.256000000000000000e+03,4.790517357329651531e+03,3.544404423676328861e+03,1.325246753752323002e+03,2.247451264914262083e+03,1.217819338663065764e+03
1.257000000000000000e+03,4.794208496133621338e+03,3.546978310532911109e+03,1.326049024600052462e+03,2.249468148211558400e+03,1.218691323322010248e+03
1.258000000000000000e+03,4.797966148507135586e+03,3.549541040717350825e+03,1.326881167096112677e+03,2.251485759990709084e+03,1.219599221420314507e+03
1.259000000000000000e+03,4.801774515782246453e+03,3.552061106077832392e+03,1.327755546170168827e+03,2.253485549539122076e+03,1.220533420072954414e+03
1.260000000000000000e+03,4.805583994702544260e+03,3.554534226160405524e+03,1.328655613871979313e+03,2.255467003781075618e+03,1.221461377049489556e+03
1.261000000000000000e+03,4.809345469331549793e+03,3.557006390066965650e+03,1.329530544371382575e+03,2.257425149765892456e+03,1.222389775194274534e+03
1.262000000000000000e+03,4.813104924373708855e+03,3.559457555593600318e+03,1.330403364222422852e+03,2.259357513797806860e+03,1.223344046353478234e+03
1.263000000000000000e+03,4.816816365065062200e+03,3.561879110032774406e+03,1.331257608843720845e+03,2.261266817236842144e+03,1.224291938984498756e+03
1.264000000000000000e+03,4.820495399105057913e+03,3.564285120691588418e+03,1.332098842908719462e+03,2.263186272712286609e+03,1.225210283484051388e+03
1.265000000000000000e+03,4.824199335099596283e+03,3.566714839633430984e+03,1.332942322986597446e+03,2.265109309862875762e+03,1.226147702250123302e+03
1.266000000000000000e+03,4.827952696722137262e+03,3.569157521258052839e+03,1.333793779939727756e+03,2.267056556003615697e+03,1.227102360778794264e+03
1.267000000000000000e+03,4.831738823804797903e+03,3.571609341278822740e+03,1.334644776726422606e+03,2.269012426560633685e+03,1.228081620517742749e+03
1.268000000000000000e+03,4.835563290628130744e+03,3.574060499144428832e+03,1.335496682575228533e+03,2.270997821464894514e+03,1.229068786588009061e+03
1.269000000000000000e+03,4.839364699402661245e+03,3.576489196092340535e+03,1.336343449450501339e+03,2.272964445506170250e+03,1.230056804445989428e+03
1.270000000000000000e+03,4.843183284755878049e+03,3.578949670472409252e+03,1.337180059938510794e+03,2.274937395675587140e+03,1.231065829141778522e+03
1.271000000000000000e+03,4.847022237977296754e+03,3.581413307821238504e+03,1.338044728385158578e+03,2.276886003848988821e+03,1.232091505743149810e+03
1.272000000000000000e+03,4.850885699815894441e+03,3.583880577291365171e+03,1.338930325861653273e+03,2.278824310000049536e+03,1.233131063954190722e+03
1.273000000000000000e+03,4.854750859839786244e+03,3.586335054157250397e+03,1.339834684161761743e+03,2.280740239697670404e+03,1.234175935980355689e+03
1.274000000000000000e+03,4.858607243041923539e+03,3.588782607319017643e+03,1.340753445793252240e+03,2.282635130217260212e+03,1.235218667031409268e+03
1.275000000000000000e+03,4.862495771447300285e+03,3.591322800842109700e+03,1.341704898641564796e+03,2.284532523063468489e+03,1.236258349742265636e+03
1.276000000000000000e+03,4.866436823237101635e+03,3.593936139457821355e+03,1.342697085735258270e+03,2.286464650316361258e+03,1.237275087185481880e+03
1.277000000000000000e+03,4.870380939058209151e+03,3.596570611515435758e+03,1.343671200306482660e+03,2.288413448411874015e+03,1.238296290339852703e+03
1.278000000000000000e+03,4.874348851987520902e+03,3.599182052126760937e+03,1.344627711497431392e+03,2.290382433648269398e+03,1.239338706841820567e+03
1.279000000000000000e+03,4.878328613035810122e+03,3.601824080006226268e+03,1.345562042996534728e+03,2.292366566227895419e+03,1.240400003811379520e+03
1.280000000000000000e+03,4.882298650450793502e+03,3.604427911784111529e+03,1.346471362328349869e+03,2.294351117328323198e+03,1.241476170794120435e+03
1.281000000000000000e+03,4.886272745235819457e+03,3.607053842958712266e+03,1.347376110706837153e+03,2.296317993109324561e+03,1.242578641419657970e+03
1.282000000000000000e+03,4.890250074392175520e+03,3.609672296857919264e+03,1.348288716610069514e+03,2.298263920586718996e+03,1.243697437195386783e+03
1.283000000000000000e+03,4.894214730805520048e+03,3.612286161415986044e+03,1.349189246411163140e+03,2.300208789743352099e+03,1.244816694651003900e+03
1.284000000000000000e+03,4.898117133135406220e+03,3.614840687432105369e+03,1.350045556178352626e+03,2.302124259633647853e+03,1.245947317323406878e+03
1.285000000000000000e+03,4.902001746040440594e+03,3.617351009732159582e+03,1.350858321721773109e+03,2.304065316216988322e+03,1.247078108101678936e+03
1.286000000000000000e+03,4.905899414074656306e+03,3.619912544015218373e+03,1.351655763367882628e+03,2.306063438540125844e+03,1.248180212166647607e+03
1.287000000000000000e+03,4.909817177489197093e+03,3.622486332342781679e+03,1.352466773083611542e+03,2.308064267662641669e+03,1.249286136742943199e+03
1.288000000000000000e+03,4.913735052635743159e+03,3.625040992853844728e+03,1.353302302456603684e+03,2.310061317808332205e+03,1.250371432370806133e+03
1.289000000000000000e+03,4.917679201067852773e+03,3.627633624331728697e+03,1.354154664101193021e+03,2.312078939084506601e+03,1.251445597882153834e+03
1.290000000000000000e+03,4.921659896694251984e+03,3.630314840865789847e+03,1.355019896767223599e+03,2.314120545517190294e+03,1.252519454409838545e+03
1.291000000000000000e+03,4.925659154343241426e+03,3.632991470153224782e+03,1.355886706510300883e+03,2.316170996630114132e+03,1.253601451202825501e+03
1.292000000000000000e+03,4.929636170419549671e+03,3.635624848855288292e+03,1.356746866936996639e+03,2.318199905425668021e+03,1.254689398056885921e+03
1.293000000000000000e+03,4.933616546667670264e+03,3.638242611942195254e+03,1.357621719371124982e+03,2.320221477514981871e+03,1.255773349781562047e+03
1.294000000000000000e+03,4.937644704927072780e+03,3.640830419109854574e+03,1.358524316206172216e+03,2.322237460786621341e+03,1.256882927934278996e+03
1.295000000000000000e+03,4.941653263643762330e+03,3.643417797003423857e+03,1.359396449338748198e+03,2.324258831103234115e+03,1.257997983201780016e+03
1.296000000000000000e+03,4.945710864272464278e+03,3.646038971903184574e+03,1.360273163316668388e+03,2.326286546306887885e+03,1.259151154648908687e+03
1.297000000000000000e+03,4.949774677391140358e+03,3.648698387620681842e+03,1.361156803909544351e+03,2.328322756942356136e+03,1.260295116539240098e+03
1.298000000000000000e+03,4.953868716542221591e+03,3.651434498232448732e+03,1.362030970651092503e+03,2.330396684083601485e+03,1.261441061807527376e+03
1.299000000000000000e+03,4.957990338694330603e+03,3.654185723672989297e+03,1.362915314366717666e+03,2.332499416206174374e+03,1.262575608121436971e+03
1.300000000000000000e+03,4.962095495328534525e+03,3.656897158626101827e+03,1.363800306302971649e+03,2.334615855888119313e+03,1.263679333137443336e+03
1.301000000000000000e+03,4.966188717180340973e+03,3.659586409413208003e+03,1.364670038938107837e+03,2.336736621931042009e+03,1.264782056311190445e+03
1.302000000000000000e+03,4.970272233114941628e+03,3.662258325130765570e+03,1.365535646352306912e+03,2.338823714901399399e+03,1.265912871861236681e+03
1.303000000000000000e+03,4.974344712771893683e+03,3.664916870873662447e+03,1.366395917240762401e+03,2.340879770954482410e+03,1.267069024576650008e+03
1.304000000000000000e+03,4.978402830011513288e+03,3.667547694453980967e+03,1.367221687376581031e+03,2.342951309043224228e+03,1.268229833591707802e+03
1.305000000000000000e+03,4.982491208947591076e+03,3.670223613883379130e+03,1.368046653827761929e+03,2.345045326949471928e+03,1.269399228170356764e+03
1.306000000000000000e+03,4.986629513266195318e+03,3.672940371679048440e+03,1.368886382368302520e+03,2.347138782590235678e+03,1.270604348307655982e+03
1.307000000000000000e+03,4.990770886500520646e+03,3.675701240521314503e+03,1.369715279910444224e+03,2.349221421945065231e+03,1.271834184645012101e+03
1.308000000000000000e+03,4.994909677407724303e+03,3.678453667284625681e+03,1.370524041684065423e+03,2.351313437480455377e+03,1.273072198243203957e+03
1.309000000000000000e+03,4.999069532758685455e+03,3.681155487234911106e+03,1.371353235004350609e+03,2.353430068694463444e+03,1.274286229059871857e+03
1.310000000000000000e+03,5.003230099409902323e+03,3.683808111889492011e+03,1.372215858026531805e+03,2.355553696780963492e+03,1.275460544602407481e+03
1.311000000000000000e+03,5.007358230988399555e+03,3.686412585577274513e+03,1.373104043996381279e+03,2.357656329987992649e+03,1.276597857004026082e+03
1.312000000000000000e+03,5.011382628445277987e+03,3.688978135751227001e+03,1.373982182476922844e+03,2.359717975745419153e+03,1.277682470222934171e+03
1.313000000000000000e+03,5.015376824927333473e+03,3.691524996658817145e+03,1.374857287495327455e+03,2.361746240047855281e+03,1.278773297384151647e+03
1.314000000000000000e+03,5.019420277445757165e+03,3.694112896237535551e+03,1.375735130425313173e+03,2.363769510838695169e+03,1.279915636181748596e+03
1.315000000000000000e+03,5.023515163425453466e+03,3.696713216036016547e+03,1.376614971031324785e+03,2.365788421055236086e+03,1.281111771338891913e+03
1.316000000000000000e+03,5.027661683138479020e+03,3.699334252434463451e+03,1.377494587097257636e+03,2.367848009190652192e+03,1.282319086850568965e+03
1.317000000000000000e+03,5.031858616586929202e+03,3.702009494207601620e+03,1.378388295731593189e+03,2.369946198650182851e+03,1.283524122205152935e+03
1.318000000000000000e+03,5.035997406406017944e+03,3.704654880709438658e+03,1.379279694005568217e+03,2.372024370609995458e+03,1.284693341790453360e+03
1.319000000000000000e+03,5.040128358203818607e+03,3.707268327438800043e+03,1.380175030492760470e+03,2.374094415262930852e+03,1.285858912448127057e+03
1.320000000000000000e+03,5.044266162633099157e+03,3.709830768011707733e+03,1.381071708536713913e+03,2.376167235110136971e+03,1.287027218986249409e+03
1.321000000000000000e+03,5.048386251602847551e+03,3.712437483341594543e+03,1.381958005024234353e+03,2.378219704505707796e+03,1.288208542072906539e+03
1.322000000000000000e+03,5.052542252874906808e+03,3.715121933060259835e+03,1.382854947804042695e+03,2.380279336429836803e+03,1.289407968641027765e+03
1.323000000000000000e+03,5.056743975094424059e+03,3.717872361564818675e+03,1.383751028538239098e+03,2.382336090786512614e+03,1.290656855769670301e+03
1.324000000000000000e+03,5.061003417315662773e+03,3.720630233683337337e+03,1.384644181365560144e+03,2.384403256448729280e+03,1.291955979501373804e+03
1.325000000000000000e+03,5.065284183957221103e+03,3.723376431575648894e+03,1.385536607743772493e+03,2.386468812117740526e+03,1.293278764095708084e+03
1.326000000000000000e+03,5.069556859806452849e+03,3.726080409444574343e+03,1.386417481419675596e+03,2.388558617129964659e+03,1.294580761256812821e+03
1.327000000000000000e+03,5.073788730901525923e+03,3.728731421071316163e+03,1.387282328449971146e+03,2.390697121891848838e+03,1.295809280559707076e+03
1.328000000000000000e+03,5.078016959196878815e+03,3.731354403617293883e+03,1.388158776039061195e+03,2.392837447813343715e+03,1.297020735344474360e+03
1.329000000000000000e+03,5.082230903217247942e+03,3.733981946801347476e+03,1.389056239319794486e+03,2.394940319273529440e+03,1.298234344623924471e+03
1.330000000000000000e+03,5.086389863568721921e+03,3.736590130951721676e+03,1.389931544317347743e+03,2.397006735214715263e+03,1.299451584036659597e+03
1.331000000000000000e+03,5.090503772554691750e+03,3.739187885406093301e+03,1.390755990503849262e+03,2.399047934579300090e+03,1.300699847471543308e+03
1.332000000000000000e+03,5.094664639107267249e+03,3.741801143159887488e+03,1.391579380047242239e+03,2.401103258351264685e+03,1.301982000708761007e+03
1.333000000000000000e+03,5.098846166025077764e+03,3.744456587660302830e+03,1.392441605588927132e+03,2.403151813068289812e+03,1.303252747367861730e+03
1.334000000000000000e+03,5.103056877364989305e+03,3.747099666885219449e+03,1.393357746078304672e+03,2.405200886240285399e+03,1.304498245046399234e+03
1.335000000000000000e+03,5.107274200476395890e+03,3.749742509118292219e+03,1.394282994353975937e+03,2.407259953292455066e+03,1.305731252829965342e+03
1.336000000000000000e+03,5.111509346988047582e+03,3.752368807732022560e+03,1.395213058312805060e+03,2.409339614530364997e+03,1.306956674144878662e+03
1.337000000000000000e+03,5.115754484439664338e+03,3.754977454229413070e+03,1.396148061908903628e+03,2.411438933283215192e+03,1.308167489247546428e+03
1.338000000000000000e+03,5.119999212122680547e+03,3.757570265037082208e+03,1.397072224768726073e+03,2.413516972862466901e+03,1.309410014491488710e+03
1.339000000000000000e+03,5.124179018548178647e+03,3.760135130809984730e+03,1.397962318422077487e+03,2.415558853592091964e+03,1.310657846534008286e+03
1.340000000000000000e+03,5.128296446282221041e+03,3.762686015693564968e+03,1.398831589652048478e+03,2.417593109241920502e+03,1.311871747388251833e+03
1.341000000000000000e+03,5.132384398906527167e+03,3.765230959328983317e+03,1.399698519840007521e+03,2.419642444351464292e+03,1.313043434715054218e+03
1.342000000000000000e+03,5.136484578455495466e+03,3.767798107610886291e+03,1.400569790837597338e+03,2.421720464537614134e+03,1.314194323080285130e+03
1.343000000000000000e+03,5.140599270436057850e+03,3.770399365577432036e+03,1.401459110578705122e+03,2.423808428149807241e+03,1.315331731707546624e+03
1.344000000000000000e+03,5.144664068935750947e+03,3.773004548864136723e+03,1.402339719247916491e+03,2.425877660526187810e+03,1.316446689161645963e+03
1.345000000000000000e+03,5.148672827284030063e+03,3.775588356139923235e+03,1.403181430117558875e+03,2.427930515838323572e+03,1.317560881328148071e+03
1.346000000000000000e+03,5.152700761019759739e+03,3.778223941387783725e+03,1.403993734060795532e+03,2.430020060862167156e+03,1.318686966096796368e+03
1.347000000000000000e+03,5.156766107269324493e+03,3.780831980723742618e+03,1.404807992680350708e+03,2.432128461796879492e+03,1.319829652792095203e+03
1.348000000000000000e+03,5.160837724277474990e+03,3.783453266268907555e+03,1.405611007324167076e+03,2.434251249139689662e+03,1.320975467813618934e+03
1.349000000000000000e+03,5.164920116353784579e+03,3.786097194654978466e+03,1.406437137985105664e+03,2.436373202403920004e+03,1.322109775964759592e+03
1.350000000000000000e+03,5.169016772277907876e+03,3.788755956898447039e+03,1.407281659915030559e+03,2.438495499196822493e+03,1.323239613166053687e+03
1.351000000000000000e+03,5.173156868684485744e+03,3.791439771330201438e+03,1.408153360416400574e+03,2.440629174135757694e+03,1.324374334132327931e+03
1.352000000000000000e+03,5.177337234483999055e+03,3.794131658612063802e+03,1.409058404508837384e+03,2.442739717502110125e+03,1.325539112473051318e+03
1.353000000000000000e+03,5.181533412814393159e+03,3.796784967334873272e+03,1.409986297686749140e+03,2.444824794689242935e+03,1.326722320438401312e+03
1.354000000000000000e+03,5.185676620028609250e+03,3.799379101646208710e+03,1.410918006411140141e+03,2.446857175995665784e+03,1.327901437621803780e+03
1.355000000000000000e+03,5.189751118914344261e+03,3.801928419094217588e+03,1.411831828963921907e+03,2.448858589394467344e+03,1.329060700555953645e+03
1.356000000000000000e+03,5.193865713671595586e+03,3.804481360259754183e+03,1.412763396970304029e+03,2.450877570993226527e+03,1.330224745708065029e+03
1.357000000000000000e+03,5.197992650161084384e+03,3.807072692664165970e+03,1.413682001736737448e+03,2.452894229027869642e+03,1.331416419396477522e+03
1.358000000000000000e+03,5.202079924284779736e+03,3.809677134113605007e+03,1.414582128583084341e+03,2.454906320941894592e+03,1.332591474759800576e+03
1.359000000000000000e+03,5.206145412994480466e+03,3.812279086373368500e+03,1.415488536533317529e+03,2.456909547304189346e+03,1.333747329156973137e+03
1.360000000000000000e+03,5.210214891885299039e+03,3.814845840643768497e+03,1.416400236318603675e+03,2.458915864639230222e+03,1.334898790927465143e+03
1.361000000000000000e+03,5.214305943616093828e+03,3.817409155186114276e+03,1.417321698908872349e+03,2.460908582302147352e+03,1.336075662405073217e+03
1.362000000000000000e+03,5.218358808635328387e+03,3.819964161641046303e+03,1.418226031408047447e+03,2.462867710088484273e+03,1.337265067138796894e+03
1.363000000000000000e+03,5.222405800846021521e+03,3.822544527332894631e+03,1.419125590329934084e+03,2.464833933442952002e+03,1.338446277073136343e+03
1.364000000000000000e+03,5.226480737688674708e+03,3.825203857603932647e+03,1.420048717035256686e+03,2.466831133022762515e+03,1.339600887630655279e+03
1.365000000000000000e+03,5.230612147479618216e+03,3.827912993938043201e+03,1.420990809417305172e+03,2.468858551210899350e+03,1.340762786851413921e+03
1.366000000000000000e+03,5.234724761127302372e+03,3.830579229157515783e+03,1.421938389147141606e+03,2.470880923512762820e+03,1.341905448467397719e+03
1.367000000000000000e+03,5.238771881234283683e+03,3.833223669516885366e+03,1.422870488681278175e+03,2.472892899440675592e+03,1.343008493112330143e+03
1.368000000000000000e+03,5.242785536141176635e+03,3.835870109311562373e+03,1.423782478789212291e+03,2.474902424905460975e+03,1.344100632446502914e+03
1.369000000000000000e+03,5.246823004104001484e+03,3.838561959975066202e+03,1.424706448936262632e+03,2.476945336208359549e+03,1.345171218959377484e+03
1.370000000000000000e+03,5.250921058312696914e+03,3.841330762280663293e+03,1.425661112390007929e+03,2.479021496858038518e+03,1.346238449064651832e+03
1.371000000000000000e+03,5.255035582569356848e+03,3.844126235840727986e+03,1.426625457525320599e+03,2.481100259404795452e+03,1.347309865639239888e+03
1.372000000000000000e+03,5.259189916745342998e+03,3.846951637819481675e+03,1.427594012320715137e+03,2.483190584736918936e+03,1.348405319687708015e+03
1.373000000000000000e+03,5.263401486339212170e+03,3.849800717044010071e+03,1.428556844958404326e+03,2.485288038123815568e+03,1.349556603256992730e+03
1.374000000000000000e+03,5.267621142031873205e+03,3.852701087770457889e+03,1.429509433627682256e+03,2.487378870429537983e+03,1.350732837974652739e+03
1.375000000000000000e+03,5.271840592787517380e+03,3.855567993829434272e+03,1.430446416195959955e+03,2.489486108849348057e+03,1.351908067742209823e+03
1.376000000000000000e+03,5.276023981191050552e+03,3.858435301347691166e+03,1.431357457770337305e+03,2.491591141880207033e+03,1.353075381540506442e+03
1.377000000000000000e+03,5.280186052273023051e+03,3.861316271551420414e+03,1.432283429666433676e+03,2.493687903106380872e+03,1.354214719500209867e+03
1.378000000000000000e+03,5.284358527750547182e+03,3.864161803341406539e+03,1.433206483155568094e+03,2.495792029209471366e+03,1.355360015385507268e+03
1.379000000000000000e+03,5.288536889949445140e+03,3.867004395104552259e+03,1.434119485349559227e+03,2.497887572058029036e+03,1.356529832541858468e+03
1.380000000000000000e+03,5.292705310059694966e+03,3.869795938240839860e+03,1.435009795093650155e+03,2.499967269777556794e+03,1.357728245188489154e+03
1.381000000000000000e+03,5.296842468146317515e+03,3.872556533948386004e+03,1.435892583389696028e+03,2.502049852582323183e+03,1.358900032174299440e+03
1.382000000000000000e+03,5.300949384055146766e+03,3.875349097729701498e+03,1.436761064080350707e+03,2.504132334717813592e+03,1.360055985256982467e+03
1.383000000000000000e+03,5.305048788099049489e+03,3.878187599917122952e+03,1.437642640353290062e+03,2.506189103160867489e+03,1.361217044584893301e+03
1.384000000000000000e+03,5.309175645417498345e+03,3.881105042120485450e+03,1.438542977212481219e+03,2.508252304777707650e+03,1.362380363427310385e+03
1.385000000000000000e+03,5.313306683748974137e+03,3.884059117573699041e+03,1.439444701613609368e+03,2.510315303228874200e+03,1.363546678906490797e+03
1.386000000000000000e+03,5.317449040655132194e+03,3.887026119469559490e+03,1.440324075397527395e+03,2.512394313337310450e+03,1.364730651920295259e+03
1.387000000000000000e+03,5.321584664167325172e+03,3.889992391294078061e+03,1.441194890067119331e+03,2.514462564327265682e+03,1.365927209772939477e+03
1.388000000000000000e+03,5.325674511901845108e+03,3.892956294586433160e+03,1.442049456140126040e+03,2.516494797582631691e+03,1.367130258179087605e+03
1.389000000000000000e+03,5.329765267921725354e+03,3.895886227481699734e+03,1.442875855299532532e+03,2.518537113891994977e+03,1.368352298730197845e+03
1.390000000000000000e+03,5.333808002507130368e+03,3.898778838693900525e+03,1.443706303251419058e+03,2.520567618394593410e+03,1.369534080861117673e+03
1.391000000000000000e+03,5.337844053933292344e+03,3.901686955630694683e+03,1.444526267013648976e+03,2.522610374763327400e+03,1.370707412156315968e+03
1.392000000000000000e+03,5.341887213500226608e+03,3.904632501416377181e+03,1.445338099386701742e+03,2.524683027481036788e+03,1.371866086632486713e+03
1.393000000000000000e+03,5.345993348561472885e+03,3.907605050854268484e+03,1.446193332152543462e+03,2.526776895974201125e+03,1.373023120434727844e+03
1.394000000000000000e+03,5.350153197336407175e+03,3.910596760467823970e+03,1.447101369363958383e+03,2.528867875331383402e+03,1.374183952641066526e+03
1.395000000000000000e+03,5.354334848592863636e+03,3.913600725187611260e+03,1.448027673815073058e+03,2.530937977292285268e+03,1.375369197485505310e+03
1.396000000000000000e+03,5.358502953921413791e+03,3.916574291405511303e+03,1.448966415101692292e+03,2.532969338004444580e+03,1.376567200815277829e+03
1.397000000000000000e+03,5.362682551074224648e+03,3.919514205580737325e+03,1.449911796247991788e+03,2.534998364449680594e+03,1.377772390376552039e+03
1.398000000000000000e+03,5.366836359413888204e+03,3.922491067112327073e+03,1.450823765427076296e+03,2.537022791509915805e+03,1.378989802476896102e+03
1.399000000000000000e+03,5.371057421100840656e+03,3.925520565334529238e+03,1.451718722910087536e+03,2.539074761057622709e+03,1.380263937133130185e+03
1.400000000000000000e+03,5.375336751156627543e+03,3.928610655065543142e+03,1.452612516495938735e+03,2.541137915557074848e+03,1.381586319103613505e+03
1.401000000000000000e+03,5.379642435568768633e+03,3.931744570139056123e+03,1.453531310257333189e+03,2.543199743935777406e+03,1.382911381375657584e+03
1.402000000000000000e+03,5.383886120228242362e+03,3.934905548454051768e+03,1.454439348505493854e+03,2.545238358569702086e+03,1.384208413153046877e+03
1.403000000000000000e+03,5.388088037380009155e+03,3.938034619984388428e+03,1.455313034502745722e+03,2.547287743371221495e+03,1.385487259506041937e+03
1.404000000000000000e+03,5.392308243096033038e+03,3.941148270194682937e+03,1.456181195027056447e+03,2.549364305100192269e+03,1.386762742968782504e+03
1.405000000000000000e+03,5.396533045696583940e+03,3.944228411594793670e+03,1.457057019334003144e+03,2.551441779524004687e+03,1.388034246838577246e+03
1.406000000000000000e+03,5.400788708408552338e+03,3.947335596773712950e+03,1.457939668064449052e+03,2.553541179549511980e+03,1.389307860794591534e+03
1.407000000000000000e+03,5.405060570110938897e+03,3.950473158137581777e+03,1.458841673051680800e+03,2.555640380035323233e+03,1.390578517023935092e+03
1.408000000000000000e+03,5.409346289396202337e+03,3.953590641242455149e+03,1.459747327577672650e+03,2.557742799457287674e+03,1.391856162361242014e+03
1.409000000000000000e+03,5.413625743507908737e+03,3.956751406918924658e+03,1.460662988504418081e+03,2.559830667656441619e+03,1.393132087347049264e+03
1.410000000000000000e+03,5.417903422606525055e+03,3.959944103653346701e+03,1.461594756890855251e+03,2.561905772873399201e+03,1.394402892842269694e+03
1.411000000000000000e+03,5.422148741348073600e+03,3.963134742053471200e+03,1.462521071002467124e+03,2.563966210169380702e+03,1.395661460176224409e+03
1.412000000000000000e+03,5.426324159732101180e+03,3.966242678705181333e+03,1.463403659887868571e+03,2.565991583180342786e+03,1.396928916663890504e+03
1.413000000000000000e+03,5.430493756132023918e+03,3.969312099310885969e+03,1.464266573430178596e+03,2.568029550618417034e+03,1.398197632083428061e+03
1.414000000000000000e+03,5.434695635139538354e+03,3.972378605309868817e+03,1.465122097565413014e+03,2.570092255717368971e+03,1.399481281856756141e+03
1.415000000000000000e+03,5.438880017931141992e+03,3.975447478544351725e+03,1.465955557156434907e+03,2.572159500925777138e+03,1.400764959848928356e+03
1.416000000000000000e+03,5.443036596417675355e+03,3.978516001238704575e+03,1.466769188174961528e+03,2.574207326110935355e+03,1.402060082131777335e+03
1.417000000000000000e+03,5.447215443872350988e+03,3.981602091389288944e+03,1.467596980345768543e+03,2.576216893173565950e+03,1.403401570353016496e+03
1.418000000000000000e+03,5.451436797523695532e+03,3.984723543172755399e+03,1.468462467643684477e+03,2.578199560389365161e+03,1.404774769490647259e+03
1.419000000000000000e+03,5.455724321171586780e+03,3.987917536548647604e+03,1.469365234409559434e+03,2.580223201354571302e+03,1.406135885407455817e+03
1.420000000000000000e+03,5.460032729353175455e+03,3.991128627128166045e+03,1.470278778447428977e+03,2.582258066444275300e+03,1.407495884461470041e+03
1.421000000000000000e+03,5.464335264847486542e+03,3.994344724912243692e+03,1.471211197473801121e+03,2.584288396261020353e+03,1.408835671112665977e+03
1.422000000000000000e+03,5.468593278919662225e+03,3.997513772061203781e+03,1.472125612577242464e+03,2.586299741126817935e+03,1.410167925215602281e+03
1.423000000000000000e+03,5.472848080755496994e+03,4.000697270440534339e+03,1.473045184598349124e+03,2.588299759442315008e+03,1.411503136714832635e+03
1.424000000000000000e+03,5.477121354028278802e+03,4.003953545571451741e+03,1.473981176436930127e+03,2.590271826023345056e+03,1.412868351568004528e+03
1.425000000000000000e+03,5.481353494961216711e+03,4.007202698524146399e+03,1.474901883483086294e+03,2.592215986166972925e+03,1.414235625311157719e+03
1.426000000000000000e+03,5.485588802019894501e+03,4.010431209941024463e+03,1.475838424106723778e+03,2.594154795212432418e+03,1.415595582700737623e+03
1.427000000000000000e+03,5.489887883437022538e+03,4.013631841884373898e+03,1.476791892255553421e+03,2.596122485578660871e+03,1.416973505602808245e+03
1.428000000000000000e+03,5.494185672538909785e+03,4.016870997040628481e+03,1.477758010159813693e+03,2.598084572283743910e+03,1.418343090095352409e+03
1.429000000000000000e+03,5.498491984107613462e+03,4.020126351333017737e+03,1.478713087420847387e+03,2.600064112871358702e+03,1.419714783815407827e+03
1.430000000000000000e+03,5.502828233705908133e+03,4.023368674597668360e+03,1.479658948282024994e+03,2.602055384540805790e+03,1.421113900883077804e+03
1.431000000000000000e+03,5.507197034832093777e+03,4.026590863226621877e+03,1.480617681577888561e+03,2.604055974125494231e+03,1.422523379128710985e+03
1.432000000000000000e+03,5.511564105092947102e+03,4.029837693681221481e+03,1.481587562655306783e+03,2.606045811227258127e+03,1.423930731210382191e+03
1.433000000000000000e+03,5.515985063795355018e+03,4.033138662931633462e+03,1.482561948220396062e+03,2.608054109490351038e+03,1.425369006084608145e+03
1.434000000000000000e+03,5.520400359713034049e+03,4.036415812150223701e+03,1.483536326513671156e+03,2.610064550343484825e+03,1.426799482855878750e+03
1.435000000000000000e+03,5.524788254423848230e+03,4.039663191837764771e+03,1.484517580410496976e+03,2.612050251021933946e+03,1.428220422991417536e+03
1.436000000000000000e+03,5.529141814431926832e+03,4.042890170774699072e+03,1.485472991666686312e+03,2.614047755382210198e+03,1.429621067383030550e+03
1.437000000000000000e+03,5.533455368465462925e+03,4.046114251755848272e+03,1.486405638118941624e+03,2.616053222815291520e+03,1.430996507531230236e+03
1.438000000000000000e+03,5.537691420460094378e+03,4.049366120537198640e+03,1.487323560627473626e+03,2.618031832432512601e+03,1.432336027400108151e+03
1.439000000000000000e+03,5.541907813826564052e+03,4.052618714086947875e+03,1.488261185485968554e+03,2.619970278993407646e+03,1.433676349347187397e+03
1.440000000000000000e+03,5.546156805843000257e+03,4.055889698932846386e+03,1.489245852971516570e+03,2.621873885049446471e+03,1.435037067822036306e+03
1.441000000000000000e+03,5.550437484852158377e+03,4.059147626314246281e+03,1.490241511825580119e+03,2.623756709268889153e+03,1.436439263757687968e+03
1.442000000000000000e+03,5.554757144215031076e+03,4.062398876497398760e+03,1.491251667728657821e+03,2.625656268294332676e+03,1.437849208192040805e+03
1.443000000000000000e+03,5.559071375639692633e+03,4.065662200246843895e+03,1.492261607574654136e+03,2.627574016467743604e+03,1.439235751597295575e+03
1.444000000000000000e+03,5.563382756394243188e+03,4.068962657851940094e+03,1.493289100664664147e+03,2.629494965509650228e+03,1.440598690219930859e+03
1.445000000000000000e+03,5.567700497214678762e+03,4.072322025284839128e+03,1.494323999180078317e+03,2.631431973208508680e+03,1.441944524826091538e+03
1.446000000000000000e+03,5.572005003609816413e+03,4.075667877246479748e+03,1.495360537425516668e+03,2.633374265715551701e+03,1.443270200468747134e+03
1.447000000000000000e+03,5.576373014278391565e+03,4.079037294200848464e+03,1.496413907530671167e+03,2.635345666054548474e+03,1.444613440693172834e+03
1.448000000000000000e+03,5.580758464892531265e+03,4.082386603071739501e+03,1.497449216828790668e+03,2.637331357152411329e+03,1.445977890911328814e+03
1.449000000000000000e+03,5.585150276508496972e+03,4.085740302211093876e+03,1.498494102019634283e+03,2.639315419322701018e+03,1.447340755166162580e+03
1.450000000000000000e+03,5.589522178599543622e+03,4.089082612624188641e+03,1.499546876232812110e+03,2.641277208595540742e+03,1.448698093771191225e+03
1.451000000000000000e+03,5.593876364941405882e+03,4.092388216940984421e+03,1.500611142820855548e+03,2.643217822841980706e+03,1.450047399278568946e+03
1.452000000000000000e+03,5.598187964575217848e+03,4.095654828311018264e+03,1.501665129200835054e+03,2.645140389466596389e+03,1.451382445907785041e+03
1.453000000000000000e+03,5.602515415568430399e+03,4.098918837409752086e+03,1.502708252132948701e+03,2.647067913700666850e+03,1.452739249734815075e+03
1.454000000000000000e+03,5.606874620753827003e+03,4.102161534055924676e+03,1.503741664732946674e+03,2.649001226631168720e+03,1.454131729389710927e+03
1.455000000000000000e+03,5.611287114825204299e+03,4.105380577089070357e+03,1.504806179893828357e+03,2.650945601368154712e+03,1.455535333563221229e+03
1.456000000000000000e+03,5.615723493300833979e+03,4.108649690185979125e+03,1.505875217148421370e+03,2.652919995470979302e+03,1.456928280681433989e+03
1.457000000000000000e+03,5.620148085691735105e+03,4.111918487115807693e+03,1.506935862827948085e+03,2.654904735933477241e+03,1.458307486930309778e+03
1.458000000000000000e+03,5.624526084065373652e+03,4.115178484784692955e+03,1.507951031160763705e+03,2.656881322692362119e+03,1.459693730212247146e+03
1.459000000000000000e+03,5.628841934772322929e+03,4.118421411913594966e+03,1.508921623352357528e+03,2.658818127146689221e+03,1.461102184273276407e+03
1.460000000000000000e+03,5.633142187761198329e+03,4.121689117193266611e+03,1.509871048905921270e+03,2.660756433233111693e+03,1.462514705622165820e+03
1.461000000000000000e+03,5.637399100376687784e+03,4.124978756123308813e+03,1.510787540072871934e+03,2.662691297459434736e+03,1.463920262844381341e+03
1.462000000000000000e+03,5.641691152468903965e+03,4.128289760222064615e+03,1.511727321044636028e+03,2.664655628213300588e+03,1.465308203210967122e+03
1.463000000000000000e+03,5.646024400834950939e+03,4.131634706703403936e+03,1.512685361296798419e+03,2.666653105537876399e+03,1.466685934000276347e+03
1.464000000000000000e+03,5.650367504460798045e+03,4.135019775334933001e+03,1.513640465647632254e+03,2.668648075716698258e+03,1.468078963096465941e+03
1.465000000000000000e+03,5.654710860338384009e+03,4.138411510132950752e+03,1.514597012027062419e+03,2.670643864923732963e+03,1.469469983387588172e+03
1.466000000000000000e+03,5.659071950058876610e+03,4.141795907913895462e+03,1.515592327328134616e+03,2.672588981486017474e+03,1.470890641244723611e+03
1.467000000000000000e+03,5.663476724409257258e+03,4.145205102456777240e+03,1.516629617378481043e+03,2.674522022109803856e+03,1.472325084920971904e+03
1.468000000000000000e+03,5.667923627331523676e+03,4.148641393191240240e+03,1.517656413672427107e+03,2.676459995818126117e+03,1.473807217840971816e+03
1.469000000000000000e+03,5.672350577581439211e+03,4.152100458040397825e+03,1.518650948478908276e+03,2.678413789500828443e+03,1.475285839601702264e+03
1.470000000000000000e+03,5.676780646017521576e+03,4.155583063561100971e+03,1.519615852533511315e+03,2.680387663730401982e+03,1.476777129753608961e+03
1.471000000000000000e+03,5.681216805393474715e+03,4.159034569319465845e+03,1.520597621392204019e+03,2.682355381730772933e+03,1.478263802270498218e+03
1.472000000000000000e+03,5.685650671715899989e+03,4.162440291809662995e+03,1.521574968459019601e+03,2.684327419958868632e+03,1.479748283298011529e+03
1.473000000000000000e+03,5.690046645208834889e+03,4.165784827055201276e+03,1.522547179420266502e+03,2.686272019044317858e+03,1.481227446744250756e+03
1.474000000000000000e+03,5.694428480608346945e+03,4.169053737135380288e+03,1.523517624555701786e+03,2.688205761948981490e+03,1.482705094103663896e+03
1.475000000000000000e+03,5.698744861740449778e+03,4.172239619664451311e+03,1.524470159206886365e+03,2.690104817016518609e+03,1.484169885517044804e+03
1.476000000000000000e+03,5.703006947425177714e+03,4.175371955973347212e+03,1.525412562919494803e+03,2.691984612988978824e+03,1.485609771516704086e+03
1.477000000000000000e+03,5.707227200153499325e+03,4.178437952094885077e+03,1.526341771752745217e+03,2.693869613527445381e+03,1.487015814873308273e+03
1.478000000000000000e+03,5.711388394021084423e+03,4.181468627997301155e+03,1.527259314523442754e+03,2.695740908806973948e+03,1.488388170690668403e+03
1.479000000000000000e+03,5.715465776336472118e+03,4.184450506850042075e+03,1.528190872747717776e+03,2.697562705781571822e+03,1.489712197807184793e+03
1.480000000000000000e+03,5.719517859635385321e+03,4.187434365832491494e+03,1.529134809530729399e+03,2.699358164606575883e+03,1.491024885498080494e+03
1.481000000000000000e+03,5.723622849439383572e+03,4.190436947930832503e+03,1.530087261154779753e+03,2.701157091494582801e+03,1.492378496790020790e+03
1.482000000000000000e+03,5.727764052209588044e+03,4.193458318727700316e+03,1.531034709352257778e+03,2.702970930746566864e+03,1.493758412110764311e+03
1.483000000000000000e+03,5.731965254122646911e+03,4.196526081776812134e+03,1.531985825052450082e+03,2.704815547667471947e+03,1.495163881402725110e+03
1.484000000000000000e+03,5.736121150237810070e+03,4.199545988635788490e+03,1.532909298153079817e+03,2.706668656051546805e+03,1.496543196033183222e+03
1.485000000000000000e+03,5.740176592940712908e+03,4.202510609362806463e+03,1.533806079189019329e+03,2.708501957362560915e+03,1.497868556389131300e+03
1.486000000000000000e+03,5.744196962548554438e+03,4.205443162937388479e+03,1.534697799627813538e+03,2.710314260747531989e+03,1.499184902173209593e+03
1.487000000000000000e+03,5.748285291354506626e+03,4.208399122319269736e+03,1.535598170506655606e+03,2.712157255479954074e+03,1.500529865367896946e+03
1.488000000000000000e+03,5.752425364560991511e+03,4.211419974393049415e+03,1.536517823904522174e+03,2.714013479571792232e+03,1.501894061084678015e+03
1.489000000000000000e+03,5.756562821292747685e+03,4.214431884195619205e+03,1.537450357314093935e+03,2.715851453394498549e+03,1.503261010584154974e+03
1.490000000000000000e+03,5.760716479198895286e+03,4.217410546173114199e+03,1.538378886156347789e+03,2.717694932707562657e+03,1.504642660334983930e+03
1.491000000000000000e+03,5.764852489370939111e+03,4.220389258904991948e+03,1.539290618696563342e+03,2.719527362950936549e+03,1.506034507723438537e+03
1.492000000000000000e+03,5.769013667208031620e+03,4.223381602793654565e+03,1.540204359614023133e+03,2.721407101164330470e+03,1.507402206429678245e+03
1.493000000000000000e+03,5.773186122330685976e+03,4.226422209799948178e+03,1.541125896932800515e+03,2.723336837026417015e+03,1.508723388371468673e+03
1.494000000000000000e+03,5.777329095167498963e+03,4.229429284230026497e+03,1.542036119528254403e+03,2.725290393689461325e+03,1.510002581949783689e+03
1.495000000000000000e+03,5.781457310775627775e+03,4.232414574599527441e+03,1.542942182541252350e+03,2.727254743355369101e+03,1.511260384879004960e+03
1.496000000000000000e+03,5.785634417385017514e+03,4.235453396231854640e+03,1.543855169478473044e+03,2.729238708839309766e+03,1.512540539067235613e+03
1.497000000000000000e+03,5.789879905370688903e+03,4.238559280320063408e+03,1.544782544358306495e+03,2.731239187713663796e+03,1.513858173298720430e+03
1.498000000000000000e+03,5.794116431186092996e+03,4.241680546718523146e+03,1.545708121969076501e+03,2.733221697313778350e+03,1.515186611903238827e+03
1.499000000000000000e+03,5.798351118655531536e+03,4.244774637136503770e+03,1.546613720573560840e+03,2.735206516319331968e+03,1.516530881762639865e+03
1.500000000000000000e+03,5.802530305974963085e+03,4.247815973618369753e+03,1.547489121302675358e+03,2.737190842862029058e+03,1.517850341810260034e+03
1.501000000000000000e+03,5.806693102945260762e+03,4.250852100065098057e+03,1.548347975001668601e+03,2.739164214573871959e+03,1.519180913369721111e+03
1.502000000000000000e+03,5.810864840941851071e+03,4.253833986713047125e+03,1.549196739675905974e+03,2.741129188507936760e+03,1.520538912758008792e+03
1.503000000000000000e+03,5.815086197030522271e+03,4.256841264390539436e+03,1.550044008059443968e+03,2.743128746991646949e+03,1.521913441979431354e+03
1.504000000000000000e+03,5.819269159220903930e+03,4.259841834032730731e+03,1.550885887174786376e+03,2.745108065803623958e+03,1.523275206242492686e+03
1.505000000000000000e+03,5.823368805588235773e+03,4.262813124040108960e+03,1.551709987519929200e+03,2.747035367347822103e+03,1.524623450720484016e+03
1.506000000000000000e+03,5.827459645771606120e+03,4.265804841079097059e+03,1.552537701438493514e+03,2.748926638302781157e+03,1.525995306030332586e+03
1.507000000000000000e+03,5.831560194833907190e+03,4.268793345797244001e+03,1.553365076956924668e+03,2.750824223603249266e+03,1.527370894273732119e+03
1.508000000000000000e+03,5.835626567494428855e+03,4.271736200941668358e+03,1.554177739723296327e+03,2.752740825611039782e+03,1.528708002160092974e+03
1.509000000000000000e+03,5.839714832928709257e+03,4.274714782606160043e+03,1.555000762322840046e+03,2.754678811140841390e+03,1.530035259465028048e+03
1.510000000000000000e+03,5.843774969265650725e+03,4.277737675286920421e+03,1.555818092592639914e+03,2.756630801723170407e+03,1.531326074949839949e+03
1.511000000000000000e+03,5.847813932812759049e+03,4.280777536518769921e+03,1.556625398681719162e+03,2.758583714703690930e+03,1.532604819427348730e+03
1.512000000000000000e+03,5.851846366286799821e+03,4.283827192821378958e+03,1.557424534940586909e+03,2.760541975040300258e+03,1.533879856305912426e+03
1.513000000000000000e+03,5.855954935928088162e+03,4.286928329230612690e+03,1.558241717194628109e+03,2.762535527539262148e+03,1.535177691194197905e+03
1.514000000000000000e+03,5.860104772095663975e+03,4.290040926057572506e+03,1.559070130620752025e+03,2.764527193236014682e+03,1.536507448238897268e+03
1.515000000000000000e+03,5.864206410020487965e+03,4.293093473616647316e+03,1.559894201574456474e+03,2.766454092395207226e+03,1.537858116050824265e+03
1.516000000000000000e+03,5.868229854942275779e+03,4.296054440578900540e+03,1.560708461937450693e+03,2.768304823007708364e+03,1.539216569997117176e+03
1.517000000000000000e+03,5.872205210124850055e+03,4.298967735975465075e+03,1.561523798492413789e+03,2.770114220562486480e+03,1.540567191069949331e+03
1.518000000000000000e+03,5.876184019593611083e+03,4.301908736218812010e+03,1.562358201087129373e+03,2.771909285440578969e+03,1.541916533065902058e+03
1.519000000000000000e+03,5.880168417789027444e+03,4.304865574449569067e+03,1.563214786250697443e+03,2.773672769768526905e+03,1.543280861769801731e+03
1.520000000000000000e+03,5.884158991042118942e+03,4.307807933436447456e+03,1.564084605746793613e+03,2.775410512487386313e+03,1.544663872807939697e+03
1.521000000000000000e+03,5.888185682959689075e+03,4.310760382288043729e+03,1.564955539398160454e+03,2.777154136902270238e+03,1.546076006659258383e+03
1.522000000000000000e+03,5.892203999363662660e+03,4.313693125617549413e+03,1.565805698969725881e+03,2.778922751224627973e+03,1.547475549169309261e+03
1.523000000000000000e+03,5.896206021054659686e+03,4.316582379161027347e+03,1.566672161207620547e+03,2.780679144098759480e+03,1.548854715748278522e+03
1.524000000000000000e+03,5.900152172401375537e+03,4.319472416346079626e+03,1.567533716775123139e+03,2.782432196323016342e+03,1.550186259303236511e+03
1.525000000000000000e+03,5.904046561425047912e+03,4.322359709323513925e+03,1.568355632737071801e+03,2.784159841894540932e+03,1.551531086793436089e+03
1.526000000000000000e+03,5.907947208936163406e+03,4.325245541876307470e+03,1.569165605411877095e+03,2.785855433230334256e+03,1.552926170293953874e+03
1.527000000000000000e+03,5.911869022001410485e+03,4.328151286212835657e+03,1.569993616774226666e+03,2.787535748651231643e+03,1.554339656575952631e+03
1.528000000000000000e+03,5.915825264299571245e+03,4.331005016490625167e+03,1.570855096812562806e+03,2.789190335202104961e+03,1.555779832284903705e+03
1.529000000000000000e+03,5.919810773017216889e+03,4.333842387389728174e+03,1.571718803382623719e+03,2.790857174794679850e+03,1.557234794839913775e+03
1.530000000000000000e+03,5.923766211044990996e+03,4.336637867002642452e+03,1.572580796665048183e+03,2.792494204222517965e+03,1.558691210157422120e+03
1.531000000000000000e+03,5.927665480150591975e+03,4.339433317367086602e+03,1.573420910195074612e+03,2.794107656727658195e+03,1.560136913227858940e+03
1.532000000000000000e+03,5.931564865032300986e+03,4.342200589639061036e+03,1.574250457339817785e+03,2.795730999548507043e+03,1.561583408143975930e+03
1.533000000000000000e+03,5.935488253572065332e+03,4.345024214524350100e+03,1.575101213848231737e+03,2.797350885702765481e+03,1.563036154021068796e+03
1.534000000000000000e+03,5.939450853519199882e+03,4.347860899346751467e+03,1.575977149320189028e+03,2.798993868762360762e+03,1.564479835436649637e+03
1.535000000000000000e+03,5.943395145537967437e+03,4.350726528744327879e+03,1.576852719942485692e+03,2.800658115010089205e+03,1.565884310585392996e+03
1.536000000000000000e+03,5.947311929923814205e+03,4.353613771337279104e+03,1.577732244120702717e+03,2.802327578303857536e+03,1.567252107499254180e+03
1.537000000000000000e+03,5.951215059297731386e+03,4.356490881940497275e+03,1.578589849089138397e+03,2.804013000714902773e+03,1.568612209493689761e+03
1.538000000000000000e+03,5.955156495549756983e+03,4.359427968679888181e+03,1.579461425346562464e+03,2.805698689240741714e+03,1.569996380962452804e+03
1.539000000000000000e+03,5.959095672726582052e+03,4.362386795476530096e+03,1.580313095135371896e+03,2.807394096318889751e+03,1.571388481272319723e+03
1.540000000000000000e+03,5.963051135231916305e+03,4.365337554151297809e+03,1.581143026874187399e+03,2.809092594051636752e+03,1.572815514306093291e+03
1.541000000000000000e+03,5.967015058525048516e+03,4.368255186540453906e+03,1.581985137717785165e+03,2.810772211681686258e+03,1.574257709125576639e+03
1.542000000000000000e+03,5.970881685966040095e+03,4.371104852385231425e+03,1.582790070439250030e+03,2.812416674049746689e+03,1.575674941477042466e+03
1.543000000000000000e+03,5.974623338966994197e+03,4.373852449953916221e+03,1.583568446374190216e+03,2.814009584025251570e+03,1.577045308567552638e+03
1.544000000000000000e+03,5.978341367537545921e+03,4.376564202995412415e+03,1.584343759797660823e+03,2.815610097337835214e+03,1.578387510402050339e+03
1.545000000000000000e+03,5.982083184389492089e+03,4.379328637962882567e+03,1.585106966101120406e+03,2.817243872492942501e+03,1.579732345795427364e+03
1.546000000000000000e+03,5.985852034402234494e+03,4.382171711106659131e+03,1.585860792927389866e+03,2.818902464505388252e+03,1.581088776969454557e+03
1.547000000000000000e+03,5.989643114892967787e+03,4.385032615557393910e+03,1.586606050350769920e+03,2.820574610753536945e+03,1.582462453788660923e+03
1.548000000000000000e+03,5.993424324629594594e+03,4.387911642746126745e+03,1.587331243283532331e+03,2.822251719394305837e+03,1.583841361951757108e+03
1.549000000000000000e+03,5.997217108263675982e+03,4.390801192069149693e+03,1.588056735557368256e+03,2.823939452423902367e+03,1.585220920282404450e+03
1.550000000000000000e+03,6.001021856477933397e+03,4.393696741380784260e+03,1.588761770009435622e+03,2.825622878382089311e+03,1.586637208086408918e+03
1.551000000000000000e+03,6.004846078751224923e+03,4.396542090126544281e+03,1.589455252264908495e+03,2.827293009400437313e+03,1.588097817085878432e+03
1.552000000000000000e+03,6.008643251404851981e+03,4.399366082938482577e+03,1.590125026027476679e+03,2.828942948782947497e+03,1.589575276594428487e+03
1.553000000000000000e+03,6.012437508051489203e+03,4.402188498947602056e+03,1.590806952339577720e+03,2.830582945641442166e+03,1.591047610070469318e+03
1.554000000000000000e+03,6.016282093049552714e+03,4.405030205249943720e+03,1.591496371155453744e+03,2.832250138770586091e+03,1.592535583123512424e+03
1.555000000000000000e+03,6.020126690766259344e+03,4.407847465214756994e+03,1.592176982253606639e+03,2.833928127186441998e+03,1.594021581326209798e+03
1.556000000000000000e+03,6.023957155143961245e+03,4.410676388883567597e+03,1.592832037458511195e+03,2.835610076178716554e+03,1.595515041506733951e+03
1.557000000000000000e+03,6.027798498042161555e+03,4.413497923278744565e+03,1.593498346806866266e+03,2.837292251973911789e+03,1.597007899261383727e+03
1.558000000000000000e+03,6.031647443900346843e+03,4.416306960715419336e+03,1.594175239067237271e+03,2.838960932840872374e+03,1.598511271992238107e+03
1.559000000000000000e+03,6.035489084358183391e+03,4.419157215600145719e+03,1.594876761282618872e+03,2.840608604688205560e+03,1.600003718387359640e+03
1.560000000000000000e+03,6.039325812103963472e+03,4.421995815468590081e+03,1.595563200401003542e+03,2.842267787332063563e+03,1.601494824370896140e+03
1.561000000000000000e+03,6.043175909085382045e+03,4.424893971554213749e+03,1.596256208253211980e+03,2.843933456423055304e+03,1.602986244409114988e+03
1.562000000000000000e+03,6.047010711866619204e+03,4.427802476668223790e+03,1.596964022635191441e+03,2.845586551071258327e+03,1.604460138160168299e+03
1.563000000000000000e+03,6.050829785976376115e+03,4.430684825311902387e+03,1.597695385452809660e+03,2.847227983317958206e+03,1.605906417205610069e+03
1.564000000000000000e+03,6.054655356313155607e+03,4.433573006618536965e+03,1.598436005807205447e+03,2.848890528388919847e+03,1.607328822117030086e+03
1.565000000000000000e+03,6.058453985353915414e+03,4.436459181390390768e+03,1.599173939880223315e+03,2.850547804313705910e+03,1.608732241159985279e+03
1.566000000000000000e+03,6.062213800567842554e+03,4.439307091695659437e+03,1.599911785561003398e+03,2.852163740279000194e+03,1.610138274727838962e+03
1.567000000000000000e+03,6.065960499560208518e+03,4.442123081963772165e+03,1.600641339843968808e+03,2.853781152805051534e+03,1.611538006911187949e+03
1.568000000000000000e+03,6.069702388351552145e+03,4.444965838281928882e+03,1.601366591691848498e+03,2.855383393745103149e+03,1.612952402914600498e+03
1.569000000000000000e+03,6.073489464027258691e+03,4.447862411063882973e+03,1.602107683322317371e+03,2.856992991759534107e+03,1.614388788945406986e+03
1.570000000000000000e+03,6.077314320011579184e+03,4.450778677349477221e+03,1.602888588596675845e+03,2.858587264933102233e+03,1.615838466481799969e+03
1.571000000000000000e+03,6.081129415325227455e+03,4.453715356438188792e+03,1.603674138116332415e+03,2.860173789612726068e+03,1.617281487596168063e+03
1.572000000000000000e+03,6.084878473503694295e+03,4.456608769006365037e+03,1.604416983555528986e+03,2.861750940093234021e+03,1.618710549854930605e+03
1.573000000000000000e+03,6.088633341876189661e+03,4.459476817552537796e+03,1.605152248480173057e+03,2.863342729903252803e+03,1.620138363492764711e+03
1.574000000000000000e+03,6.092454377174393812e+03,4.462376056786895788e+03,1.605881245242408340e+03,2.864949090280985729e+03,1.621624041650998834e+03
1.575000000000000000e+03,6.096271920237681115e+03,4.465302619873220465e+03,1.606608341836447153e+03,2.866555380456834882e+03,1.623108197944398853e+03
1.576000000000000000e+03,6.100102396010156554e+03,4.468229099387702263e+03,1.607379527185343022e+03,2.868128131318398118e+03,1.624594737506416095e+03
1.577000000000000000e+03,6.103982172444686512e+03,4.471140130473185309e+03,1.608155284892238569e+03,2.869710778215684968e+03,1.626116109336762065e+03
1.578000000000000000e+03,6.107858306548248038e+03,4.474027019802303585e+03,1.608916135317977023e+03,2.871282153421705971e+03,1.627660017808563452e+03
1.579000000000000000e+03,6.111686729594777717e+03,4.476893092567540407e+03,1.609680584684643236e+03,2.872817185418168719e+03,1.629188959491966443e+03
1.580000000000000000e+03,6.115481807909532108e+03,4.479732896285173410e+03,1.610458500349988981e+03,2.874332640179633017e+03,1.630690667379910337e+03
1.581000000000000000e+03,6.119237592474514713e+03,4.482577310333836976e+03,1.611233911946715125e+03,2.875838304295228227e+03,1.632165376232571816e+03
1.582000000000000000e+03,6.122950680960250793e+03,4.485384804396411710e+03,1.611999508453975977e+03,2.877326574796500608e+03,1.633624597709774207e+03
1.583000000000000000e+03,6.126647254124274696e+03,4.488157113088417645e+03,1.612763130432367234e+03,2.878818230644218602e+03,1.635065893047687496e+03
1.584000000000000000e+03,6.130302840747902337e+03,4.490912448545064763e+03,1.613513199551743810e+03,2.880313980361825543e+03,1.636475660834333439e+03
1.585000000000000000e+03,6.133967930797023655e+03,4.493715886324967869e+03,1.614257547371709052e+03,2.881852044034922073e+03,1.637858339390393212e+03
1.586000000000000000e+03,6.137727951218732414e+03,4.496568959254635956e+03,1.615025538435078033e+03,2.883444982251578949e+03,1.639257430532074522e+03
1.587000000000000000e+03,6.141601028426207449e+03,4.499472236329203042e+03,1.615806902237112809e+03,2.885086375457669874e+03,1.640707750731424767e+03
1.588000000000000000e+03,6.145487525644926791e+03,4.502402340389782694e+03,1.616592318524707480e+03,2.886735895535230156e+03,1.642159311584990064e+03
1.589000000000000000e+03,6.149358860296920284e+03,4.505310839928567475e+03,1.617348246115960364e+03,2.888401260349569384e+03,1.643609353831391445e+03
1.590000000000000000e+03,6.153262646037606828e+03,4.508204689049095578e+03,1.618089879954406115e+03,2.890075487378852813e+03,1.645097278704348355e+03
1.591000000000000000e+03,6.157179516182284715e+03,4.511085831543570748e+03,1.618830136200111610e+03,2.891736975176806482e+03,1.646612404805366850e+03
1.592000000000000000e+03,6.161157613930662592e+03,4.514054711847294129e+03,1.619573982607350672e+03,2.893429626382704100e+03,1.648154004940609639e+03
1.593000000000000000e+03,6.165156021080390019e+03,4.517066569456986144e+03,1.620324832626495891e+03,2.895131729321511102e+03,1.649699459132383254e+03
1.594000000000000000e+03,6.169150856723609650e+03,4.520062973238770610e+03,1.621070688469181277e+03,2.896868306358543123e+03,1.651211861895884340e+03
1.595000000000000000e+03,6.173159481923005842e+03,4.523011405907031076e+03,1.621825695926911521e+03,2.898623955366727387e+03,1.652709830629367843e+03
1.596000000000000000e+03,6.177168400663476859e+03,4.525956562138973823e+03,1.622585022231760377e+03,2.900381728762287821e+03,1.654201649669429798e+03
1.597000000000000000e+03,6.181189887585218457e+03,4.528931563652276054e+03,1.623338894071004916e+03,2.902132212362635073e+03,1.655718781151578469e+03
1.598000000000000000e+03,6.185185647739024716e+03,4.531951815541304313e+03,1.624057853672185502e+03,2.903881294402731328e+03,1.657246499664108342e+03
1.599000000000000000e+03,6.189182262357748186e+03,4.534960022000698700e+03,1.624743225426755544e+03,2.905647934198607800e+03,1.658791102732386662e+03
1.600000000000000000e+03,6.193155877826512551e+03,4.537933812132761886e+03,1.625406718158099693e+03,2.907413624579784482e+03,1.660335535088627921e+03
1.601000000000000000e+03,6.197109019400481884e+03,4.540874125707053281e+03,1.626090833595473669e+03,2.909163093181273325e+03,1.661855092623734208e+03
1.602000000000000000e+03,6.201085818728084632e+03,4.543797244188084733e+03,1.626789224895402640e+03,2.910916630787754002e+03,1.663379963044927308e+03
1.603000000000000000e+03,6.205037568275650301e+03,4.546684225477923064e+03,1.627458076654396109e+03,2.912682824626918773e+03,1.664896666994334737e+03
1.604000000000000000e+03,6.208976753666311197e+03,4.549561630872293790e+03,1.628132687806360536e+03,2.914445820694530539e+03,1.666398245165419667e+03
1.605000000000000000e+03,6.212905764416659622e+03,4.552487990842709223e+03,1.628829766020788611e+03,2.916190044126418798e+03,1.667885954269452441e+03
1.606000000000000000e+03,6.216838003449360258e+03,4.555451028799188862e+03,1.629515144372700661e+03,2.917958802861915501e+03,1.669364056214745460e+03
1.607000000000000000e+03,6.220711119361965757e+03,4.558386675591819767e+03,1.630176295852314524e+03,2.919719883797868988e+03,1.670814939711783609e+03
1.608000000000000000e+03,6.224611931733271376e+03,4.561302566521037079e+03,1.630837529562075815e+03,2.921515599411916810e+03,1.672258802759277842e+03
1.609000000000000000e+03,6.228524341021287910e+03,4.564230783020367198e+03,1.631530989130762919e+03,2.923322261198983142e+03,1.673671090691541394e+03
1.610000000000000000e+03,6.232394695123812198e+03,4.567152172955166861e+03,1.632235375289505328e+03,2.925091483405828058e+03,1.675067836428479950e+03
1.611000000000000000e+03,6.236344219677454021e+03,4.570101262627876167e+03,1.632942150331802623e+03,2.926885991088978244e+03,1.676516078256673154e+03
1.612000000000000000e+03,6.240341748214532345e+03,4.573053768805448271e+03,1.633639502227867069e+03,2.928698983323071843e+03,1.678003262663593659e+03
1.613000000000000000e+03,6.244334669523709636e+03,4.576046996126215163e+03,1.634319075219979140e+03,2.930513216535296124e+03,1.679502377768434144e+03
1.614000000000000000e+03,6.248317872340887334e+03,4.579030043201971239e+03,1.634974907687336781e+03,2.932355867343130285e+03,1.680987097310420268e+03
1.615000000000000000e+03,6.252320254018392006e+03,4.582051076241019473e+03,1.635633187214515601e+03,2.934213854132917731e+03,1.682473212670957537e+03
1.616000000000000000e+03,6.256309363316519921e+03,4.585052196302567609e+03,1.636278228392156052e+03,2.936072903850989860e+03,1.683958231073374236e+03
1.617000000000000000e+03,6.260293986486025460e+03,4.588030637779721474e+03,1.636923399414268715e+03,2.937923942578610422e+03,1.685446644493145868e+03
1.618000000000000000e+03,6.264277717104268959e+03,4.590910274695546832e+03,1.637590033639505918e+03,2.939738145096147491e+03,1.686949538368614185e+03
1.619000000000000000e+03,6.268271363498339269e+03,4.593750680359275066e+03,1.638260619885435744e+03,2.941540662730571967e+03,1.688470080882331331e+03
1.620000000000000000e+03,6.272287293163843060e+03,4.596588456988560210e+03,1.638936650353247842e+03,2.943325829234298908e+03,1.690024813576297220e+03
1.621000000000000000e+03,6.276305333209114906e+03,4.599382552984021459e+03,1.639619409728301662e+03,2.945108726681212374e+03,1.691577196799601097e+03
1.622000000000000000e+03,6.280286405809059033e+03,4.602184974503380545e+03,1.640296143104157863e+03,2.946884362160385535e+03,1.693105900544516317e+03
1.623000000000000000e+03,6.284244395370303209e+03,4.605030769613525990e+03,1.640989423482577422e+03,2.948644768123391714e+03,1.694610203764335893e+03
1.624000000000000000e+03,6.288200285066081960e+03,4.607884838861989010e+03,1.641701913620930327e+03,2.950378674187345041e+03,1.696119697257807729e+03
1.625000000000000000e+03,6.292183248935893062e+03,4.610763024576032876e+03,1.642412182407710134e+03,2.952135026178720636e+03,1.697636040349461837e+03
1.626000000000000000e+03,6.296147759638766729e+03,4.613690162871439497e+03,1.643110211337756027e+03,2.953888060422405943e+03,1.699149487878604759e+03
1.627000000000000000e+03,6.300144648137909826e+03,4.616608432486620586e+03,1.643867960558672621e+03,2.955602900648974355e+03,1.700673786930262850e+03
1.628000000000000000e+03,6.304104228104831236e+03,4.619457245954560676e+03,1.644641698052424999e+03,2.957288719398734429e+03,1.702173810653672717e+03
1.629000000000000000e+03,6.308084982508202302e+03,4.622330586377789587e+03,1.645424924101914030e+03,2.958987995693977155e+03,1.703672062712310435e+03
1.630000000000000000e+03,6.312147151250323077e+03,4.625258860042964443e+03,1.646228337457823045e+03,2.960729659126724073e+03,1.705189154665775959e+03
1.631000000000000000e+03,6.316218840716625891e+03,4.628193349778920492e+03,1.647042637699520583e+03,2.962499783213778301e+03,1.706676419803326553e+03
1.632000000000000000e+03,6.320264959165770961e+03,4.631114335976700204e+03,1.647875575135867621e+03,2.964284654373563626e+03,1.708104729656340623e+03
1.633000000000000000e+03,6.324353217964713622e+03,4.634033114427858891e+03,1.648732700010090412e+03,2.966090006065669968e+03,1.709530511888953697e+03
1.634000000000000000e+03,6.328466727530425487e+03,4.636984852651566143e+03,1.649583287709864862e+03,2.967914050063595823e+03,1.710969389756966393e+03
1.635000000000000000e+03,6.332612603810874134e+03,4.639976698287573527e+03,1.650419191600528848e+03,2.969736573078021138e+03,1.712456839132325740e+03
1.636000000000000000e+03,6.336765777859684931e+03,4.643017965898742659e+03,1.651248645939608878e+03,2.971569368611342725e+03,1.713947763308732874e+03
1.637000000000000000e+03,6.340973649629314423e+03,4.646125743154646443e+03,1.652107606132778074e+03,2.973419746977652721e+03,1.715446296518884537e+03
1.638000000000000000e+03,6.345182252091226474e+03,4.649314494013340664e+03,1.652967870903052244e+03,2.975305383601806170e+03,1.716908997586368741e+03
1.639000000000000000e+03,6.349350697997087082e+03,4.652481989932697616e+03,1.653815200341049376e+03,2.977197597504363330e+03,1.718337900151673693e+03
1.640000000000000000e+03,6.353488907921675491e+03,4.655614884767029253e+03,1.654638017636723362e+03,2.979082401084346202e+03,1.719768489200607291e+03
1.641000000000000000e+03,6.357582300320720606e+03,4.658725729435905123e+03,1.655433796444759309e+03,2.980954757969117509e+03,1.721193745906844242e+03
1.642000000000000000e+03,6.361654976967916809e+03,4.661892370446658788e+03,1.656208963217339715e+03,2.982824736549605859e+03,1.722621277200972372e+03
1.643000000000000000e+03,6.365764684986943394e+03,4.665105267794072461e+03,1.656989983511818764e+03,2.984723350407686212e+03,1.724051351067436826e+03
1.644000000000000000e+03,6.369882528755002568e+03,4.668304504674500095e+03,1.657759942892070512e+03,2.986623184111153932e+03,1.725499401751777214e+03
1.645000000000000000e+03,6.374008347286243406e+03,4.671497400470655521e+03,1.658567756800663801e+03,2.988479994374299167e+03,1.726960596111279301e+03
1.646000000000000000e+03,6.378159204731263344e+03,4.674632131904270864e+03,1.659397335102100214e+03,2.990336847131474769e+03,1.728425022497686996e+03
1.647000000000000000e+03,6.382299271016403509e+03,4.677767192362985043e+03,1.660227063679879166e+03,2.992191172271733194e+03,1.729881035064791604e+03
1.648000000000000000e+03,6.386472306303484402e+03,4.680942138570506359e+03,1.661047260928877677e+03,2.994044409808013825e+03,1.731380635566593583e+03
1.649000000000000000e+03,6.390647871138992741e+03,4.684113561108019894e+03,1.661843281376367258e+03,2.995907664336551989e+03,1.732896925426073039e+03
1.650000000000000000e+03,6.394779411653716124e+03,4.687257437001854669e+03,1.662639419195983010e+03,2.997760183586417952e+03,1.734379808871314935e+03
1.651000000000000000e+03,6.398870987547355980e+03,4.690373464175033405e+03,1.663431136529501146e+03,2.999588609130475561e+03,1.735851241887377228e+03
1.652000000000000000e+03,6.403030212711448257e+03,4.693535366618688386e+03,1.664255741640934957e+03,3.001431826675272077e+03,1.737342644395240541e+03
1.653000000000000000e+03,6.407275210302997039e+03,4.696789430243985407e+03,1.665119442238910324e+03,3.003315134380122799e+03,1.738840633683964597e+03
1.654000000000000000e+03,6.411513850391737833e+03,4.700033253341091950e+03,1.666041938851271652e+03,3.005164274046087939e+03,1.740307637494378241e+03
1.655000000000000000e+03,6.415755249017068309e+03,4.703270440697843696e+03,1.666966362454333193e+03,3.007013519010960863e+03,1.741775367551772888e+03
1.656000000000000000e+03,6.420077474047238866e+03,4.706511187320485988e+03,1.667886945306064717e+03,3.008916605779404108e+03,1.743273922961768449e+03
1.657000000000000000e+03,6.424453607974047372e+03,4.709750401285455155e+03,1.668797008367240323e+03,3.010874015933288774e+03,1.744782583673518729e+03
1.658000000000000000e+03,6.428857747491618284e+03,4.712982778221888111e+03,1.669701379393341313e+03,3.012853649824390686e+03,1.746302718273886057e+03
1.659000000000000000e+03,6.433240607797721168e+03,4.716287819819925062e+03,1.670590797397267352e+03,3.014822096916282590e+03,1.747827713484171227e+03
1.660000000000000000e+03,6.437657756950008661e+03,4.719620209621720278e+03,1.671501716147249681e+03,3.016784736942873678e+03,1.749371303859884620e+03
1.661000000000000000e+03,6.442095107830367851e+03,4.722969796177285389e+03,1.672431164317740695e+03,3.018743034782475661e+03,1.750920908730152178e+03
1.662000000000000000e+03,6.446556129184265956e+03,4.726305281367908719e+03,1.673348549731792900e+03,3.020734966265699768e+03,1.752472613186773287e+03
1.663000000000000000e+03,6.451052335782354930e+03,4.729653308710274359e+03,1.674249971598548200e+03,3.022758061590451689e+03,1.754044302593355042e+03
1.664000000000000000e+03,6.455571838134196696e+03,4.733031371626116197e+03,1.675144317405701486e+03,3.024786950544002138e+03,1.755640570184493754e+03
1.665000000000000000e+03,6.460096761678575604e+03,4.736458975699727489e+03,1.676043365505424617e+03,3.026805809680587572e+03,1.757247586492563187e+03
1.666000000000000000e+03,6.464604646968794441e+03,4.739915952544909487e+03,1.676975843041649114e+03,3.028809123891169293e+03,1.758819680035975807e+03
1.667000000000000000e+03,6.469131802717099163e+03,4.743387195184814118e+03,1.677910577566312668e+03,3.030842623018794711e+03,1.760378602131992693e+03
1.668000000000000000e+03,6.473670880932785622e+03,4.746850398811811829e+03,1.678833849838121068e+03,3.032887225510214193e+03,1.761949805584451042e+03
1.669000000000000000e+03,6.478234332701212224e+03,4.750330610043440174e+03,1.679727334879920136e+03,3.034952555443008805e+03,1.763554442378285557e+03
1.670000000000000000e+03,6.482763657778982633e+03,4.753811247309430655e+03,1.680595878105186785e+03,3.036989878003421836e+03,1.765177901670375377e+03
1.671000000000000000e+03,6.487237324569454358e+03,4.757270019024862449e+03,1.681459284745850937e+03,3.038991768689194487e+03,1.766786271134408253e+03
1.672000000000000000e+03,6.491688581991357751e+03,4.760671822520937894e+03,1.682307632560402226e+03,3.040988123652533432e+03,1.768392825778423230e+03
1.673000000000000000e+03,6.496122676310036695e+03,4.764075166308845837e+03,1.683167730478180601e+03,3.042955757283615640e+03,1.769999188548240681e+03
1.674000000000000000e+03,6.500528755513245414e+03,4.767482487018302891e+03,1.684028482372175404e+03,3.044878035280083168e+03,1.771622237860986161e+03
1.675000000000000000e+03,6.504970522833758878e+03,4.770925288765417463e+03,1.684892234386740483e+03,3.046800232836479154e+03,1.773278055610539695e+03
1.676000000000000000e+03,6.509337237625381931e+03,4.774394948041505813e+03,1.685704185857116954e+03,3.048717351086078907e+03,1.774915700682186525e+03
1.677000000000000000e+03,6.513661543037824231e+03,4.777868699383615422e+03,1.686490267059646385e+03,3.050624400561130642e+03,1.776546875417046294e+03
1.678000000000000000e+03,6.518012682485101323e+03,4.781356626919347036e+03,1.687285133555652919e+03,3.052545887000558196e+03,1.778181661928889753e+03
1.679000000000000000e+03,6.522334558972164814e+03,4.784857384756167448e+03,1.688074448620832072e+03,3.054465607031152558e+03,1.779794503320181320e+03
1.680000000000000000e+03,6.526658959241520279e+03,4.788360984089430531e+03,1.688891443320215785e+03,3.056368832562810894e+03,1.781398683358494964e+03
1.681000000000000000e+03,6.531029667785209313e+03,4.791892972002200622e+03,1.689706732195636960e+03,3.058305173238874886e+03,1.783017762350697694e+03
1.682000000000000000e+03,6.535456454777724502e+03,4.795416323934780849e+03,1.690500925835888893e+03,3.060294486868945569e+03,1.784661042072890268e+03
1.683000000000000000e+03,6.539851616300993555e+03,4.798911887455773467e+03,1.691286556148391583e+03,3.062270434301224213e+03,1.786294625851379578e+03
1.684000000000000000e+03,6.544225316151784682e+03,4.802412971412550178e+03,1.692063871076207533e+03,3.064231771826580371e+03,1.787929673248995186e+03
1.685000000000000000e+03,6.548598336912718878e+03,4.805924806472537057e+03,1.692864485896961469e+03,3.066182582904217725e+03,1.789551268111538320e+03
1.686000000000000000e+03,6.553031911991068228e+03,4.809446381275367457e+03,1.693690266101985344e+03,3.068157568476041888e+03,1.791184077413040995e+03
1.687000000000000000e+03,6.557494602400614895e+03,4.812967707528290703e+03,1.694515181532958650e+03,3.070149256824286567e+03,1.792830164043368086e+03
1.688000000000000000e+03,6.561921874630544153e+03,4.816486930704298175e+03,1.695339060958739083e+03,3.072105837900396182e+03,1.794476975771410025e+03
1.689000000000000000e+03,6.566314270877344825e+03,4.820035909856234866e+03,1.696150654995361720e+03,3.074065322965999258e+03,1.796098292915984302e+03
1.690000000000000000e+03,6.570688112845865362e+03,4.823568930559657929e+03,1.696964513560161549e+03,3.076028319264523361e+03,1.797695280021180224e+03
1.691000000000000000e+03,6.575097128988652912e+03,4.827100138616300683e+03,1.697768589911908975e+03,3.078022374212120667e+03,1.799306164864623042e+03
1.692000000000000000e+03,6.579589066371855552e+03,4.830690783236856987e+03,1.698557069802609021e+03,3.080078485684253792e+03,1.800953510884992738e+03
1.693000000000000000e+03,6.584158705491623550e+03,4.834325581036550830e+03,1.699379413429013994e+03,3.082150480420785243e+03,1.802628811641822949e+03
1.694000000000000000e+03,6.588701472435517644e+03,4.837992296335451101e+03,1.700216012719674836e+03,3.084213840997684201e+03,1.804271618718159971e+03
1.695000000000000000e+03,6.593219227500272609e+03,4.841644825175450023e+03,1.701075402894435683e+03,3.086277720627158033e+03,1.805866103978680258e+03
1.696000000000000000e+03,6.597695828683946274e+03,4.845283287192733951e+03,1.701919384925291524e+03,3.088336136706638172e+03,1.807440307052017715e+03
1.697000000000000000e+03,6.602151935755799059e+03,4.848875957698281127e+03,1.702744764563465196e+03,3.090386100659279691e+03,1.809021070533053717e+03
1.698000000000000000e+03,6.606603092480402665e+03,4.852509902534198773e+03,1.703559250559519114e+03,3.092482800992709144e+03,1.810561040928175544e+03
1.699000000000000000e+03,6.611043372711317716e+03,4.856122297394096677e+03,1.704387881121892860e+03,3.094568684600798406e+03,1.812086806988626677e+03
1.700000000000000000e+03,6.615467271847832308e+03,4.859694878488766335e+03,1.705221933448833170e+03,3.096640485614431327e+03,1.813604852784568038e+03
1.701000000000000000e+03,6.619944244712276486e+03,4.863350118786980602e+03,1.706058615625253879e+03,3.098722869095028727e+03,1.815162759991994562e+03
1.702000000000000000e+03,6.624452674399743046e+03,4.867114293273400108e+03,1.706908856319417509e+03,3.100811895251397800e+03,1.816731922828927736e+03
1.703000000000000000e+03,6.628949187415486449e+03,4.870902706568997928e+03,1.707722779894017094e+03,3.102898889263912679e+03,1.818327518257557358e+03
1.704000000000000000e+03,6.633447170126646597e+03,4.874703023200257121e+03,1.708538128204480699e+03,3.104981130153209051e+03,1.819927911768956164e+03
1.705000000000000000e+03,6.637962330980105435e+03,4.878512081218080311e+03,1.709367579300979514e+03,3.107051999341221290e+03,1.821542752337904631e+03
1.706000000000000000e+03,6.642455200639003124e+03,4.882311345308748969e+03,1.710195841561140696e+03,3.109096819704821428e+03,1.823162539373040545e+03
1.707000000000000000e+03,6.646915879252283958e+03,4.886050001370016616e+03,1.711018369877151144e+03,3.111121693018588303e+03,1.824775816356543601e+03
1.708000000000000000e+03,6.651358140055203876e+03,4.889777964814094958e+03,1.711847817514207691e+03,3.113117675085196424e+03,1.826392647455799761e+03
1.709000000000000000e+03,6.655761959664593633e+03,4.893540231043885797e+03,1.712667295901899251e+03,3.115102471658697596e+03,1.827992192103996103e+03
1.710000000000000000e+03,6.660128286167324404e+03,4.897293165261176000e+03,1.713475418242595651e+03,3.117082803277804942e+03,1.829570064646924266e+03
1.711000000000000000e+03,6.664458104350786016e+03,4.901047019432076013e+03,1.714264732560228822e+03,3.119063509991046431e+03,1.831129861799510309e+03
1.712000000000000000e+03,6.668739472773939269e+03,4.904794705762357808e+03,1.715035226807794970e+03,3.121016185804142879e+03,1.832688060162000284e+03
1.713000000000000000e+03,6.673021690464457606e+03,4.908575591556874315e+03,1.715828245827563933e+03,3.122938780944693463e+03,1.834254663692199756e+03
1.714000000000000000e+03,6.677310796342861067e+03,4.912355226104697067e+03,1.716663579604446568e+03,3.124847778823801946e+03,1.835799437914613009e+03
1.715000000000000000e+03,6.681562772477416729e+03,4.916080062172866747e+03,1.717506418654669005e+03,3.126736691152903404e+03,1.837319662669844547e+03
1.716000000000000000e+03,6.685764190835463523e+03,4.919780066059306591e+03,1.718339981614587032e+03,3.128610641988272164e+03,1.838813567232603873e+03
1.717000000000000000e+03,6.689949233414774426e+03,4.923483571445301095e+03,1.719166155842379567e+03,3.130462085983505858e+03,1.840320991588889228e+03
1.718000000000000000e+03,6.694137688277861344e+03,4.927184345189775740e+03,1.719980736667857400e+03,3.132317915782437922e+03,1.841839035827565340e+03
1.719000000000000000e+03,6.698382489629167139e+03,4.930910970643046312e+03,1.720797741952232855e+03,3.134222011466878939e+03,1.843362736210054663e+03
1.720000000000000000e+03,6.702623504742662590e+03,4.934655929398896660e+03,1.721584524927266557e+03,3.136180823958038218e+03,1.844858155857356905e+03
1.721000000000000000e+03,6.706798348155187341e+03,4.938354842871507572e+03,1.722345204896065752e+03,3.138118912207340145e+03,1.846334231051781444e+03
1.722000000000000000e+03,6.710946567073200640e+03,4.941983439467490825e+03,1.723097407550583057e+03,3.140050858613393302e+03,1.847798300909224736e+03
1.723000000000000000e+03,6.715095305837530759e+03,4.945582897196178237e+03,1.723869182660970864e+03,3.141963926991590597e+03,1.849262196184967706e+03
1.724000000000000000e+03,6.719180274378259128e+03,4.949166756215742680e+03,1.724651942040609356e+03,3.143823389363422848e+03,1.850704942974226014e+03
1.725000000000000000e+03,6.723239116147487948e+03,4.952761316256171995e+03,1.725454674886698967e+03,3.145652214038924740e+03,1.852132227221865378e+03
1.726000000000000000e+03,6.727294273802163843e+03,4.956358764252371657e+03,1.726305495980139995e+03,3.147468426700624150e+03,1.853520351121399244e+03
1.727000000000000000e+03,6.731331866921919755e+03,4.959889437545391047e+03,1.727160670987201229e+03,3.149279807419324698e+03,1.854891388515393601e+03
1.728000000000000000e+03,6.735341282129792489e+03,4.963304151585565705e+03,1.728006633894826109e+03,3.151076426526771229e+03,1.856258221708194014e+03
1.729000000000000000e+03,6.739363422037032251e+03,4.966724068339460246e+03,1.728820188686493566e+03,3.152881630493379362e+03,1.857661602857160233e+03
1.730000000000000000e+03,6.743383614533212494e+03,4.970126914384131851e+03,1.729626714511018235e+03,3.154668647444113049e+03,1.859088252578082120e+03
1.731000000000000000e+03,6.747390028737203465e+03,4.973540986930309373e+03,1.730434705644852102e+03,3.156414775045207534e+03,1.860540548047143147e+03
1.732000000000000000e+03,6.751416838974818347e+03,4.976992286302266621e+03,1.731256210888954229e+03,3.158173537888363171e+03,1.861987090197502766e+03
1.733000000000000000e+03,6.755493707473248833e+03,4.980453287739621373e+03,1.732109798438661528e+03,3.159923312695996628e+03,1.863460596338591131e+03
1.734000000000000000e+03,6.759572444186941539e+03,4.983921864724426996e+03,1.732969882486034066e+03,3.161642952598165266e+03,1.864959609102742206e+03
1.735000000000000000e+03,6.763609832468997411e+03,4.987329370431155439e+03,1.733804591348172153e+03,3.163340748311004063e+03,1.866464492809823014e+03
1.736000000000000000e+03,6.767640877470663327e+03,4.990688208967551873e+03,1.734589040889829676e+03,3.165064752637028960e+03,1.867987083943804919e+03
1.737000000000000000e+03,6.771728477673585985e+03,4.994019571115707549e+03,1.735387162364844698e+03,3.166825632119769125e+03,1.869515683188970797e+03
1.738000000000000000e+03,6.775830662672769904e+03,4.997341432640476341e+03,1.736188035845990498e+03,3.168624256649875861e+03,1.871018370176903773e+03
1.739000000000000000e+03,6.779990420746267773e+03,5.000669250489830119e+03,1.737007231294715439e+03,3.170460843697387645e+03,1.872522345754163780e+03
1.740000000000000000e+03,6.784217178385406442e+03,5.003995155372606860e+03,1.737853943468735451e+03,3.172303075439347140e+03,1.874060159477323396e+03
1.741000000000000000e+03,6.788425342922600976e+03,5.007287157785866839e+03,1.738689905792212357e+03,3.174129688569936661e+03,1.875605748560450593e+03
1.742000000000000000e+03,6.792623556984869538e+03,5.010554487397134835e+03,1.739521201704457781e+03,3.175938208062326794e+03,1.877164147218084736e+03
1.743000000000000000e+03,6.796841340427481555e+03,5.013844581396925605e+03,1.740363547899714149e+03,3.177786488256647772e+03,1.878691304271119861e+03
1.744000000000000000e+03,6.801088148470355009e+03,5.017162894010190030e+03,1.741235501268939970e+03,3.179649315708254107e+03,1.880203331493162068e+03
1.745000000000000000e+03,6.805334288985953208e+03,5.020460459294418797e+03,1.742133225445884364e+03,3.181492345992646733e+03,1.881708717547420747e+03
1.746000000000000000e+03,6.809547516409757009e+03,5.023749049383318379e+03,1.743030424196340391e+03,3.183302965579816373e+03,1.883214126633600927e+03
1.747000000000000000e+03,6.813755970673603770e+03,5.027107774959657036e+03,1.743885822470919720e+03,3.185127789648268845e+03,1.884742358554413613e+03
1.748000000000000000e+03,6.817997413801337643e+03,5.030536492171820100e+03,1.744728998983598331e+03,3.186992658484517051e+03,1.886275756333222944e+03
1.749000000000000000e+03,6.822237584291547137e+03,5.033941411859951586e+03,1.745554915884780030e+03,3.188862865483165024e+03,1.887819802923600264e+03
1.750000000000000000e+03,6.826408307274536128e+03,5.037317499681889785e+03,1.746356080082077824e+03,3.190695480241333371e+03,1.889356746951125842e+03
1.751000000000000000e+03,6.830491151135584005e+03,5.040671444084797258e+03,1.747136554908677454e+03,3.192482275193039641e+03,1.890872321033867138e+03
1.752000000000000000e+03,6.834528415896073966e+03,5.044058315750957263e+03,1.747919673205788058e+03,3.194250246057273216e+03,1.892358496633012237e+03
1.753000000000000000e+03,6.838602128131186873e+03,5.047476433912881475e+03,1.748728935063869358e+03,3.196020592901345481e+03,1.893852600165973172e+03
1.754000000000000000e+03,6.842780724530452062e+03,5.050972209554156507e+03,1.749568029131451794e+03,3.197848675836329676e+03,1.895364019562669682e+03
1.755000000000000000e+03,6.846959570908703427e+03,5.054436792438085831e+03,1.750405909297535572e+03,3.199661992137349898e+03,1.896891669473817501e+03
1.756000000000000000e+03,6.851089873263791560e+03,5.057833329061836594e+03,1.751220408461513216e+03,3.201466523336999671e+03,1.898402941465277308e+03
1.757000000000000000e+03,6.855211028209008873e+03,5.061188926173855180e+03,1.752032188150981938e+03,3.203267634953661855e+03,1.899911205104364399e+03
1.758000000000000000e+03,6.859311136763923059e+03,5.064538778155091677e+03,1.752843509386374762e+03,3.205047838050209975e+03,1.901419789327339004e+03
1.759000000000000000e+03,6.863388949321750260e+03,5.067909395835680698e+03,1.753623585330487231e+03,3.206818731121720248e+03,1.902946632869541645e+03
1.760000000000000000e+03,6.867395197256228130e+03,5.071225055870709184e+03,1.754373381483463163e+03,3.208544892333007738e+03,1.904476923439757684e+03
1.761000000000000000e+03,6.871311777537397575e+03,5.074450063677887556e+03,1.755102470408242198e+03,3.210255479522795667e+03,1.905953827606359027e+03
1.762000000000000000e+03,6.875209275466756480e+03,5.077637902313737868e+03,1.755817571218682588e+03,3.211979705983842450e+03,1.907411998264233262e+03
1.763000000000000000e+03,6.879102007153587692e+03,5.080847581863639789e+03,1.756534008003938197e+03,3.213693126436962302e+03,1.908874872712686511e+03
1.764000000000000000e+03,6.883003078706389715e+03,5.084089280702210090e+03,1.757276682801813195e+03,3.215389637913952356e+03,1.910336757990624392e+03
1.765000000000000000e+03,6.886955528705812867e+03,5.087362688637071187e+03,1.758019589233115084e+03,3.217112816086490966e+03,1.911823123386206589e+03
1.766000000000000000e+03,6.890902322961551363e+03,5.090698162671498721e+03,1.758764357796763989e+03,3.218835447967843265e+03,1.913302517196944564e+03
1.767000000000000000e+03,6.894828360996357333e+03,5.094066494870128736e+03,1.759539387491201978e+03,3.220520482517641540e+03,1.914768490987514497e+03
1.768000000000000000e+03,6.898745112573482402e+03,5.097366878352824642e+03,1.760357790908524748e+03,3.222171417393762567e+03,1.916215904271194177e+03
1.769000000000000000e+03,6.902683648442269259e+03,5.100602637439985301e+03,1.761201680845833380e+03,3.223819329447454038e+03,1.917662638148980022e+03
1.770000000000000000e+03,6.906662345674359130e+03,5.103876801846641683e+03,1.762052934764478778e+03,3.225504014481338345e+03,1.919105396428541553e+03
1.771000000000000000e+03,6.910652122209299705e+03,5.107127899712927501e+03,1.762885663732142348e+03,3.227209305468273215e+03,1.920557153008883688e+03
1.772000000000000000e+03,6.914599701487959464e+03,5.110343089471582061e+03,1.763695992472672970e+03,3.228901081596995937e+03,1.922002627418291468e+03
1.773000000000000000e+03,6.918574803975256145e+03,5.113600954260079561e+03,1.764533988869148743e+03,3.230604690518730877e+03,1.923436124587376526e+03
1.774000000000000000e+03,6.922568364398432095e+03,5.116869621903593725e+03,1.765360722674523004e+03,3.232344239633577672e+03,1.924863402090330510e+03
1.775000000000000000e+03,6.926490228673695128e+03,5.120047889411709548e+03,1.766166905944400014e+03,3.234044681107699034e+03,1.926278641621595398e+03
1.776000000000000000e+03,6.930399608001294837e+03,5.123194177686093099e+03,1.766982324502688698e+03,3.235740369264222863e+03,1.927676914234382366e+03
1.777000000000000000e+03,6.934274029374811107e+03,5.126298971325129060e+03,1.767803430512515206e+03,3.237402738769622829e+03,1.929067860092674437e+03
1.778000000000000000e+03,6.938070686361703338e+03,5.129315503779103892e+03,1.768645773590761337e+03,3.239011722604605438e+03,1.930413190166336335e+03
1.779000000000000000e+03,6.941808476425864683e+03,5.132361850096001945e+03,1.769492834155838409e+03,3.240636404508674786e+03,1.931679237761350578e+03
1.780000000000000000e+03,6.945484805054476965e+03,5.135407399274618911e+03,1.770329029868355519e+03,3.242246667730919398e+03,1.932909107455202275e+03
1.781000000000000000e+03,6.949216022282344056e+03,5.138483674881580555e+03,1.771173477153587783e+03,3.243857013470540551e+03,1.934185531658215723e+03
1.782000000000000000e+03,6.952976202771899807e+03,5.141557626684072602e+03,1.772031930355256236e+03,3.245440746521243454e+03,1.935503525895400116e+03
1.783000000000000000e+03,6.956710220258743902e+03,5.144634520825587060e+03,1.772899908376143912e+03,3.246982539031786473e+03,1.936827772850814199e+03
1.784000000000000000e+03,6.960493354130131593e+03,5.147753726794901922e+03,1.773815264699371937e+03,3.248530885733600371e+03,1.938147203697157920e+03
1.785000000000000000e+03,6.964366550150729381e+03,5.150933399951108186e+03,1.774804845335955633e+03,3.250100182205429974e+03,1.939461522609345366e+03
1.786000000000000000e+03,6.968243864221169133e+03,5.154102820062727915e+03,1.775797771484086070e+03,3.251681868433534873e+03,1.940764224303546825e+03
1.787000000000000000e+03,6.972155785698717409e+03,5.157306350144083808e+03,1.776762572298161786e+03,3.253337126641223676e+03,1.942056086759331720e+03
1.788000000000000000e+03,6.976059322084639462e+03,5.160499274572674949e+03,1.777718221156858363e+03,3.254977007152256192e+03,1.943364093775525134e+03
1.789000000000000000e+03,6.980019098355327515e+03,5.163703244566258945e+03,1.778684078119972810e+03,3.256618273028498606e+03,1.944716747206856326e+03
1.790000000000000000e+03,6.983959938487221734e+03,5.166878541203730492e+03,1.779639960862281441e+03,3.258237606878674796e+03,1.946082370746265497e+03
1.791000000000000000e+03,6.987885325380880204e+03,5.170054185810839954e+03,1.780564931772215914e+03,3.259873464453482484e+03,1.947446929155180214e+03
1.792000000000000000e+03,6.991779815848068210e+03,5.173184513564651752e+03,1.781470943954448103e+03,3.261501638433864173e+03,1.948807233459755025e+03
1.793000000000000000e+03,6.995615700803578875e+03,5.176281985802716008e+03,1.782331745253544341e+03,3.263177881166946008e+03,1.950106074383089890e+03
1.794000000000000000e+03,6.999394838627496028e+03,5.179325968810373524e+03,1.783170504685798733e+03,3.264814359770507053e+03,1.951409974171190015e+03
1.795000000000000000e+03,7.003094743050455691e+03,5.182345732421438697e+03,1.784032697233873478e+03,3.266380757506636655e+03,1.952681288309945103e+03
1.796000000000000000e+03,7.006745706789571159e+03,5.185373733207571604e+03,1.784905628920759682e+03,3.267917321028020979e+03,1.953922756840789589e+03
1.797000000000000000e+03,7.010393918382656011e+03,5.188423081029110108e+03,1.785779413364952461e+03,3.269440321008639785e+03,1.955174184009062856e+03
1.798000000000000000e+03,7.014110309107272769e+03,5.191468746953481059e+03,1.786667010498960053e+03,3.271003934478270821e+03,1.956439364130043487e+03
1.799000000000000000e+03,7.017884326639492429e+03,5.194523720272222818e+03,1.787572993191989326e+03,3.272627181322623073e+03,1.957684152124880256e+03
1.800000000000000000e+03,7.021678481968907363e+03,5.197600236229520306e+03,1.788504136890971040e+03,3.274263609899356197e+03,1.958910735178578307e+03
1.801000000000000000e+03,7.025523055088068759e+03,5.200688199944148437e+03,1.789468330172480592e+03,3.275916640176982128e+03,1.960138084738606267e+03
1.802000000000000000e+03,7.029416888955543982e+03,5.203774715262176869e+03,1.790461965735324384e+03,3.277557624775233762e+03,1.961397298444986973e+03
1.803000000000000000e+03,7.033277606327284957e+03,5.206845169151817572e+03,1.791453513224463222e+03,3.279182328184181642e+03,1.962641764918639865e+03
1.804000000000000000e+03,7.037115021394439282e+03,5.209910033636561820e+03,1.792405866046894062e+03,3.280848229640653244e+03,1.963860925706893340e+03
1.805000000000000000e+03,7.040920569359487672e+03,5.212975540504541641e+03,1.793328016266862051e+03,3.282518387366249954e+03,1.965074165726376350e+03
1.806000000000000000e+03,7.044693370989762116e+03,5.216029832382198947e+03,1.794229290426597345e+03,3.284180562781923072e+03,1.966283517781242381e+03
1.807000000000000000e+03,7.048455922134526190e+03,5.219082097614643317e+03,1.795132732762592696e+03,3.285818056163344409e+03,1.967505133208587722e+03
1.808000000000000000e+03,7.052195713549437642e+03,5.222093520414040540e+03,1.796015627907986982e+03,3.287453620756213695e+03,1.968726464885236055e+03
1.809000000000000000e+03,7.055917703684521257e+03,5.225048377071201685e+03,1.796886312587561861e+03,3.289083385481108962e+03,1.969948005615848160e+03
1.810000000000000000e+03,7.059626042637520186e+03,5.228013056733190751e+03,1.797741628705925905e+03,3.290723647600518689e+03,1.971160766331076275e+03
1.811000000000000000e+03,7.063359379720694051e+03,5.231010413481871183e+03,1.798590690840251682e+03,3.292389218742368939e+03,1.972379470138070701e+03
1.812000000000000000e+03,7.067064059646951137e+03,5.233980795276771460e+03,1.799434686960747740e+03,3.294030432436477895e+03,1.973598940249725729e+03
1.813000000000000000e+03,7.070718818856214057e+03,5.236963762698854225e+03,1.800298956458732846e+03,3.295645092215335353e+03,1.974774770182147677e+03
1.814000000000000000e+03,7.074342315826022059e+03,5.239957398923892470e+03,1.801170415378822554e+03,3.297269578569765144e+03,1.975902321877435952e+03
1.815000000000000000e+03,7.077927632367910519e+03,5.242948762647110925e+03,1.802043927894041644e+03,3.298877870090575016e+03,1.977005834383294086e+03
1.816000000000000000e+03,7.081431670794318961e+03,5.245895409583745277e+03,1.802860855309964563e+03,3.300463539808361929e+03,1.978107275675992014e+03
1.817000000000000000e+03,7.084942382328253188e+03,5.248817845077051061e+03,1.803666655701039872e+03,3.302016715318297884e+03,1.979259011308914978e+03
1.818000000000000000e+03,7.088486216656182478e+03,5.251728045622561694e+03,1.804514030507633606e+03,3.303561862015298630e+03,1.980410324133250015e+03
1.819000000000000000e+03,7.092071035180350009e+03,5.254689192726763395e+03,1.805386942489842795e+03,3.305115388941357196e+03,1.981568703749148654e+03
1.820000000000000000e+03,7.095581799495065752e+03,5.257584051099602220e+03,1.806227974256561083e+03,3.306640080837116784e+03,1.982713744401389022e+03
1.821000000000000000e+03,7.099032249276086986e+03,5.260429276557822050e+03,1.807064633528763807e+03,3.308147892665424934e+03,1.983819723081895518e+03
1.822000000000000000e+03,7.102476670407592792e+03,5.263247179767096895e+03,1.807879219299439910e+03,3.309682111222717595e+03,1.984915339885434150e+03
1.823000000000000000e+03,7.105933706209953925e+03,5.266091882637911112e+03,1.808667203850241549e+03,3.311262962140444870e+03,1.986003540219268416e+03
1.824000000000000000e+03,7.109322985971615708e+03,5.268957633547173828e+03,1.809444437307793578e+03,3.312798072260670779e+03,1.987080476403153170e+03
1.825000000000000000e+03,7.112674494705897814e+03,5.271860439618065357e+03,1.810194029868899179e+03,3.314315746037071222e+03,1.988164718799926732e+03
1.826000000000000000e+03,7.116046340911123480e+03,5.274776182165324826e+03,1.810942501609461488e+03,3.315833365171056357e+03,1.989270474130607226e+03
1.827000000000000000e+03,7.119508870843415025e+03,5.277720616817574410e+03,1.811719285030967058e+03,3.317367558707051558e+03,1.990422027105395955e+03
1.828000000000000000e+03,7.123019942230476772e+03,5.280695187806293688e+03,1.812528601837580936e+03,3.318902934510038904e+03,1.991588405882857160e+03
1.829000000000000000e+03,7.126536851545342870e+03,5.283653624347713048e+03,1.813355844504730385e+03,3.320428398648166421e+03,1.992752608392446518e+03
1.830000000000000000e+03,7.129960839884115558e+03,5.286581295522850269e+03,1.814164533714420031e+03,3.321951394358760353e+03,1.993844911810935400e+03
1.831000000000000000e+03,7.133339076868166558e+03,5.289492421978203311e+03,1.814984809751143985e+03,3.323457415641000807e+03,1.994896851476020402e+03
1.832000000000000000e+03,7.136685231969614506e+03,5.292400568894061507e+03,1.815782305225346818e+03,3.324949836828944626e+03,1.995953089915322607e+03
1.833000000000000000e+03,7.140020149389003564e+03,5.295269614137232566e+03,1.816571001180295980e+03,3.326455816452162253e+03,1.996993331756545331e+03
1.834000000000000000e+03,7.143354942840455806e+03,5.298147157290696668e+03,1.817408836005822423e+03,3.327929685628842890e+03,1.998016421205790948e+03
1.835000000000000000e+03,7.146698726899648136e+03,5.301011536492901541e+03,1.818273437135744189e+03,3.329402155045994732e+03,1.999023134717908761e+03
1.836000000000000000e+03,7.150089320921544640e+03,5.303914631362367800e+03,1.819106719898244819e+03,3.330930787722249988e+03,2.000051813301047559e+03
1.837000000000000000e+03,7.153502455114447912e+03,5.306786636326247390e+03,1.819945410266890804e+03,3.332458478676746836e+03,2.001098566170809818e+03
1.838000000000000000e+03,7.156878775001253416e+03,5.309644792353387857e+03,1.820770244434469305e+03,3.333952744921840349e+03,2.002155785644944672e+03
1.839000000000000000e+03,7.160185695060072248e+03,5.312418760326166193e+03,1.821602958605186359e+03,3.335382081346393534e+03,2.003200655108493038e+03
1.840000000000000000e+03,7.163415164542139792e+03,5.315181176331350798e+03,1.822456452368266810e+03,3.336761194790611626e+03,2.004197517383262721e+03
1.841000000000000000e+03,7.166689055497801746e+03,5.317996078253931955e+03,1.823319002751145263e+03,3.338174626096868451e+03,2.005195426649786441e+03
1.842000000000000000e+03,7.169986255691600491e+03,5.320797211469200192e+03,1.824185771844627425e+03,3.339608775670189971e+03,2.006191708176783095e+03
1.843000000000000000e+03,7.173314193810912911e+03,5.323644266719606094e+03,1.825054185844523772e+03,3.341064467448281903e+03,2.007195540518106327e+03
1.844000000000000000e+03,7.176678158925217758e+03,5.326582129761691249e+03,1.825914174625157102e+03,3.342553113942864002e+03,2.008210870357195745e+03
1.845000000000000000e+03,7.180088527717494799e+03,5.329570632328888678e+03,1.826781066407225353e+03,3.344049016669472621e+03,2.009258444640797734e+03
1.846000000000000000e+03,7.183515684011437770e+03,5.332576031648957724e+03,1.827641015968255033e+03,3.345549301275521429e+03,2.010325366767660626e+03
1.847000000000000000e+03,7.186979075074530556e+03,5.335611376082508286e+03,1.828504198576154977e+03,3.347080631709494810e+03,2.011394244788880997e+03
1.848000000000000000e+03,7.190455699909104624e+03,5.338694951260831658e+03,1.829359055382637962e+03,3.348638965340444884e+03,2.012457679186020414e+03
1.849000000000000000e+03,7.193900439611525144e+03,5.341769220195924390e+03,1.830190069735312136e+03,3.350179210383064401e+03,2.013531159493148607e+03
1.850000000000000000e+03,7.197305682808822894e+03,5.344865991710908929e+03,1.830986826560900226e+03,3.351707134024801235e+03,2.014611722223121205e+03
1.851000000000000000e+03,7.200685693830049786e+03,5.348001230774700161e+03,1.831730958230384886e+03,3.353243737711859922e+03,2.015710997887805661e+03
1.852000000000000000e+03,7.204113648676134289e+03,5.351149838483257554e+03,1.832473827251016246e+03,3.354802113132276190e+03,2.016837708292841853e+03
1.853000000000000000e+03,7.207608715089625548e+03,5.354355809722305821e+03,1.833225525160601592e+03,3.356384226176761331e+03,2.017998963752263762e+03
1.854000000000000000e+03,7.211080802107748241e+03,5.357545056342412863e+03,1.833958470338549432e+03,3.357944217995363488e+03,2.019178113773835776e+03
1.855000000000000000e+03,7.214560437906827246e+03,5.360732679114391431e+03,1.834688177608489696e+03,3.359509811673020977e+03,2.020362448625317029e+03
1.856000000000000000e+03,7.218040555279983892e+03,5.363979327740569715e+03,1.835437437470425266e+03,3.361071949204346311e+03,2.021531168605214134e+03
1.857000000000000000e+03,7.221516218270689023e+03,5.367277245738986494e+03,1.836207606754784138e+03,3.362625522525267115e+03,2.022683088990635952e+03
1.858000000000000000e+03,7.225001331413639491e+03,5.370569448596346774e+03,1.836992404810102698e+03,3.364183095480493648e+03,2.023825831123042462e+03
1.859000000000000000e+03,7.228469797742880473e+03,5.373858013155875597e+03,1.837816691898429099e+03,3.365717289946830533e+03,2.024935815897622888e+03
1.860000000000000000e+03,7.231929191031651499e+03,5.377114436652698714e+03,1.838663684188636125e+03,3.367242835141143587e+03,2.026022671701873378e+03
1.861000000000000000e+03,7.235363745730498522e+03,5.380363163283124777e+03,1.839486057133882014e+03,3.368775288916432146e+03,2.027102399680183680e+03
1.862000000000000000e+03,7.238800418476601408e+03,5.383601692235694827e+03,1.840264564661424856e+03,3.370326644063319691e+03,2.028209209751855724e+03
1.863000000000000000e+03,7.242303132084698518e+03,5.386818803582881628e+03,1.841014803761342137e+03,3.371896182223079904e+03,2.029392146100278751e+03
1.864000000000000000e+03,7.245868048319553964e+03,5.390063655492363068e+03,1.841764713389908593e+03,3.373464542431965583e+03,2.030638792497681834e+03
1.865000000000000000e+03,7.249429592202618551e+03,5.393318135909889861e+03,1.842526477096275357e+03,3.375058947034215180e+03,2.031844168072129150e+03
1.866000000000000000e+03,7.252953813527536113e+03,5.396592104448478494e+03,1.843281847725120770e+03,3.376659969743087913e+03,2.033011996059330613e+03
1.867000000000000000e+03,7.256418876061970877e+03,5.399876210617607285e+03,1.844014668614803668e+03,3.378260849837803107e+03,2.034143357609365466e+03
1.868000000000000000e+03,7.259848418469997341e+03,5.403156546365496069e+03,1.844760000040694649e+03,3.379824238759900709e+03,2.035264179669403120e+03
1.869000000000000000e+03,7.263267683493782897e+03,5.406443703500405718e+03,1.845522757130210493e+03,3.381364279931451165e+03,2.036380646432121694e+03
1.870000000000000000e+03,7.266719046424424960e+03,5.409739253255550466e+03,1.846266640791646523e+03,3.382928804858924650e+03,2.037523600773854241e+03
1.871000000000000000e+03,7.270139984908711995e+03,5.413016974156659671e+03,1.846973089068334275e+03,3.384484486347648726e+03,2.038682409492728084e+03
1.872000000000000000e+03,7.273572120272679967e+03,5.416319680695242823e+03,1.847693465540306988e+03,3.386025392151022970e+03,2.039853262581348872e+03
1.873000000000000000e+03,7.277044323398632514e+03,5.419661709800682729e+03,1.848426243074043214e+03,3.387573515658738415e+03,2.041044564665849975e+03
1.874000000000000000e+03,7.280517288667397224e+03,5.422976028454651896e+03,1.849154529717474361e+03,3.389118039178154959e+03,2.042244719771768814e+03
1.875000000000000000e+03,7.284003306047803562e+03,5.426279305263448805e+03,1.849889043071484139e+03,3.390680890061875743e+03,2.043433372914443225e+03
1.876000000000000000e+03,7.287463175520353616e+03,5.429556360243960626e+03,1.850618369451708759e+03,3.392225137349920260e+03,2.044619668718724597e+03
1.877000000000000000e+03,7.290887480237734962e+03,5.432792718214207525e+03,1.851325076097825104e+03,3.393749793454092469e+03,2.045812610685816708e+03
1.878000000000000000e+03,7.294307746924152525e+03,5.436039563044717397e+03,1.852020352017657842e+03,3.395272167782614815e+03,2.047015227123882823e+03
1.879000000000000000e+03,7.297771136745378499e+03,5.439310510563343996e+03,1.852754500196682102e+03,3.396800716837303298e+03,2.048215919711393326e+03
1.880000000000000000e+03,7.301234376897451511e+03,5.442601703018453918e+03,1.853516760180894607e+03,3.398309892738456256e+03,2.049407723978102240e+03
1.881000000000000000e+03,7.304657781400963358e+03,5.445894110067063593e+03,1.854301565228846812e+03,3.399771418579823603e+03,2.050584797592294308e+03
1.882000000000000000e+03,7.308063302605562967e+03,5.449152905527398616e+03,1.855114361667866660e+03,3.401227270492062871e+03,2.051721670445634572e+03
1.883000000000000000e+03,7.311383868779870681e+03,5.452356402187072490e+03,1.855918307276962423e+03,3.402655375680455563e+03,2.052810185822451331e+03
1.884000000000000000e+03,7.314663803017174359e+03,5.455517650518099799e+03,1.856698001505374805e+03,3.404064466617566268e+03,2.053901334894233059e+03
1.885000000000000000e+03,7.317999430403893712e+03,5.458780635812894616e+03,1.857441608954163939e+03,3.405519345705830347e+03,2.055038475743897834e+03
1.886000000000000000e+03,7.321410810831369417e+03,5.462100336485162188e+03,1.858191539914618261e+03,3.407005817327027216e+03,2.056213453589726669e+03
1.887000000000000000e+03,7.324826805281493762e+03,5.465354645343000811e+03,1.858917317016775314e+03,3.408516579199149419e+03,2.057392909065568347e+03
1.888000000000000000e+03,7.328235706480487352e+03,5.468611332186025720e+03,1.859625965954871162e+03,3.410039420499093922e+03,2.058570320026522495e+03
1.889000000000000000e+03,7.331628440939127358e+03,5.471843336804264254e+03,1.860336855557208082e+03,3.411529241346660456e+03,2.059762344035260412e+03
1.890000000000000000e+03,7.335013818501030983e+03,5.475045562181428068e+03,1.861065298668107744e+03,3.412984764655210256e+03,2.060963755177713210e+03
1.891000000000000000e+03,7.338441022302092279e+03,5.478266849519468451e+03,1.861821159931222837e+03,3.414467340743358363e+03,2.062152521627512215e+03
1.892000000000000000e+03,7.341899139912338796e+03,5.481504334368182754e+03,1.862603289460806536e+03,3.415979063208941625e+03,2.063316787242591090e+03
1.893000000000000000e+03,7.345330175146035799e+03,5.484727979354972376e+03,1.863340874348708439e+03,3.417523728310219212e+03,2.064465572487107693e+03
1.894000000000000000e+03,7.348771531917719585e+03,5.487953961162507767e+03,1.864058818939769935e+03,3.419108906151841893e+03,2.065603806826108666e+03
1.895000000000000000e+03,7.352301456121915180e+03,5.491209104016683341e+03,1.864799575955882347e+03,3.420739292687448142e+03,2.066762587478584919e+03
1.896000000000000000e+03,7.355914132525571404e+03,5.494530254640240855e+03,1.865558977370300681e+03,3.422386798542944689e+03,2.067968356612325806e+03
1.897000000000000000e+03,7.359564345688692811e+03,5.497840404784926250e+03,1.866327965227010282e+03,3.424051858927754893e+03,2.069184521533928546e+03
1.898000000000000000e+03,7.363253480169174509e+03,5.501178328181887991e+03,1.867078497722380462e+03,3.425782941889566246e+03,2.070392040557226665e+03
1.899000000000000000e+03,7.366954531412506185e+03,5.504531583589007823e+03,1.867805162499687412e+03,3.427546995005983717e+03,2.071602373906835510e+03
1.900000000000000000e+03,7.370603611710462246e+03,5.507862847473450529e+03,1.868504741886986494e+03,3.429286240081228698e+03,2.072812629742247736e+03
1.901000000000000000e+03,7.374129103144798137e+03,5.511145906800999910e+03,1.869173857901628480e+03,3.430978205635688937e+03,2.073977039607481856e+03
1.902000000000000000e+03,7.377606935117628382e+03,5.514451514874570421e+03,1.869806403068533882e+03,3.432651032542827124e+03,2.075149499506266693e+03
1.903000000000000000e+03,7.381052708862263898e+03,5.517758772088389378e+03,1.870433103080841875e+03,3.434302962267208386e+03,2.076316643514212501e+03
1.904000000000000000e+03,7.384512253392943421e+03,5.521067869498039727e+03,1.871064379403696421e+03,3.435957241191485082e+03,2.077490632797761464e+03
1.905000000000000000e+03,7.387943445296996288e+03,5.524324178483331707e+03,1.871666589980358140e+03,3.437605131639404135e+03,2.078671723677233331e+03
1.906000000000000000e+03,7.391409747085325762e+03,5.527540092582623402e+03,1.872255350097184419e+03,3.439280029653998099e+03,2.079874367334142789e+03
1.907000000000000000e+03,7.394797950593520000e+03,5.530728584636746746e+03,1.872834894741006337e+03,3.440905197007436982e+03,2.081057858845078499e+03
1.908000000000000000e+03,7.398124440641639012e+03,5.533876137199761615e+03,1.873426735025871722e+03,3.442465035460011222e+03,2.082232670155755841e+03
1.909000000000000000e+03,7.401459836291358442e+03,5.537055785376478525e+03,1.874031966432464742e+03,3.444032048801615929e+03,2.083395821057277317e+03
1.910000000000000000e+03,7.404856197613158656e+03,5.540296352753864085e+03,1.874635233034711518e+03,3.445643069055313390e+03,2.084577895523135339e+03
1.911000000000000000e+03,7.408299110741221739e+03,5.543563463900329225e+03,1.875246958926648631e+03,3.447278288474807596e+03,2.085773863339766194e+03
1.912000000000000000e+03,7.411748191320184560e+03,5.546813900491307322e+03,1.875872249020007757e+03,3.448913503214418597e+03,2.086962439085758888e+03
1.913000000000000000e+03,7.415184072496011140e+03,5.550022616151722104e+03,1.876488490458369370e+03,3.450546645232568608e+03,2.088148936805072935e+03
1.914000000000000000e+03,7.418593275599982007e+03,5.553217101956884107e+03,1.877100696518755740e+03,3.452165092996149724e+03,2.089327486085078363e+03
1.915000000000000000e+03,7.421996457178947821e+03,5.556516302092169099e+03,1.877715621345283125e+03,3.453778891152508550e+03,2.090501944681154328e+03
1.916000000000000000e+03,7.425390667436263357e+03,5.559850146584046342e+03,1.878324523756785766e+03,3.455394572390991470e+03,2.091671571288484756e+03
1.917000000000000000e+03,7.428779846118806745e+03,5.563213892963119179e+03,1.878942491166416858e+03,3.457001027296918437e+03,2.092836327655470996e+03
1.918000000000000000e+03,7.432208155281965446e+03,5.566567834571227650e+03,1.879563311017448996e+03,3.458616204434284100e+03,2.094028639830231896e+03
1.919000000000000000e+03,7.435649145387442331e+03,5.569843840216151875e+03,1.880186041624338031e+03,3.460226277634849339e+03,2.095236826128254052e+03
1.920000000000000000e+03,7.439070240536073470e+03,5.573073789332359411e+03,1.880806858768978373e+03,3.461839566978855146e+03,2.096423814788239270e+03
1.921000000000000000e+03,7.442447590244368257e+03,5.576296560615055569e+03,1.881429687023321094e+03,3.463439746516047308e+03,2.097578156704999401e+03
1.922000000000000000e+03,7.445840109283160018e+03,5.579562976912019622e+03,1.882048133052818685e+03,3.465093697276706280e+03,2.098698278953633690e+03
1.923000000000000000e+03,7.449243888907527435e+03,5.582789643518900448e+03,1.882669823508563468e+03,3.466764247266715302e+03,2.099809818132247528e+03
1.924000000000000000e+03,7.452587452784267953e+03,5.585970267001414868e+03,1.883282629891833039e+03,3.468412226974481200e+03,2.100892595917955077e+03
1.925000000000000000e+03,7.455860578598835673e+03,5.589081303267978001e+03,1.883900221534292086e+03,3.470032944099525139e+03,2.101927412965019357e+03
1.926000000000000000e+03,7.459184144347613255e+03,5.592217061501872195e+03,1.884537107665133135e+03,3.471670004904061443e+03,2.102977031778418223e+03
1.927000000000000000e+03,7.462520447452469853e+03,5.595301645662796545e+03,1.885176614541340314e+03,3.473286248962735499e+03,2.104057583948393130e+03
1.928000000000000000e+03,7.465834240066300481e+03,5.598422165206690806e+03,1.885780557914853489e+03,3.474897507499985750e+03,2.105156174651460333e+03
1.929000000000000000e+03,7.469101801079346842e+03,5.601545121529831704e+03,1.886341914377263038e+03,3.476504507438860855e+03,2.106255379263223858e+03
1.930000000000000000e+03,7.472407690609880774e+03,5.604617519972348418e+03,1.886891857185975823e+03,3.478141280169993934e+03,2.107374553253911927e+03
1.931000000000000000e+03,7.475709280392782603e+03,5.607657277387311296e+03,1.887447729118219968e+03,3.479760996350233654e+03,2.108500554924329208e+03
1.932000000000000000e+03,7.478971634631207962e+03,5.610653794037933949e+03,1.887998132012669203e+03,3.481362830132808995e+03,2.109610672485729992e+03
1.933000000000000000e+03,7.482166585771873542e+03,5.613636586259031901e+03,1.888496371558811688e+03,3.482955519866257873e+03,2.110714694346802844e+03
1.934000000000000000e+03,7.485403548016870445e+03,5.616656047545634465e+03,1.889008625529343362e+03,3.484576866586865890e+03,2.111818055900660966e+03
1.935000000000000000e+03,7.488693520015816830e+03,5.619720811972224510e+03,1.889572370540413658e+03,3.486196872985282880e+03,2.112924276490119155e+03
1.936000000000000000e+03,7.491991249008640807e+03,5.622883985712515823e+03,1.890140899522156133e+03,3.487841655278693906e+03,2.114008694207790995e+03
1.937000000000000000e+03,7.495240573758906976e+03,5.626066988664661039e+03,1.890682450840972251e+03,3.489499810293901191e+03,2.115058312624035352e+03
1.938000000000000000e+03,7.498395245298607733e+03,5.629195364369201343e+03,1.891171405181962200e+03,3.491134028587929606e+03,2.116089811528715472e+03
1.939000000000000000e+03,7.501575458469813384e+03,5.632361483521635819e+03,1.891629860667563435e+03,3.492767590885423033e+03,2.117178006916827144e+03
1.940000000000000000e+03,7.504794255540003178e+03,5.635542336945646639e+03,1.892078314463263723e+03,3.494371978570387910e+03,2.118343962506349271e+03
1.941000000000000000e+03,7.508000365783033885e+03,5.638695824673336574e+03,1.892483706459476480e+03,3.495970373894216664e+03,2.119546285429341879e+03
1.942000000000000000e+03,7.511139756551290702e+03,5.641804477862551721e+03,1.892891698518410749e+03,3.497511251520599671e+03,2.120736806512278690e+03
1.943000000000000000e+03,7.514253646299769571e+03,5.644888921556831519e+03,1.893320592939720427e+03,3.499012103953354199e+03,2.121920949406694945e+03
1.944000000000000000e+03,7.517395481478955844e+03,5.647991653025076630e+03,1.893758733621361216e+03,3.500524401028035754e+03,2.123112346829558192e+03
1.945000000000000000e+03,7.520507617811522323e+03,5.651103420483749687e+03,1.894185965716271312e+03,3.502042293594495277e+03,2.124279358500756189e+03
1.946000000000000000e+03,7.523646820403095262e+03,5.654195303525570125e+03,1.894599448599281459e+03,3.503612028902163729e+03,2.125435342901651438e+03
1.947000000000000000e+03,7.526793010050045268e+03,5.657304899669622500e+03,1.895002275363691751e+03,3.505219550979719315e+03,2.126571183706634201e+03
1.948000000000000000e+03,7.529912406293752611e+03,5.660343869484801871e+03,1.895388526736872791e+03,3.506840884216947416e+03,2.127682995339929676e+03
1.949000000000000000e+03,7.533030495368228003e+03,5.663359117361151220e+03,1.895775996592915817e+03,3.508472123681958237e+03,2.128782375093352584e+03
1.950000000000000000e+03,7.536141354597387362e+03,5.666331869083690435e+03,1.896125301416396496e+03,3.510112441342590955e+03,2.129903611838399229e+03
1.951000000000000000e+03,7.539304654026166645e+03,5.669306871122857956e+03,1.896467436373354303e+03,3.511805560393455380e+03,2.131031657259357871e+03
1.952000000000000000e+03,7.542462700634627254e+03,5.672278333616106465e+03,1.896812453620517772e+03,3.513508420696019130e+03,2.132141826318089443e+03
1.953000000000000000e+03,7.545669956239988096e+03,5.675244253496881356e+03,1.897163166726167674e+03,3.515204016013938144e+03,2.133302773499882278e+03
1.954000000000000000e+03,7.548850067258448689e+03,5.678228287125714814e+03,1.897498430671828828e+03,3.516897350118066242e+03,2.134454286468554074e+03
1.955000000000000000e+03,7.552049243866471443e+03,5.681242412700040404e+03,1.897814412082158469e+03,3.518623113652495704e+03,2.135611718131817724e+03
1.956000000000000000e+03,7.555259940039395588e+03,5.684259369970557600e+03,1.898166766940704065e+03,3.520324385879937381e+03,2.136768787218751640e+03
1.957000000000000000e+03,7.558501916056678965e+03,5.687272084854031164e+03,1.898547060054400845e+03,3.522043229222721038e+03,2.137911626779557537e+03
1.958000000000000000e+03,7.561818469563630060e+03,5.690267271620140491e+03,1.898952900681692427e+03,3.523780784317553298e+03,2.139084784564384790e+03
1.959000000000000000e+03,7.565149175588789149e+03,5.693265712264069407e+03,1.899402395079512644e+03,3.525484434697221332e+03,2.140262345812053809e+03
1.960000000000000000e+03,7.568535962803235634e+03,5.696297219771910932e+03,1.899884703103165975e+03,3.527201073343187545e+03,2.141450186356881204e+03
1.961000000000000000e+03,7.571983272244234286e+03,5.699373721148826917e+03,1.900357678169830251e+03,3.528973916524186734e+03,2.142651677550215481e+03
1.962000000000000000e+03,7.575396262280958581e+03,5.702492518356221808e+03,1.900820349706421666e+03,3.530762609864546448e+03,2.143813302709991149e+03
1.963000000000000000e+03,7.578789531570963845e+03,5.705631255092717765e+03,1.901274414902594799e+03,3.532568051405823553e+03,2.144947065262543219e+03
1.964000000000000000e+03,7.582240473879610363e+03,5.708789232778729456e+03,1.901721532487868444e+03,3.534420270695301497e+03,2.146098670696439513e+03
1.965000000000000000e+03,7.585745899062964781e+03,5.711985765514332343e+03,1.902148794551133051e+03,3.536341335008969509e+03,2.147255769502864041e+03
1.966000000000000000e+03,7.589214781253047477e+03,5.715184146893566322e+03,1.902548799657427935e+03,3.538254932524680953e+03,2.148411049070937679e+03
1.967000000000000000e+03,7.592675590435721460e+03,5.718380175158712518e+03,1.902947196609432240e+03,3.540172098503951020e+03,2.149556295322338883e+03
1.968000000000000000e+03,7.596109522873414790e+03,5.721503435340079704e+03,1.903336314745795335e+03,3.542090954109276936e+03,2.150682254018342974e+03
1.969000000000000000e+03,7.599491726077392741e+03,5.724573275628300507e+03,1.903720057519011561e+03,3.543995315787976779e+03,2.151776352770403719e+03
1.970000000000000000e+03,7.602798328011931517e+03,5.727566121756210123e+03,1.904091862591433937e+03,3.545875889431191354e+03,2.152830575989305544e+03
1.971000000000000000e+03,7.606061380608339277e+03,5.730566588528682587e+03,1.904437354732537642e+03,3.547749749127045561e+03,2.153874276748755619e+03
1.972000000000000000e+03,7.609321235936919038e+03,5.733590232935879612e+03,1.904765076263729952e+03,3.549653602878231140e+03,2.154902556794957036e+03
1.973000000000000000e+03,7.612600977669300846e+03,5.736612647327659033e+03,1.905086142151609238e+03,3.551585559637309871e+03,2.155929275880380828e+03
1.974000000000000000e+03,7.615945001018155381e+03,5.739690720021360903e+03,1.905412071794214626e+03,3.553564909868725863e+03,2.156968019355214437e+03
1.975000000000000000e+03,7.619288117275816148e+03,5.742757739444961771e+03,1.905745024777126218e+03,3.555557884391471362e+03,2.157985208107217659e+03
1.976000000000000000e+03,7.622545529691351476e+03,5.745784375775197077e+03,1.906086874664860716e+03,3.557479869002998839e+03,2.158978786023491011e+03
1.977000000000000000e+03,7.625665769192700282e+03,5.748735846612655223e+03,1.906425321070397331e+03,3.559308860247532721e+03,2.159931587874770685e+03
1.978000000000000000e+03,7.628752104122056153e+03,5.751630336017500667e+03,1.906747505555070120e+03,3.561111997963187605e+03,2.160892600603799110e+03
1.979000000000000000e+03,7.631882276084019395e+03,5.754518337995950787e+03,1.907112260812153181e+03,3.562899338531833109e+03,2.161870676740032195e+03
1.980000000000000000e+03,7.635046942374237005e+03,5.757392164904993479e+03,1.907504880068002649e+03,3.564648468666309782e+03,2.162893593639924347e+03
1.981000000000000000e+03,7.638172003937201225e+03,5.760245459538571595e+03,1.907907639168889091e+03,3.566358659927177541e+03,2.163905704841136412e+03
1.982000000000000000e+03,7.641245056606601793e+03,5.763122968174881862e+03,1.908283926771260667e+03,3.568073247811073998e+03,2.164887882024265764e+03
1.983000000000000000e+03,7.644318016668745258e+03,5.765945086335555970e+03,1.908621432043157938e+03,3.569807102435182060e+03,2.165889482190405943e+03
1.984000000000000000e+03,7.647358709849488150e+03,5.768731473763194117e+03,1.908942852640959700e+03,3.571549566687607694e+03,2.166866290520921211e+03
1.985000000000000000e+03,7.650411022747968673e+03,5.771542266140975698e+03,1.909270158886940408e+03,3.573306969227926857e+03,2.167833894633103228e+03
1.986000000000000000e+03,7.653473425696842241e+03,5.774403418154117389e+03,1.909627952023638954e+03,3.575056420363871439e+03,2.168789053309333212e+03
1.987000000000000000e+03,7.656565514607254954e+03,5.777314142344606807e+03,1.910015421283092337e+03,3.576816515980308850e+03,2.169733577343853540e+03
1.988000000000000000e+03,7.659651646535280634e+03,5.780224491724249674e+03,1.910407727822576589e+03,3.578596692158916085e+03,2.170647226553789551e+03
1.989000000000000000e+03,7.662694129477074966e+03,5.783117206665732738e+03,1.910761895494103783e+03,3.580393996554077603e+03,2.171538237428895627e+03
1.990000000000000000e+03,7.665677031033071216e+03,5.785981829792800454e+03,1.911077568442137590e+03,3.582165663860204404e+03,2.172433798730728540e+03
1.991000000000000000e+03,7.668639123873757853e+03,5.788878330269501930e+03,1.911381418644410587e+03,3.583946516479154525e+03,2.173311188750192287e+03
1.992000000000000000e+03,7.671628644906131740e+03,5.791801077278663797e+03,1.911713904151007682e+03,3.585749525558750065e+03,2.174165215196373538e+03
1.993000000000000000e+03,7.674712380246394787e+03,5.794752713590849453e+03,1.912096798521363553e+03,3.587615044915110047e+03,2.175000536809920959e+03
1.994000000000000000e+03,7.677795367089012871e+03,5.797704609813046773e+03,1.912493376734275444e+03,3.589460499200798949e+03,2.175841491153939387e+03
1.995000000000000000e+03,7.680835714944376377e+03,5.800592107670328005e+03,1.912902711691616105e+03,3.591280041630446249e+03,2.176652961622313342e+03
1.996000000000000000e+03,7.683945530761445298e+03,5.803457568402212019e+03,1.913322720537126997e+03,3.593145901685935769e+03,2.177476908538383668e+03
1.997000000000000000e+03,7.687069433322976693e+03,5.806317116456587428e+03,1.913767118509147622e+03,3.595022970606938998e+03,2.178279344206890073e+03
1.998000000000000000e+03,7.690171338854333044e+03,5.809171747052135288e+03,1.914209223175815623e+03,3.596887583520053340e+03,2.179074532158464081e+03
1.999000000000000000e+03,7.693226405548264665e+03,5.812038182796934052e+03,1.914625675046656397e+03,3.598723981619117694e+03,2.179876748882490119e+03
2.000000000000000000e+03,7.696203833626510459e+03,5.814861977009693874e+03,1.914993043104494063e+03,3.600531064489161508e+03,2.180679726032854433e+03
2.001000000000000000e+03,7.699145966334099285e+03,5.817626070345114385e+03,1.915350321443644134e+03,3.602318841731436351e+03,2.181476803159018800e+03
2.002000000000000000e+03,7.702080734338252114e+03,5.820312801833042613e+03,1.915693277623724498e+03,3.604125499655722706e+03,2.182261957058805820e+03
2.003000000000000000e+03,7.704978614558710433e+03,5.822881231699463569e+03,1.916028763480457201e+03,3.605913691252136232e+03,2.183036159826116545e+03
2.004000000000000000e+03,7.707955076186606675e+03,5.825516982609237857e+03,1.916414729918059265e+03,3.607726163602054839e+03,2.183814182666491888e+03
2.005000000000000000e+03,7.710998326355246718e+03,5.828196957023998948e+03,1.916826724931374656e+03,3.609586149948160255e+03,2.184585451475710670e+03
2.006000000000000000e+03,7.714077471752207202e+03,5.830887790136099284e+03,1.917248485187418510e+03,3.611450968813423060e+03,2.185378017751364951e+03
2.007000000000000000e+03,7.717132089829540746e+03,5.833615364667308313e+03,1.917662510273249381e+03,3.613293271032226130e+03,2.186176308524067281e+03
2.008000000000000000e+03,7.720205980064029063e+03,5.836328037735233920e+03,1.918046694646511241e+03,3.615134107628445690e+03,2.187025177789069858e+03
2.009000000000000000e+03,7.723310234117290747e+03,5.839025062257167519e+03,1.918421636224406029e+03,3.616985833812002966e+03,2.187902764080881752e+03
2.010000000000000000e+03,7.726366590947273835e+03,5.841640943681792123e+03,1.918766271214630706e+03,3.618834972807827398e+03,2.188765346924814367e+03
2.011000000000000000e+03,7.729404457325310432e+03,5.844208759304532578e+03,1.919092011763454821e+03,3.620686657363774430e+03,2.189625788198082319e+03
2.012000000000000000e+03,7.732423458481380294e+03,5.846751859805984168e+03,1.919392825190715257e+03,3.622534342319957887e+03,2.190496290970708742e+03
2.013000000000000000e+03,7.735435681789075716e+03,5.849308673877001638e+03,1.919690876920704341e+03,3.624377749209214471e+03,2.191367055659155540e+03
2.014000000000000000e+03,7.738508873858891093e+03,5.851858558407770943e+03,1.919980154772632432e+03,3.626272408487678149e+03,2.192256310598578239e+03
2.015000000000000000e+03,7.741620746210204743e+03,5.854416829797011815e+03,1.920277511522701388e+03,3.628198177719050818e+03,2.193145056968453446e+03
2.016000000000000000e+03,7.744754128861658501e+03,5.856977786200203809e+03,1.920572162460553272e+03,3.630137543407669909e+03,2.194044422993435546e+03
2.017000000000000000e+03,7.747953030020720689e+03,5.859597964511869577e+03,1.920879139622944876e+03,3.632116503471555006e+03,2.194957386926219897e+03
2.018000000000000000e+03,7.751197619211573510e+03,5.862287069040113238e+03,1.921216791678852360e+03,3.634090678968641441e+03,2.195890148564079936e+03
2.019000000000000000e+03,7.754385619877981298e+03,5.864974392328340400e+03,1.921530027800883545e+03,3.636029108208143043e+03,2.196826483868953801e+03
2.020000000000000000e+03,7.757617142831846650e+03,5.867680616703992200e+03,1.921873428155760394e+03,3.637971786656663426e+03,2.197771928019424195e+03
2.021000000000000000e+03,7.760880898807612539e+03,5.870399451433313516e+03,1.922277367806686698e+03,3.639911716540167163e+03,2.198691814460759360e+03
2.022000000000000000e+03,7.764152967113559498e+03,5.873061894267967546e+03,1.922741219133651157e+03,3.641791142220804431e+03,2.199620605759103455e+03
2.023000000000000000e+03,7.767365779109461073e+03,5.875684601701507745e+03,1.923181240396603698e+03,3.643620161336079946e+03,2.200564377376777884e+03
2.024000000000000000e+03,7.770478980082800263e+03,5.878225588344146672e+03,1.923560052538781747e+03,3.645441795006129723e+03,2.201477132537888792e+03
2.025000000000000000e+03,7.773594231709957057e+03,5.880802211739381164e+03,1.923930504755803895e+03,3.647260168258133490e+03,2.202403558696020809e+03
2.026000000000000000e+03,7.776718785106769246e+03,5.883424583765601710e+03,1.924315911888334540e+03,3.649059516405452996e+03,2.203343356812979437e+03
2.027000000000000000e+03,7.779876879904052657e+03,5.886078576649035313e+03,1.924683907032581146e+03,3.650863888176479577e+03,2.204329084694989433e+03
2.028000000000000000e+03,7.782981725956694390e+03,5.888740799512094782e+03,1.925010866312735288e+03,3.652655236204641369e+03,2.205315623439316823e+03
2.029000000000000000e+03,7.786019020336953872e+03,5.891382490092547414e+03,1.925322151591928559e+03,3.654404698992661906e+03,2.206292169752363407e+03
2.030000000000000000e+03,7.789041270962872659e+03,5.894061794253963853e+03,1.925675799151285901e+03,3.656114573532687245e+03,2.207250898278899967e+03
2.031000000000000000e+03,7.792012101918046028e+03,5.896719002268021541e+03,1.926040124075663698e+03,3.657796584473951043e+03,2.208175393368430377e+03
2.032000000000000000e+03,7.794948400399929596e+03,5.899417213877773065e+03,1.926376285393579337e+03,3.659484890380670549e+03,2.209087224625679482e+03
2.033000000000000000e+03,7.797827952201495464e+03,5.902141917223982091e+03,1.926691419089047486e+03,3.661164269460544347e+03,2.209972263651904541e+03
2.034000000000000000e+03,7.800699155188201985e+03,5.904859856745783873e+03,1.927017630999867151e+03,3.662844688795483762e+03,2.210836835392848570e+03
2.035000000000000000e+03,7.803538874569935615e+03,5.907527554845632949e+03,1.927355038849239236e+03,3.664503170816849888e+03,2.211680664903846719e+03
2.036000000000000000e+03,7.806370200995942469e+03,5.910189751585335216e+03,1.927696501808991115e+03,3.666143235023345824e+03,2.212530464163605302e+03
2.037000000000000000e+03,7.809213901851859191e+03,5.912864356463543118e+03,1.928057152708795911e+03,3.667755306403951636e+03,2.213401442739110280e+03
2.038000000000000000e+03,7.812040181893597946e+03,5.915555976986361202e+03,1.928441378303996999e+03,3.669316955114538814e+03,2.214281848475059178e+03
2.039000000000000000e+03,7.814924432068762144e+03,5.918361380410864513e+03,1.928831275516977257e+03,3.670887491713664531e+03,2.215205664838119446e+03
2.040000000000000000e+03,7.817823956916638053e+03,5.921174627573785983e+03,1.929226331101490814e+03,3.672451816369466542e+03,2.216145809445681152e+03
2.041000000000000000e+03,7.820757539876341980e+03,5.923983529747291868e+03,1.929654737815046701e+03,3.674006804768204347e+03,2.217095997293092751e+03
2.042000000000000000e+03,7.823699359584898048e+03,5.926759072809223653e+03,1.930078190047321641e+03,3.675568160073804847e+03,2.218053009463772014e+03
2.043000000000000000e+03,7.826632814618342309e+03,5.929541235609623982e+03,1.930498187080883781e+03,3.677117952188098570e+03,2.219016675349362231e+03
2.044000000000000000e+03,7.829563284525972449e+03,5.932276978846197380e+03,1.930918458997105972e+03,3.678657456596141856e+03,2.219987368932725076e+03
2.045000000000000000e+03,7.832469370392152996e+03,5.934977355626651843e+03,1.931333788976990490e+03,3.680203008251742631e+03,2.220932573163423058e+03
2.046000000000000000e+03,7.835438558029486558e+03,5.937683852976149865e+03,1.931788363535843018e+03,3.681769345044643615e+03,2.221880849449001289e+03
2.047000000000000000e+03,7.838415341549875848e+03,5.940388062989645732e+03,1.932266353636127405e+03,3.683330607460496594e+03,2.222818380453252303e+03
2.048000000000000000e+03,7.841429002747007871e+03,5.943083611694574756e+03,1.932768826162495998e+03,3.684911041531020601e+03,2.223749135053491500e+03
2.049000000000000000e+03,7.844455004086194094e+03,5.945818916131890546e+03,1.933263848164799811e+03,3.686494363235081892e+03,2.224696792686313984e+03
2.050000000000000000e+03,7.847526511089170526e+03,5.948608213292421169e+03,1.933740275602922793e+03,3.688125294381751701e+03,2.225660941104496487e+03
2.051000000000000000e+03,7.850596799320463106e+03,5.951390820092425201e+03,1.934157064981326357e+03,3.689822750250263198e+03,2.226616984088872414e+03
2.052000000000000000e+03,7.853614299331342409e+03,5.954175662580160861e+03,1.934548162178890834e+03,3.691545127365946428e+03,2.227521009786504237e+03
2.053000000000000000e+03,7.856570937311596936e+03,5.956941855811508503e+03,1.934939255425296096e+03,3.693241369019955982e+03,2.228390312866345994e+03
2.054000000000000000e+03,7.859573259474770566e+03,5.959721129223265052e+03,1.935364982630206214e+03,3.694953457601705395e+03,2.229254819242859412e+03
2.055000000000000000e+03,7.862559059520863229e+03,5.962431515950379435e+03,1.935764108699246208e+03,3.696699932790524144e+03,2.230095018031094696e+03
2.056000000000000000e+03,7.865554175024570213e+03,5.965182161332642863e+03,1.936130439347363335e+03,3.698462907734641249e+03,2.230960827942564265e+03
2.057000000000000000e+03,7.868570875596224141e+03,5.968009470177022195e+03,1.936463489121788825e+03,3.700239573003384976e+03,2.231867813471052614e+03
2.058000000000000000e+03,7.871620012152033269e+03,5.970913586062903050e+03,1.936792998748560876e+03,3.702008785635043751e+03,2.232818227768427732e+03
2.059000000000000000e+03,7.874715585550451578e+03,5.973800555801473820e+03,1.937153628152228748e+03,3.703757510318458571e+03,2.233804447079763122e+03
2.060000000000000000e+03,7.877754913302795103e+03,5.976663634053731585e+03,1.937537810695868075e+03,3.705479698129746794e+03,2.234737404477181371e+03
2.061000000000000000e+03,7.880775788427231419e+03,5.979521499893553482e+03,1.937922262453181929e+03,3.707177440092244979e+03,2.235676085881804738e+03
2.062000000000000000e+03,7.883815715783406631e+03,5.982321247825622777e+03,1.938314375168050447e+03,3.708866942429706341e+03,2.236634398185646660e+03
2.063000000000000000e+03,7.886802032920862075e+03,5.985048047980910269e+03,1.938664510931932909e+03,3.710546058551703027e+03,2.237591463437224775e+03
2.064000000000000000e+03,7.889844967555196490e+03,5.987759127672435170e+03,1.939023890856008393e+03,3.712216220175835588e+03,2.238604856523353646e+03
2.065000000000000000e+03,7.892971721696658278e+03,5.990488409314299133e+03,1.939393251894714467e+03,3.713897213995408038e+03,2.239681255806535319e+03
2.066000000000000000e+03,7.896182947622168285e+03,5.993241040005900686e+03,1.939775470771107166e+03,3.715606592304919559e+03,2.240800884546142242e+03
2.067000000000000000e+03,7.899404535378425862e+03,5.996048297465639735e+03,1.940187802437798837e+03,3.717301148037788607e+03,2.241915584902837509e+03
2.068000000000000000e+03,7.902643724845012002e+03,5.998951486260397360e+03,1.940635697625257762e+03,3.719001087524721697e+03,2.243006939695032543e+03
2.069000000000000000e+03,7.905870729574824509e+03,6.001951825486666166e+03,1.941081023154923287e+03,3.720701812889846678e+03,2.244087893530055226e+03
2.070000000000000000e+03,7.909051636067719301e+03,6.004959292319788801e+03,1.941518414572895836e+03,3.722377561608896940e+03,2.245155659885927435e+03
2.071000000000000000e+03,7.912217649572933624e+03,6.007987052818987650e+03,1.941918486638109925e+03,3.724052147042005345e+03,2.246247015892818581e+03
2.072000000000000000e+03,7.915318122981992019e+03,6.011043073982136775e+03,1.942251693983694622e+03,3.725714832737809957e+03,2.247351596260488805e+03
2.073000000000000000e+03,7.918369103914739753e+03,6.014109081454231273e+03,1.942565399802743968e+03,3.727334109756074213e+03,2.248469594355920435e+03
2.074000000000000000e+03,7.921399775329111435e+03,6.017109532666771884e+03,1.942884130354882018e+03,3.728906473003649353e+03,2.249609171970580974e+03
2.075000000000000000e+03,7.924438157623781080e+03,6.020096329927325314e+03,1.943218173520557002e+03,3.730455423116768543e+03,2.250764560986455763e+03
2.076000000000000000e+03,7.927572376212330710e+03,6.023166476612596853e+03,1.943548903923333228e+03,3.732057244035253916e+03,2.251966228253743338e+03
2.077000000000000000e+03,7.930835004750602820e+03,6.026307398339103202e+03,1.943913658193470155e+03,3.733756038262807124e+03,2.253165308294325769e+03
2.078000000000000000e+03,7.934180033140061823e+03,6.029513184978559366e+03,1.944285954426183480e+03,3.735520757221013810e+03,2.254373321492865671e+03
2.079000000000000000e+03,7.937462829284429972e+03,6.032718641677964115e+03,1.944667259154057774e+03,3.737246608646189088e+03,2.255548961484182200e+03
2.080000000000000000e+03,7.940617527618838722e+03,6.035873725149345773e+03,1.945055187328088095e+03,3.738920642070267604e+03,2.256641698220481885e+03
2.081000000000000000e+03,7.943701627914160781e+03,6.038998157269308649e+03,1.945431228348087870e+03,3.740579458197260919e+03,2.257690941368810854e+03
2.082000000000000000e+03,7.946816517832696263e+03,6.042187426416721792e+03,1.945802701228723208e+03,3.742259161380927253e+03,2.258754655223044210e+03
2.083000000000000000e+03,7.950027160350599843e+03,6.045475778341599835e+03,1.946170002371382679e+03,3.743987615752279908e+03,2.259869542226939757e+03
2.084000000000000000e+03,7.953312119593637362e+03,6.048814440254065630e+03,1.946544882026297955e+03,3.745762426579262865e+03,2.261004810988076315e+03
2.085000000000000000e+03,7.956596511477046988e+03,6.052113836978134714e+03,1.946935713397963582e+03,3.747554514317664143e+03,2.262106283761419945e+03
2.086000000000000000e+03,7.959834803566569462e+03,6.055372778975346591e+03,1.947366565848420123e+03,3.749304792883896880e+03,2.263163444834252459e+03
2.087000000000000000e+03,7.963056874445991525e+03,6.058575094743166119e+03,1.947833636943733609e+03,3.751024212435078425e+03,2.264199025067180173e+03
2.088000000000000000e+03,7.966230613350855492e+03,6.061746368868151876e+03,1.948308956360805723e+03,3.752689433429820383e+03,2.265232223560230523e+03
2.089000000000000000e+03,7.969425743707752190e+03,6.064904733955139818e+03,1.948780171350263117e+03,3.754344869718815517e+03,2.266300702638674466e+03
2.090000000000000000e+03,7.972660238970599494e+03,6.068100200927657170e+03,1.949271294372585999e+03,3.755988275852937022e+03,2.267400668745075563e+03
2.091000000000000000e+03,7.975903022299452459e+03,6.071314929940426737e+03,1.949754345837229721e+03,3.757627754760037533e+03,2.268520921702183841e+03
2.092000000000000000e+03,7.979169224170886082e+03,6.074509461829494285e+03,1.950228667726482399e+03,3.759305068483653486e+03,2.269635487960752016e+03
2.093000000000000000e+03,7.982445098251713716e+03,6.077651008257195826e+03,1.950680438079877376e+03,3.761026631145959072e+03,2.270738029025875676e+03
2.094000000000000000e+03,7.985746915194622488e+03,6.080736574548279350e+03,1.951118031915490519e+03,3.762794166889768348e+03,2.271834716389362256e+03
2.095000000000000000e+03,7.989119914607130340e+03,6.083888453170834509e+03,1.951558297246215034e+03,3.764587537625379809e+03,2.272974079735537089e+03
2.096000000000000000e+03,7.992511105534841590e+03,6.087129443039563739e+03,1.952011381534799966e+03,3.766395696058268186e+03,2.274104027941772529e+03
2.097000000000000000e+03,7.995901300838757379e+03,6.090368812904464903e+03,1.952473974739840969e+03,3.768233445423445573e+03,2.275193880675469700e+03
2.098000000000000000e+03,7.999320134042692189e+03,6.093634788941309125e+03,1.952940848885289597e+03,3.770129246336947290e+03,2.276250038820453483e+03
2.099000000000000000e+03,8.002742252189162173e+03,6.096845317945364513e+03,1.953447459087978814e+03,3.772011893463949491e+03,2.277282899637234095e+03
2.100000000000000000e+03,8.006116526056714065e+03,6.099975578600228800e+03,1.953967148510964307e+03,3.773857070711732376e+03,2.278292306834018291e+03
2.101000000000000000e+03,8.009533018700237335e+03,6.103193094439400738e+03,1.954495463127997255e+03,3.775711067323992211e+03,2.279326488248249461e+03
2.102000000000000000e+03,8.012963698843106613e+03,6.106445972839025671e+03,1.955006091900403135e+03,3.777565109249856960e+03,2.280392497692846973e+03
2.103000000000000000e+03,8.016363570111233457e+03,6.109675870811102868e+03,1.955514493388504434e+03,3.779403286726410442e+03,2.281445789996317217e+03
2.104000000000000000e+03,8.019785184709321584e+03,6.112904883459938901e+03,1.956019163244477340e+03,3.781248938924723916e+03,2.282517082540120100e+03
2.105000000000000000e+03,8.023235637976026737e+03,6.116123989226130107e+03,1.956514991728005725e+03,3.783131409306770365e+03,2.283589236941251329e+03
2.106000000000000000e+03,8.026603760690193667e+03,6.119304483259628796e+03,1.956971632741430994e+03,3.784996771836130392e+03,2.284635356112632508e+03
2.107000000000000000e+03,8.029964369834051467e+03,6.122513882604008359e+03,1.957401361849604200e+03,3.786873714152914999e+03,2.285689293831530904e+03
2.108000000000000000e+03,8.033388669614166247e+03,6.125798994728834259e+03,1.957843264812830967e+03,3.788791581270366351e+03,2.286753823530968930e+03
2.109000000000000000e+03,8.036893003121911534e+03,6.129153235276060514e+03,1.958309941779632481e+03,3.790756574295689006e+03,2.287826487046590046e+03
2.110000000000000000e+03,8.040449301044447566e+03,6.132522229318553400e+03,1.958818099380761169e+03,3.792760493122887510e+03,2.288870708540799569e+03
2.111000000000000000e+03,8.043973388206027266e+03,6.135912288369811904e+03,1.959296537641076384e+03,3.794769012981495962e+03,2.289907837583455148e+03
2.112000000000000000e+03,8.047507752373327094e+03,6.139310053887897084e+03,1.959714541678182286e+03,3.796836695022829190e+03,2.290956515672314708e+03
2.113000000000000000e+03,8.051020176785750664e+03,6.142679308110061356e+03,1.960107169753594007e+03,3.798919785223763029e+03,2.291993221808389990e+03
2.114000000000000000e+03,8.054461479888692338e+03,6.145975432059834020e+03,1.960482808138408927e+03,3.800993161460638476e+03,2.292985510289644935e+03
2.115000000000000000e+03,8.057898279113226636e+03,6.149296388530437980e+03,1.960851767282977107e+03,3.803069280915887703e+03,2.293977230914362735e+03
2.116000000000000000e+03,8.061377686752457521e+03,6.152677215877332856e+03,1.961224366416531211e+03,3.805151445658118064e+03,2.295001874677810520e+03
2.117000000000000000e+03,8.064945876310298445e+03,6.156077207055661347e+03,1.961619016318152035e+03,3.807279259365573125e+03,2.296047600626571693e+03
2.118000000000000000e+03,8.068623295307095759e+03,6.159523759342951053e+03,1.962038889388812095e+03,3.809458139001212658e+03,2.297126266917067369e+03
2.119000000000000000e+03,8.072376423966091352e+03,6.163030038787613194e+03,1.962519225469756293e+03,3.811613456062398654e+03,2.298243742433935950e+03
2.120000000000000000e+03,8.076153619364881706e+03,6.166550993615972402e+03,1.963039600246348300e+03,3.813717427070899248e+03,2.299396592047633931e+03
2.121000000000000000e+03,8.079925363981581540e+03,6.170067861805583561e+03,1.963573251062583267e+03,3.815793729640717174e+03,2.300558383278280871e+03
2.122000000000000000e+03,8.083646825698469002e+03,6.173550551659872326e+03,1.964117525734717447e+03,3.817840711599552833e+03,2.301688588364197130e+03
2.123000000000000000e+03,8.087257355461490988e+03,6.176991167379986109e+03,1.964629530282936003e+03,3.819841814451307528e+03,2.302786010727245866e+03
2.124000000000000000e+03,8.090832062435893931e+03,6.180403984937203859e+03,1.965102963590880563e+03,3.821849370829766940e+03,2.303879728015247565e+03
2.125000000000000000e+03,8.094414242568493137e+03,6.183786048004782060e+03,1.965584092886298095e+03,3.823869469314580783e+03,2.304960680367616533e+03
2.126000000000000000e+03,8.097958025957773316e+03,6.187167205016148728e+03,1.966060765283677711e+03,3.825857821707041239e+03,2.306039438967054593e+03
2.127000000000000000e+03,8.101438422840168641e+03,6.190519571617757720e+03,1.966517135825160267e+03,3.827803531265734819e+03,2.307117755749273783e+03
2.128000000000000000e+03,8.104883091341287582e+03,6.193831655462006893e+03,1.966956893115195953e+03,3.829739407164259319e+03,2.308186791061832082e+03
2.129000000000000000e+03,8.108351522657932946e+03,6.197111649050489177e+03,1.967406525202388821e+03,3.831664709825296541e+03,2.309280287630250768e+03
2.130000000000000000e+03,8.111836264954872604e+03,6.200389184141614351e+03,1.967849438268749964e+03,3.833572074529296515e+03,2.310414752156826125e+03
2.131000000000000000e+03,8.115362469998575762e+03,6.203607951563744791e+03,1.968296195278930099e+03,3.835515789373174812e+03,2.311550485346471305e+03
2.132000000000000000e+03,8.118936731283063637e+03,6.206828105566785780e+03,1.968734034396708694e+03,3.837505393300431024e+03,2.312697303585924601e+03
2.133000000000000000e+03,8.122492344316046911e+03,6.210054190287963138e+03,1.969138682730380879e+03,3.839520363961365547e+03,2.313833297624300940e+03
2.134000000000000000e+03,8.126057796923702881e+03,6.213290000439283176e+03,1.969553559483783374e+03,3.841541014557638846e+03,2.314963222882282025e+03
2.135000000000000000e+03,8.129660808773692224e+03,6.216515641352494640e+03,1.970018577342695835e+03,3.843540635485865550e+03,2.316101595945131521e+03
2.136000000000000000e+03,8.133222173282330914e+03,6.219711795119151247e+03,1.970494238271943004e+03,3.845544798320832342e+03,2.317183136689556704e+03
2.137000000000000000e+03,8.136798499700659704e+03,6.222883513222013789e+03,1.970987810342567627e+03,3.847567883806060763e+03,2.318242805552029949e+03
2.138000000000000000e+03,8.140417377192068670e+03,6.226019626348885140e+03,1.971524403423604554e+03,3.849584460818085063e+03,2.319308512950378827e+03
2.139000000000000000e+03,8.144080902515966955e+03,6.229224799357488337e+03,1.972087901109229961e+03,3.851615911372321534e+03,2.320377090034414778e+03
2.140000000000000000e+03,8.147702307536463195e+03,6.232502500273149963e+03,1.972627409903607941e+03,3.853658507546487272e+03,2.321416390086368210e+03
2.141000000000000000e+03,8.151337574147173655e+03,6.235849159831384895e+03,1.973161550835867502e+03,3.855735958741127433e+03,2.322440064570179402e+03
2.142000000000000000e+03,8.155037288391848961e+03,6.239257728353379207e+03,1.973734391519365545e+03,3.857826243021004302e+03,2.323476653851478659e+03
2.143000000000000000e+03,8.158755698870615561e+03,6.242645078979067875e+03,1.974333137728488509e+03,3.859895204480464599e+03,2.324527356661662907e+03
2.144000000000000000e+03,8.162453851307883269e+03,6.245994987327633680e+03,1.974904699488119832e+03,3.861942795185962495e+03,2.325606356633800260e+03
2.145000000000000000e+03,8.166154916597542979e+03,6.249320087371031150e+03,1.975491928513288485e+03,3.863983790548147226e+03,2.326679197536107495e+03
2.146000000000000000e+03,8.169820401822202257e+03,6.252647916965042896e+03,1.976071255728773849e+03,3.866047325796358109e+03,2.327701820297071208e+03
2.147000000000000000e+03,8.173449158699375403e+03,6.255994344696104235e+03,1.976654306736919580e+03,3.868094392937973225e+03,2.328700459024484644e+03
2.148000000000000000e+03,8.177070323235381693e+03,6.259398967548122528e+03,1.977198696453137472e+03,3.870140276598620403e+03,2.329731350183622453e+03
2.149000000000000000e+03,8.180728578696622208e+03,6.262785953317370513e+03,1.977742524406824032e+03,3.872187199302107274e+03,2.330798854987692266e+03
2.150000000000000000e+03,8.184420405442074298e+03,6.266173941260200081e+03,1.978319502919518300e+03,3.874222817975094131e+03,2.331878084547461185e+03
2.151000000000000000e+03,8.188120047489792341e+03,6.269571441047376538e+03,1.978903268005600694e+03,3.876274480218714416e+03,2.332942299265478596e+03
2.152000000000000000e+03,8.191813572073743671e+03,6.272996322745809266e+03,1.979480561977941079e+03,3.878348252497881276e+03,2.333984757597921543e+03
2.153000000000000000e+03,8.195504565555071167e+03,6.276436958991723259e+03,1.980042153116190548e+03,3.880449659017866452e+03,2.335012753421014168e+03
2.154000000000000000e+03,8.199142700771912132e+03,6.279877531631932470e+03,1.980579302284239475e+03,3.882543967101902581e+03,2.336019431385771441e+03
2.155000000000000000e+03,8.202773901625138024e+03,6.283356481392140267e+03,1.981093268313707767e+03,3.884642963530734960e+03,2.337037669780696888e+03
2.156000000000000000e+03,8.206430794268177124e+03,6.286900953587566619e+03,1.981612667913972473e+03,3.886746877409823355e+03,2.338071248944383115e+03
2.157000000000000000e+03,8.210052166434066748e+03,6.290404268722727466e+03,1.982130913460052398e+03,3.888822802444498848e+03,2.339098450529515503e+03
2.158000000000000000e+03,8.213644640773094579e+03,6.293894497520826917e+03,1.982631071865604781e+03,3.890897622806688560e+03,2.340115946100798737e+03
2.159000000000000000e+03,8.217197516837713920e+03,6.297397098169511992e+03,1.983125829847411296e+03,3.892952474515286212e+03,2.341119212475014592e+03
2.160000000000000000e+03,8.220728611528333204e+03,6.300870377880706656e+03,1.983603479776263384e+03,3.895012383936758852e+03,2.342112747815312105e+03
2.161000000000000000e+03,8.224135839449170817e+03,6.304289696553760223e+03,1.984055286120056280e+03,3.897009946831642992e+03,2.343070606497471090e+03
2.162000000000000000e+03,8.227470208904482206e+03,6.307665768484556793e+03,1.984494169429172416e+03,3.898975583778891632e+03,2.344000455696417248e+03
2.163000000000000000e+03,8.230808829319572396e+03,6.311079955620268265e+03,1.984949725206521180e+03,3.900921977905402855e+03,2.344937126207650635e+03
2.164000000000000000e+03,8.234199204075117450e+03,6.314510794472029374e+03,1.985443346072062241e+03,3.902881337595258628e+03,2.345874520407797718e+03
2.165000000000000000e+03,8.237607699041522210e+03,6.317903933472376593e+03,1.985943968443931908e+03,3.904858481392750491e+03,2.346805249204840948e+03
2.166000000000000000e+03,8.240936255868484295e+03,6.321212243843254328e+03,1.986431547030845195e+03,3.906781489845373471e+03,2.347723218992264265e+03
2.167000000000000000e+03,8.244284378194424789e+03,6.324504902204535938e+03,1.986929696834700735e+03,3.908670170178736043e+03,2.348684511180987556e+03
2.168000000000000000e+03,8.247608216608923613e+03,6.327773916217839542e+03,1.987436860709335178e+03,3.910542937919637097e+03,2.349628417979952246e+03
2.169000000000000000e+03,8.250871987066060683e+03,6.331027699905391273e+03,1.987943518273627660e+03,3.912392993087281411e+03,2.350535475705151384e+03
2.170000000000000000e+03,8.254149166043744117e+03,6.334301604265301648e+03,1.988474039014133496e+03,3.914259467422191847e+03,2.351415659607418092e+03
2.171000000000000000e+03,8.257517953038095584e+03,6.337627545884593019e+03,1.989054757183230777e+03,3.916158786127768053e+03,2.352304409727096754e+03
2.172000000000000000e+03,8.260859358092451657e+03,6.340933303617065576e+03,1.989637282359867868e+03,3.918034833783838167e+03,2.353187241948745850e+03
2.173000000000000000e+03,8.264165103890263708e+03,6.344218585684970094e+03,1.990208130044997688e+03,3.919895838584268404e+03,2.354061135260997162e+03
2.174000000000000000e+03,8.267481612173531175e+03,6.347509704185390547e+03,1.990730916040829925e+03,3.921814584106476104e+03,2.354936112026225601e+03
2.175000000000000000e+03,8.270825702865407948e+03,6.350809789723915856e+03,1.991210331843945823e+03,3.923801979484604090e+03,2.355813391536857580e+03
2.176000000000000000e+03,8.274192833570174116e+03,6.354073767342327301e+03,1.991625507450649366e+03,3.925832704682712119e+03,2.356734621436810812e+03
2.177000000000000000e+03,8.277537099717292222e+03,6.357322893847893283e+03,1.992002435296706608e+03,3.927885676904164484e+03,2.357648987516421585e+03
2.178000000000000000e+03,8.280856788678702287e+03,6.360608619508449010e+03,1.992393537152327553e+03,3.929928667547968416e+03,2.358534583978403589e+03
2.179000000000000000e+03,8.284163354178626832e+03,6.363913656832695779e+03,1.992791027970818050e+03,3.931925058922256085e+03,2.359447267285555426e+03
2.180000000000000000e+03,8.287449240773554266e+03,6.367192592426141346e+03,1.993188172138849495e+03,3.933886849423263811e+03,2.360374219211440959e+03
2.181000000000000000e+03,8.290755868344433111e+03,6.370458632425431460e+03,1.993576459510578843e+03,3.935842468232588089e+03,2.361336940601267088e+03
2.182000000000000000e+03,8.294076783270969827e+03,6.373755906123876230e+03,1.993945476612364246e+03,3.937832564819597792e+03,2.362298741839008471e+03
2.183000000000000000e+03,8.297374331050241381e+03,6.377073027939777603e+03,1.994303130256089162e+03,3.939820305942554114e+03,2.363250894851598332e+03
2.184000000000000000e+03,8.300648852911335780e+03,6.380372220183676291e+03,1.994679700891084849e+03,3.941806979659721492e+03,2.364162172360531258e+03
2.185000000000000000e+03,8.303947067775670803e+03,6.383694965097537533e+03,1.995044067659442590e+03,3.943831196123393511e+03,2.365071803992832429e+03
2.186000000000000000e+03,8.307299661936931443e+03,6.387085748879779203e+03,1.995389132840037973e+03,3.945935394556055599e+03,2.365975134540837189e+03
2.187000000000000000e+03,8.310755344241744751e+03,6.390539589855864506e+03,1.995739974507184797e+03,3.948108444070615406e+03,2.366906925663945458e+03
2.188000000000000000e+03,8.314254031530825159e+03,6.393991146194300200e+03,1.996088360171137992e+03,3.950336342144313676e+03,2.367829329215374855e+03
2.189000000000000000e+03,8.317746456507651601e+03,6.397436030995957481e+03,1.996433706780921739e+03,3.952567214049721770e+03,2.368745535677009684e+03
2.190000000000000000e+03,8.321199645252589107e+03,6.400882269262235241e+03,1.996759311705145137e+03,3.954766957827449914e+03,2.369673375719994510e+03
2.191000000000000000e+03,8.324638440154787531e+03,6.404272270906371887e+03,1.997073885537573005e+03,3.956955897432217171e+03,2.370608657184998265e+03
2.192000000000000000e+03,8.328059268034770867e+03,6.407640577245356326e+03,1.997413296742939565e+03,3.959126833666094171e+03,2.371519137625739859e+03
2.193000000000000000e+03,8.331503494951792163e+03,6.411054330799426680e+03,1.997794774927519484e+03,3.961296670711357820e+03,2.372412049312915315e+03
2.194000000000000000e+03,8.334970750417407544e+03,6.414445152759051780e+03,1.998199430314909478e+03,3.963468255606458115e+03,2.373303064496040861e+03
2.195000000000000000e+03,8.338473439250836236e+03,6.417863126272945010e+03,1.998619881908557090e+03,3.965664041145256306e+03,2.374189516197026933e+03
2.196000000000000000e+03,8.341989077864269348e+03,6.421287707695705649e+03,1.999057711724934052e+03,3.967880296790578086e+03,2.375051069348755391e+03
2.197000000000000000e+03,8.345551626404638228e+03,6.424730690885329750e+03,1.999463755710302166e+03,3.970150747048115591e+03,2.375937123646220698e+03
2.198000000000000000e+03,8.349179396900148276e+03,6.428242349437084158e+03,1.999858262377864321e+03,3.972489416772114055e+03,2.376831717750169446e+03
2.199000000000000000e+03,8.352880964114645394e+03,6.431814278949964319e+03,2.000265796624984432e+03,3.974844841416143936e+03,2.377770326073517026e+03
2.200000000000000000e+03,8.356583072482009811e+03,6.435377032459267866e+03,2.000688062118162179e+03,3.977174385102534870e+03,2.378720625261315035e+03
2.201000000000000000e+03,8.360280438258036156e+03,6.438867568157395908e+03,2.001139464031805574e+03,3.979458780383795329e+03,2.379682193842435936e+03
2.202000000000000000e+03,8.363956738663204305e+03,6.442324920874405507e+03,2.001590505850461341e+03,3.981746626253146587e+03,2.380619606559597287e+03
2.203000000000000000e+03,8.367629050655421452e+03,6.445799422976002461e+03,2.002039855392679556e+03,3.984042666544298299e+03,2.381546528718443369e+03
2.204000000000000000e+03,8.371313911134324371e+03,6.449302102503559581e+03,2.002523026271088384e+03,3.986346009697821955e+03,2.382444875165413578e+03
2.205000000000000000e+03,8.375062713701874600e+03,6.452820789100443108e+03,2.003045540301856818e+03,3.988667587540428030e+03,2.383349585859591116e+03
2.206000000000000000e+03,8.378912489503381948e+03,6.456346861223937594e+03,2.003602266059572230e+03,3.991066000504046769e+03,2.384244222939762949e+03
2.207000000000000000e+03,8.382819785079404028e+03,6.459853760385516580e+03,2.004153078127434128e+03,3.993501920205462284e+03,2.385164786746505797e+03
2.208000000000000000e+03,8.386675619946578081e+03,6.463359599954206715e+03,2.004666521655671431e+03,3.995927497702213259e+03,2.386081600588694528e+03
2.209000000000000000e+03,8.390533458558169514e+03,6.466913533311866559e+03,2.005165105842417233e+03,3.998358866066137125e+03,2.387009486649615610e+03
2.210000000000000000e+03,8.394397583086658415e+03,6.470516319123007634e+03,2.005682448554425719e+03,4.000765197443349280e+03,2.387949937088882052e+03
2.211000000000000000e+03,8.398239010402046915e+03,6.474090473484535323e+03,2.006213185566032962e+03,4.003134960379619770e+03,2.388890864456393956e+03
2.212000000000000000e+03,8.402011164011135406e+03,6.477651181048780927e+03,2.006715823807054676e+03,4.005492545206318027e+03,2.389802794997764067e+03
2.213000000000000000e+03,8.405744269002574583e+03,6.481178761137593938e+03,2.007209562068440846e+03,4.007829959446674366e+03,2.390704747487458917e+03
2.214000000000000000e+03,8.409464116226688930e+03,6.484771743729279478e+03,2.007675718586473522e+03,4.010161067058678782e+03,2.391627330581534352e+03
2.215000000000000000e+03,8.413204702821656610e+03,6.488407224756138930e+03,2.008154079330205377e+03,4.012484769934152609e+03,2.392565853557297032e+03
2.216000000000000000e+03,8.416960850718056463e+03,6.492011280662949503e+03,2.008652494873049363e+03,4.014795988144907369e+03,2.393512367700101549e+03
2.217000000000000000e+03,8.420741256873039674e+03,6.495610129748398322e+03,2.009129995077017611e+03,4.017129258285538526e+03,2.394482003510484901e+03
2.218000000000000000e+03,8.424482521785483186e+03,6.499229998853738834e+03,2.009551997843302615e+03,4.019467372480510676e+03,2.395463151461670350e+03
2.219000000000000000e+03,8.428210704001632621e+03,6.502876030085505590e+03,2.009935748120635253e+03,4.021813635135125423e+03,2.396461320745871944e+03
2.220000000000000000e+03,8.431971365902187245e+03,6.506578195825409239e+03,2.010325248202285366e+03,4.024186744233986246e+03,2.397459373465914723e+03
2.221000000000000000e+03,8.435785713162895263e+03,6.510308438928077521e+03,2.010728901924746879e+03,4.026573348714039639e+03,2.398483462524110564e+03
2.222000000000000000e+03,8.439564748894110380e+03,6.514080364534131149e+03,2.011098932127096077e+03,4.028966127207368118e+03,2.399499689559647777e+03
2.223000000000000000e+03,8.443358750886995040e+03,6.517875500937211655e+03,2.011465875395156672e+03,4.031373050270281055e+03,2.400519825221557312e+03
2.224000000000000000e+03,8.447200852228510485e+03,6.521701684703277351e+03,2.011841108590207341e+03,4.033804942246651080e+03,2.401554801391654564e+03
2.225000000000000000e+03,8.451065637770678222e+03,6.525539453109491660e+03,2.012199734343355885e+03,4.036254419152425726e+03,2.402611484274894337e+03
2.226000000000000000e+03,8.454910972802939796e+03,6.529358447340468956e+03,2.012564591328325378e+03,4.038663056438444528e+03,2.403683325036170572e+03
2.227000000000000000e+03,8.458761426785660660e+03,6.533112569878429895e+03,2.012937760690561163e+03,4.041031849429201429e+03,2.404791816665901479e+03
2.228000000000000000e+03,8.462615700762375127e+03,6.536887774009352142e+03,2.013293369258279881e+03,4.043414197821434300e+03,2.405908133682660718e+03
2.229000000000000000e+03,8.466463867571963419e+03,6.540727687064032580e+03,2.013666529304232881e+03,4.045803192246390154e+03,2.406994146021338565e+03
2.230000000000000000e+03,8.470284567906657685e+03,6.544550235686176165e+03,2.014097671666257156e+03,4.048182723193620859e+03,2.408004173046776486e+03
2.231000000000000000e+03,8.474144477378878946e+03,6.548367329839422382e+03,2.014577998422914334e+03,4.050580206785260998e+03,2.408986272170705888e+03
2.232000000000000000e+03,8.477995879785175930e+03,6.552206871833677724e+03,2.015054263021304450e+03,4.052987859909376766e+03,2.409953756854492894e+03
2.233000000000000000e+03,8.481893848037960197e+03,6.556072405313885611e+03,2.015540630987050008e+03,4.055411490421894996e+03,2.410941726629015648e+03
2.234000000000000000e+03,8.485765222140285914e+03,6.559912506777756789e+03,2.016008476249870000e+03,4.057803732603946173e+03,2.411953013286470195e+03
2.235000000000000000e+03,8.489678964310598531e+03,6.563728195154103560e+03,2.016489414742388817e+03,4.060210929916554051e+03,2.412978619651653389e+03
2.236000000000000000e+03,8.493551060066822174e+03,6.567512780514882252e+03,2.016954483586285733e+03,4.062589113962313604e+03,2.414007462518219654e+03
2.237000000000000000e+03,8.497393476309351172e+03,6.571245744938525604e+03,2.017417412299948865e+03,4.064944676870854892e+03,2.415031387138547871e+03
2.238000000000000000e+03,8.501215928248759155e+03,6.575009076102896870e+03,2.017856772293064978e+03,4.067302924587972029e+03,2.416056231367721921e+03
2.239000000000000000e+03,8.505004818212286409e+03,6.578812896133990762e+03,2.018284183928097718e+03,4.069660081624498616e+03,2.417060552659687801e+03
2.240000000000000000e+03,8.508767217670309037e+03,6.582617478916547043e+03,2.018733700358987790e+03,4.071991783889904127e+03,2.418041733421414847e+03
2.241000000000000000e+03,8.512519680173692905e+03,6.586389339610336719e+03,2.019205821425797694e+03,4.074294774595406579e+03,2.419019084152487721e+03
2.242000000000000000e+03,8.516210775427902263e+03,6.590133710019532373e+03,2.019645033783083363e+03,4.076598846159116420e+03,2.419966895485701116e+03
2.243000000000000000e+03,8.519915702730133489e+03,6.593881413377632271e+03,2.020091321281955288e+03,4.078928367086573417e+03,2.420896014361603193e+03
2.244000000000000000e+03,8.523566299138958129e+03,6.597633418519644692e+03,2.020515297988118618e+03,4.081263205196949457e+03,2.421787795953889599e+03
2.245000000000000000e+03,8.527255046204056271e+03,6.601377402379524938e+03,2.020921413114464031e+03,4.083640015479954855e+03,2.422693617609637386e+03
2.246000000000000000e+03,8.530886180999606950e+03,6.605102201176069684e+03,2.021292394664866151e+03,4.085980950825965010e+03,2.423612835508777607e+03
2.247000000000000000e+03,8.534462487801254611e+03,6.608744607154860205e+03,2.021641916804012681e+03,4.088270283661643134e+03,2.424550287335598114e+03
2.248000000000000000e+03,8.538017361003705446e+03,6.612371445407297870e+03,2.021968890894113883e+03,4.090568296915035262e+03,2.425480173194558120e+03
2.249000000000000000e+03,8.541568430878038271e+03,6.615984959240114222e+03,2.022286609923884043e+03,4.092867501141794492e+03,2.426414319812361555e+03
2.250000000000000000e+03,8.545108358284956921e+03,6.619549659837303807e+03,2.022625581862315130e+03,4.095144151836376295e+03,2.427338624586262540e+03
2.251000000000000000e+03,8.548589188090252719e+03,6.623007522146569499e+03,2.022975507661786878e+03,4.097345346924154910e+03,2.428268333504312977e+03
2.252000000000000000e+03,8.552071249009146413e+03,6.626460139674801212e+03,2.023338506170926166e+03,4.099480498713460292e+03,2.429252244124759272e+03
2.253000000000000000e+03,8.555628866143382766e+03,6.629943359723208232e+03,2.023745461064721894e+03,4.101604040131725014e+03,2.430279364946931310e+03
2.254000000000000000e+03,8.559219762658027321e+03,6.633460969964229662e+03,2.024148664843005008e+03,4.103738262055871928e+03,2.431332835759150385e+03
2.255000000000000000e+03,8.562798349742877690e+03,6.636999740902354461e+03,2.024525705050607257e+03,4.105853128869073771e+03,2.432419515823195979e+03
2.256000000000000000e+03,8.566349819242375816e+03,6.640539367678758936e+03,2.024867538782124484e+03,4.107975289740204971e+03,2.433506990720042722e+03
2.257000000000000000e+03,8.569811083885968401e+03,6.644031418206934177e+03,2.025161606273729831e+03,4.110096898610108838e+03,2.434552579002130187e+03
2.258000000000000000e+03,8.573216562814190183e+03,6.647510537553147515e+03,2.025405271720959718e+03,4.112250116563014672e+03,2.435561174530214885e+03
2.259000000000000000e+03,8.576652661472984619e+03,6.651071015622540472e+03,2.025639249421256636e+03,4.114435120050678051e+03,2.436578292001048794e+03
2.260000000000000000e+03,8.580136235905059948e+03,6.654616122767081833e+03,2.025875310747817366e+03,4.116660350356361960e+03,2.437600574800880167e+03
2.261000000000000000e+03,8.583648782511470927e+03,6.658179446651209219e+03,2.026100788628259807e+03,4.118860811943236513e+03,2.438687181939977563e+03
2.262000000000000000e+03,8.587164676272477664e+03,6.661738934089687973e+03,2.026283275571837976e+03,4.121072150368616349e+03,2.439809250332023566e+03
2.263000000000000000e+03,8.590638751329741353e+03,6.665257021010732387e+03,2.026440110008728880e+03,4.123247659848943840e+03,2.440950981472067269e+03
2.264000000000000000e+03,8.594090980917564593e+03,6.668817839606500456e+03,2.026591185355498965e+03,4.125442505836686905e+03,2.442057289725378723e+03
2.265000000000000000e+03,8.597591354231857622e+03,6.672406106439283576e+03,2.026772226092012033e+03,4.127649349198726668e+03,2.443169778941119603e+03
2.266000000000000000e+03,8.601092682243088348e+03,6.675971699943645035e+03,2.026940263546342976e+03,4.129873198612853230e+03,2.444279220083893051e+03
2.267000000000000000e+03,8.604616132005168765e+03,6.679570523402224353e+03,2.027142577862648523e+03,4.132067623139465468e+03,2.445405931003054320e+03
2.268000000000000000e+03,8.608090200349495717e+03,6.683160025329446398e+03,2.027347631650659650e+03,4.134228960095757429e+03,2.446513608603078865e+03
2.269000000000000000e+03,8.611508844167232382e+03,6.686767678246785181e+03,2.027522627862248100e+03,4.136400557525447766e+03,2.447585658779537880e+03
2.270000000000000000e+03,8.614949514000421914e+03,6.690342934514650551e+03,2.027701719623324607e+03,4.138620360751579028e+03,2.448627433625518279e+03
2.271000000000000000e+03,8.618482981163619115e+03,6.693895217688024786e+03,2.027946634410044226e+03,4.140859945429052459e+03,2.449676401324523795e+03
2.272000000000000000e+03,8.622045432148646796e+03,6.697388628685883305e+03,2.028235374816844796e+03,4.143091972156247721e+03,2.450718085175555643e+03
2.273000000000000000e+03,8.625598740634606656e+03,6.700871378136962448e+03,2.028515073584275115e+03,4.145298632478122272e+03,2.451785034572208133e+03
2.274000000000000000e+03,8.629166367771967998e+03,6.704394849112080010e+03,2.028805136129047241e+03,4.147495795230310250e+03,2.452865436412610961e+03
2.275000000000000000e+03,8.632721518927990473e+03,6.707922165845472591e+03,2.029100358283100604e+03,4.149659754701545353e+03,2.453961405943344289e+03
2.276000000000000000e+03,8.636267043296207703e+03,6.711434785715054204e+03,2.029396945384734408e+03,4.151782610185045996e+03,2.455087487726427753e+03
2.277000000000000000e+03,8.639793095973011077e+03,6.714905030521534172e+03,2.029690926562000868e+03,4.153882700077991103e+03,2.456219469333019788e+03
2.278000000000000000e+03,8.643371792645633832e+03,6.718418800997596009e+03,2.030018382899038897e+03,4.155999518598441682e+03,2.457353891148151888e+03
2.279000000000000000e+03,8.646942610646443427e+03,6.721870912385517840e+03,2.030341348800166543e+03,4.158122278990993436e+03,2.458478982855284812e+03
2.280000000000000000e+03,8.650539701892061203e+03,6.725281665755473114e+03,2.030671714651069124e+03,4.160257724624879302e+03,2.459610262616113687e+03
2.281000000000000000e+03,8.654227621254840415e+03,6.728769217524393753e+03,2.031015051758069148e+03,4.162425004929307761e+03,2.460787564567465324e+03
2.282000000000000000e+03,8.657997306616587593e+03,6.732300664649909777e+03,2.031352985549213827e+03,4.164654323875541195e+03,2.461989997191829389e+03
2.283000000000000000e+03,8.661756396139264325e+03,6.735818494918607030e+03,2.031687364017420350e+03,4.166885518244661398e+03,2.463183513877182122e+03
2.284000000000000000e+03,8.665481856330125083e+03,6.739318522353152730e+03,2.031986002075193028e+03,4.169111043725073614e+03,2.464384810529858441e+03
2.285000000000000000e+03,8.669151364229041064e+03,6.742758894358777980e+03,2.032243553276932744e+03,4.171321697710516673e+03,2.465586113241591647e+03
2.286000000000000000e+03,8.672789075821081497e+03,6.746130804735785205e+03,2.032549260335988265e+03,4.173483499635823136e+03,2.466756315849267594e+03
2.287000000000000000e+03,8.676447253499391081e+03,6.749524199772752581e+03,2.032892603690228043e+03,4.175616895662167735e+03,2.467937754146993939e+03
2.288000000000000000e+03,8.680095827376522720e+03,6.752840257371394728e+03,2.033256035309020490e+03,4.177738452912226421e+03,2.469101339155277401e+03
2.289000000000000000e+03,8.683739910183832762e+03,6.756098343588974785e+03,2.033608521796904370e+03,4.179877869379607546e+03,2.470253519007322211e+03
2.290000000000000000e+03,8.687384745150699018e+03,6.759348708983224242e+03,2.033981260243375345e+03,4.182006886590084832e+03,2.471396598317239750e+03
2.291000000000000000e+03,8.691071761800194508e+03,6.762640531651078163e+03,2.034378496984992353e+03,4.184145823985030802e+03,2.472547440830173855e+03
2.292000000000000000e+03,8.694784595761691889e+03,6.765897187000870872e+03,2.034775381098692833e+03,4.186301668583817445e+03,2.473707546079180702e+03
2.293000000000000000e+03,8.698461082696490848e+03,6.769092625738756396e+03,2.035161202219980623e+03,4.188437061347877716e+03,2.474862819128632509e+03
2.294000000000000000e+03,8.702105033434072539e+03,6.772279646230163962e+03,2.035576303925562343e+03,4.190531759845883244e+03,2.475996969662622632e+03
2.295000000000000000e+03,8.705843088999872634e+03,6.775549883404956745e+03,2.036018060006473434e+03,4.192663420139646405e+03,2.477161608853753478e+03
2.296000000000000000e+03,8.709588929818355609e+03,6.778814783116236867e+03,2.036435672640206803e+03,4.194805113137173976e+03,2.478348144040971874e+03
2.297000000000000000e+03,8.713301732041345531e+03,6.782058279787827814e+03,2.036846812886570206e+03,4.196934603539068121e+03,2.479520315615705840e+03
2.298000000000000000e+03,8.716928515522597081e+03,6.785231453182970654e+03,2.037248593366267642e+03,4.198986685410759492e+03,2.480693236745571539e+03
2.299000000000000000e+03,8.720526825457211089e+03,6.788358676533805919e+03,2.037677817326579770e+03,4.201022550998926818e+03,2.481826457131705411e+03
2.300000000000000000e+03,8.724179824771594213e+03,6.791557843162221616e+03,2.038117194423752608e+03,4.203131844600658951e+03,2.482930785747182199e+03
2.301000000000000000e+03,8.727930612881249544e+03,6.794824970116759687e+03,2.038554803003313282e+03,4.205298225522073153e+03,2.484077584355864929e+03
2.302000000000000000e+03,8.731705738913766254e+03,6.798082727796005202e+03,2.039005892608384329e+03,4.207474586328005898e+03,2.485225259977377391e+03
2.303000000000000000e+03,8.735467576835068030e+03,6.801282959282938464e+03,2.039489800360490790e+03,4.209661744780942172e+03,2.486316031693636432e+03
2.304000000000000000e+03,8.739249669279364753e+03,6.804502823721880304e+03,2.040026820423457593e+03,4.211858801693158057e+03,2.487364047162751376e+03
2.305000000000000000e+03,8.743001995054501094e+03,6.807638862844054529e+03,2.040594081711642957e+03,4.214021226928775832e+03,2.488386686414081396e+03
2.306000000000000000e+03,8.746692409989076623e+03,6.810766905597863115e+03,2.041143008993620242e+03,4.216123509685026875e+03,2.489425891310427232e+03
2.307000000000000000e+03,8.750429658704657413e+03,6.814018721987504250e+03,2.041680437559675283e+03,4.218219821603163837e+03,2.490529399541815565e+03
2.308000000000000000e+03,8.754217883977235033e+03,6.817293291643833072e+03,2.042217237093501808e+03,4.220362212526673829e+03,2.491638434357056212e+03
2.309000000000000000e+03,8.757972301332978532e+03,6.820559914669330283e+03,2.042747314162216298e+03,4.222498619053340917e+03,2.492726368117421316e+03
2.310000000000000000e+03,8.761716773936590471e+03,6.823794387059938344e+03,2.043261504088648053e+03,4.224637960254616701e+03,2.493817309593327991e+03
2.311000000000000000e+03,8.765445538148036576e+03,6.827001774575540367e+03,2.043746730380174540e+03,4.226769059862320319e+03,2.494929747905539443e+03
2.312000000000000000e+03,8.769170998930589121e+03,6.830202354943246064e+03,2.044221357009584608e+03,4.228879612890116732e+03,2.496070029030888691e+03
2.313000000000000000e+03,8.772958158185716457e+03,6.833506902541282216e+03,2.044720798265395842e+03,4.230994111976680870e+03,2.497243247943641563e+03
2.314000000000000000e+03,8.776797151258957456e+03,6.836887275565583877e+03,2.045243867626670635e+03,4.233095297180398120e+03,2.498457986451891429e+03
2.315000000000000000e+03,8.780646234500207356e+03,6.840295568740611088e+03,2.045777890292324855e+03,4.235198472331059747e+03,2.499669871876824800e+03
2.316000000000000000e+03,8.784436000617384707e+03,6.843678306633058128e+03,2.046300388381853281e+03,4.237265593155919305e+03,2.500870019079611211e+03
2.317000000000000000e+03,8.788153205944905494e+03,6.847018302777006284e+03,2.046801335903880044e+03,4.239327866678782812e+03,2.502024003362241729e+03
2.318000000000000000e+03,8.791835082873838473e+03,6.850324305982881924e+03,2.047270900066753484e+03,4.241409076832291248e+03,2.503155105974794878e+03
2.319000000000000000e+03,8.795486648959815284e+03,6.853628137854110719e+03,2.047717149902049641e+03,4.243479746763327057e+03,2.504289752294435857e+03
2.320000000000000000e+03,8.799089433620549244e+03,6.856918219629537816e+03,2.048160856063305800e+03,4.245509813358536121e+03,2.505418764198707322e+03
2.321000000000000000e+03,8.802682251511285358e+03,6.860182303234750179e+03,2.048616487005462659e+03,4.247509006191811750e+03,2.506556758314011859e+03
2.322000000000000000e+03,8.806245263073617025e+03,6.863354627470796004e+03,2.049068468226847017e+03,4.249460904677411236e+03,2.507715890169358318e+03
2.323000000000000000e+03,8.809732505974408923e+03,6.866391241700018327e+03,2.049495824347758116e+03,4.251399731968707783e+03,2.508836949657944388e+03
2.324000000000000000e+03,8.813158982967954216e+03,6.869287397518241050e+03,2.049898231050620780e+03,4.253332722174173796e+03,2.509928029743161005e+03
2.325000000000000000e+03,8.816574903644894221e+03,6.872192416434212646e+03,2.050290733569016083e+03,4.255246298984719033e+03,2.511037871091158195e+03
2.326000000000000000e+03,8.819996138046768465e+03,6.875177456005484601e+03,2.050673100112303018e+03,4.257179662864483362e+03,2.512143375069980721e+03
2.327000000000000000e+03,8.823428554610398351e+03,6.878219269082800565e+03,2.051061228154015225e+03,4.259122093304159534e+03,2.513245233152224046e+03
2.328000000000000000e+03,8.826813094075396293e+03,6.881280458345479929e+03,2.051435484520311093e+03,4.261071345652602758e+03,2.514306263902481987e+03
2.329000000000000000e+03,8.830229073107033400e+03,6.884442765128219435e+03,2.051812328809821793e+03,4.263048167229570026e+03,2.515368577067639762e+03
2.330000000000000000e+03,8.833617091042538959e+03,6.887609728982504748e+03,2.052161702148726818e+03,4.265032700801713872e+03,2.516422688092097815e+03
2.331000000000000000e+03,8.837069807263511393e+03,6.890846320431248387e+03,2.052534984877889201e+03,4.267040870146161978e+03,2.517493952239457485e+03
2.332000000000000000e+03,8.840603554013128814e+03,6.894144268219361038e+03,2.052921426242597136e+03,4.269078448186746755e+03,2.518603679583783560e+03
2.333000000000000000e+03,8.844189284604730346e+03,6.897466515590297604e+03,2.053326322345486005e+03,4.271129936604264003e+03,2.519733025654982157e+03
2.334000000000000000e+03,8.847753497308496662e+03,6.900758836338636684e+03,2.053691069123164198e+03,4.273187991354267069e+03,2.520874436831066305e+03
2.335000000000000000e+03,8.851294071649146645e+03,6.904049129553355669e+03,2.054041231073927520e+03,4.275229876189934657e+03,2.522022964385283103e+03
2.336000000000000000e+03,8.854821071161506552e+03,6.907332882833316944e+03,2.054387685762646470e+03,4.277241990583745064e+03,2.523191394815115927e+03
2.337000000000000000e+03,8.858358451931673699e+03,6.910621388359085358e+03,2.054738487059032195e+03,4.279219010150528447e+03,2.524400954722112147e+03
2.338000000000000000e+03,8.861873934033717887e+03,6.913836185322281381e+03,2.055107137040555244e+03,4.281166701810384438e+03,2.525600095182778205e+03
2.339000000000000000e+03,8.865352469996829313e+03,6.916936318365161242e+03,2.055488414101551825e+03,4.283119390976096838e+03,2.526744664919182014e+03
2.340000000000000000e+03,8.868829736259576748e+03,6.920015031229037959e+03,2.055873991917719195e+03,4.285131758566129065e+03,2.527823985775728033e+03
2.341000000000000000e+03,8.872307614499277406e+03,6.923188699426328640e+03,2.056229885405073674e+03,4.287162881079889303e+03,2.528914848014312611e+03
2.342000000000000000e+03,8.875834619438133814e+03,6.926373489633059762e+03,2.056585917616509505e+03,4.289221538364223306e+03,2.530027163457402821e+03
2.343000000000000000e+03,8.879387731298967992e+03,6.929506616364187721e+03,2.056964634020266203e+03,4.291264371366392879e+03,2.531158725912308000e+03
2.344000000000000000e+03,8.883021047083013400e+03,6.932649224536484326e+03,2.057379391050634695e+03,4.293316024444011418e+03,2.532325631588366377e+03
2.345000000000000000e+03,8.886759584008472302e+03,6.935873754132872818e+03,2.057820689888827019e+03,4.295398648175770177e+03,2.533540245943876471e+03
2.346000000000000000e+03,8.890545517431275584e+03,6.939130362091302231e+03,2.058288117042583508e+03,4.297491405278594357e+03,2.534765995110098629e+03
2.347000000000000000e+03,8.894303582265059958e+03,6.942440173639674867e+03,2.058775882908866606e+03,4.299564264524684404e+03,2.535963434831509858e+03
2.348000000000000000e+03,8.898067692995111429e+03,6.945829441356894677e+03,2.059237062796477858e+03,4.301677336762936648e+03,2.537153293435697378e+03
2.349000000000000000e+03,8.901816208474130690e+03,6.949267941373729627e+03,2.059679218140922785e+03,4.303795401775654682e+03,2.538341588557552313e+03
2.350000000000000000e+03,8.905543610605547656e+03,6.952743610804541277e+03,2.060129446166180514e+03,4.305901293038883523e+03,2.539512871400484983e+03
2.351000000000000000e+03,8.909246594132624523e+03,6.956235145371446379e+03,2.060570717470000091e+03,4.307998234110802514e+03,2.540677642551821009e+03
2.352000000000000000e+03,8.912979200897450937e+03,6.959795183849788373e+03,2.061016391979394939e+03,4.310120001097305249e+03,2.541842807820753023e+03
2.353000000000000000e+03,8.916752812632399582e+03,6.963331138149669641e+03,2.061428765112998462e+03,4.312278434236072826e+03,2.543045613283329658e+03
2.354000000000000000e+03,8.920584022574023038e+03,6.966809223903975180e+03,2.061823951288693024e+03,4.314487876646470795e+03,2.544272194638857854e+03
2.355000000000000000e+03,8.924338243226682607e+03,6.970264666840875179e+03,2.062179865838991645e+03,4.316671162422388079e+03,2.545487214965301064e+03
2.356000000000000000e+03,8.928041177960949426e+03,6.973718249853204725e+03,2.062518694212811624e+03,4.318836967464743793e+03,2.546685516283393554e+03
2.357000000000000000e+03,8.931713922061049743e+03,6.977163608673440649e+03,2.062841928152283799e+03,4.321005147727171789e+03,2.547866846181591882e+03
2.358000000000000000e+03,8.935319290004659706e+03,6.980555921476556250e+03,2.063119489690541741e+03,4.323191954660459487e+03,2.549007845653660752e+03
2.359000000000000000e+03,8.938917883552025160e+03,6.983829437692173997e+03,2.063394033391457469e+03,4.325383562001295104e+03,2.550140288159270312e+03
2.360000000000000000e+03,8.942579469414113191e+03,6.987099777365254340e+03,2.063727819996938706e+03,4.327555842375231805e+03,2.551295807041942226e+03
2.361000000000000000e+03,8.946362331813194032e+03,6.990482004728480206e+03,2.064105242132241528e+03,4.329741951403155326e+03,2.552515138277799451e+03
2.362000000000000000e+03,8.950257707324579314e+03,6.993932290933867989e+03,2.064471277548724174e+03,4.331952150482602519e+03,2.553834279293253530e+03
2.363000000000000000e+03,8.954191711885559926e+03,6.997375824111102702e+03,2.064856805650191291e+03,4.334156006250793325e+03,2.555178899984574400e+03
2.364000000000000000e+03,8.958042280131316147e+03,7.000810759407113437e+03,2.065220346982882802e+03,4.336281959177192221e+03,2.556539973971240215e+03
2.365000000000000000e+03,8.961888716212930376e+03,7.004356046217173571e+03,2.065587178659995516e+03,4.338375219809722694e+03,2.557926317743215350e+03
2.366000000000000000e+03,8.965693501431824188e+03,7.007928121932218346e+03,2.065925885538771581e+03,4.340479730015101268e+03,2.559287885877951794e+03
2.367000000000000000e+03,8.969497900606076655e+03,7.011475849054247192e+03,2.066261682725387800e+03,4.342592696326950318e+03,2.560643521553737173e+03
2.368000000000000000e+03,8.973274163008483811e+03,7.015031277000647606e+03,2.066595337084455423e+03,4.344682551252175472e+03,2.561996274671854735e+03
2.369000000000000000e+03,8.977069896884939226e+03,7.018628105600379968e+03,2.066932427720735177e+03,4.346764782764292249e+03,2.563372686399912254e+03
2.370000000000000000e+03,8.980924514230870045e+03,7.022263482595562891e+03,2.067307112163109650e+03,4.348848941683510930e+03,2.564768460384250375e+03
2.371000000000000000e+03,8.984808267502377930e+03,7.025908496759782793e+03,2.067671150795339145e+03,4.350992056798974772e+03,2.566145059908061739e+03
2.372000000000000000e+03,8.988726090368290897e+03,7.029639758725958927e+03,2.068014057180173950e+03,4.353190016131511584e+03,2.567522017056605819e+03
2.373000000000000000e+03,8.992697691152719926e+03,7.033481315793790600e+03,2.068382034412282337e+03,4.355391511852921212e+03,2.568924144887515467e+03
2.374000000000000000e+03,8.996657306244193023e+03,7.037339711942069698e+03,2.068740202047897128e+03,4.357575479287767848e+03,2.570341624908528502e+03
2.375000000000000000e+03,9.000572234876595758e+03,7.041167841489983402e+03,2.069064111304808648e+03,4.359750545459549357e+03,2.571757578112236843e+03
2.376000000000000000e+03,9.004473260907230724e+03,7.044933098682206946e+03,2.069358606759295526e+03,4.361941626668940444e+03,2.573173027478997028e+03
2.377000000000000000e+03,9.008421994696003821e+03,7.048646281397960593e+03,2.069665270279032939e+03,4.364158229830272830e+03,2.574598494586697598e+03
2.378000000000000000e+03,9.012405266451551142e+03,7.052322130675945118e+03,2.070024727543525387e+03,4.366374098826197951e+03,2.576006440081827805e+03
2.379000000000000000e+03,9.016381014869946739e+03,7.056001007009474961e+03,2.070420589989238124e+03,4.368554654616317748e+03,2.577405770264391322e+03
2.380000000000000000e+03,9.020372522543959349e+03,7.059762976081297893e+03,2.070850269945565742e+03,4.370726726624112416e+03,2.578795525974280281e+03
2.381000000000000000e+03,9.024359066706161684e+03,7.063595626163207271e+03,2.071261159265145579e+03,4.372905488419013636e+03,2.580192419022000649e+03
2.382000000000000000e+03,9.028374243167661916e+03,7.067503377330550393e+03,2.071702186975189761e+03,4.375075229528942145e+03,2.581596826663533193e+03
2.383000000000000000e+03,9.032477073046205987e+03,7.071443493706369736e+03,2.072155879929841376e+03,4.377291658878842100e+03,2.583029534237521148e+03
2.384000000000000000e+03,9.036617913355392375e+03,7.075378053551278754e+03,2.072588470160858378e+03,4.379562828589216224e+03,2.584466614605317773e+03
2.385000000000000000e+03,9.040788190031920749e+03,7.079292796683273991e+03,2.073009374706263316e+03,4.381879339565368355e+03,2.585899475760290898e+03
2.386000000000000000e+03,9.045004840747591516e+03,7.083230976530679072e+03,2.073429976103708668e+03,4.384250448439584943e+03,2.587324416204296085e+03
2.387000000000000000e+03,9.049198384690858802e+03,7.087197380193522804e+03,2.073816843470859567e+03,4.386644265402331257e+03,2.588737275817671616e+03
2.388000000000000000e+03,9.053445107963725604e+03,7.091226543997283443e+03,2.074219102042687155e+03,4.389060871475976455e+03,2.590165134445064723e+03
2.389000000000000000e+03,9.057707358904639477e+03,7.095271876044327655e+03,2.074641191041012007e+03,4.391459880426222298e+03,2.591606287437403807e+03
2.390000000000000000e+03,9.061979613757222978e+03,7.099310925800647965e+03,2.075080233367771143e+03,4.393857710704540295e+03,2.593041669684912449e+03
2.391000000000000000e+03,9.066219786009567542e+03,7.103289845029185017e+03,2.075493883164355793e+03,4.396275918107062353e+03,2.594449984738153034e+03
2.392000000000000000e+03,9.070495892714152433e+03,7.107246307008252188e+03,2.075886152326910178e+03,4.398757291433688806e+03,2.595852448953551630e+03
2.393000000000000000e+03,9.074806775665445457e+03,7.111169497126389615e+03,2.076280379577222448e+03,4.401252348406907913e+03,2.597274047681317825e+03
2.394000000000000000e+03,9.079113498245071241e+03,7.115050404158382662e+03,2.076688638103286394e+03,4.403742354885295754e+03,2.598682505256486820e+03
2.395000000000000000e+03,9.083407270136363877e+03,7.118887929282899677e+03,2.077097279044744482e+03,4.406216010669697425e+03,2.600093980421920151e+03
2.396000000000000000e+03,9.087588495025664088e+03,7.122613528362137004e+03,2.077459619880637547e+03,4.408639905644989994e+03,2.601488969500037456e+03
2.397000000000000000e+03,9.091708553473938082e+03,7.126271033089833509e+03,2.077772492326658721e+03,4.411041808015790593e+03,2.602894253131487858e+03
2.398000000000000000e+03,9.095821459620576206e+03,7.129894076483225035e+03,2.078083447980998244e+03,4.413450083653887305e+03,2.604287927985691113e+03
2.399000000000000000e+03,9.099969696432730416e+03,7.133566062225931091e+03,2.078422746859259860e+03,4.415859984914389315e+03,2.605686964659079422e+03
2.400000000000000000e+03,9.104189047559022583e+03,7.137277046598386733e+03,2.078802378722285994e+03,4.418291238845096814e+03,2.607095429991638866e+03
2.401000000000000000e+03,9.108406808951383937e+03,7.140936182257951259e+03,2.079231964592660006e+03,4.420700875661334976e+03,2.608473968697386681e+03
2.402000000000000000e+03,9.112627317563290489e+03,7.144592195021799853e+03,2.079662792838860241e+03,4.423147408611535866e+03,2.609817116112895292e+03
2.403000000000000000e+03,9.116825893088489465e+03,7.148237280288448346e+03,2.080044215358987913e+03,4.425595387020610360e+03,2.611186290708889828e+03
2.404000000000000000e+03,9.120987873641108308e+03,7.151903264940307963e+03,2.080370435178471780e+03,4.428023097026200048e+03,2.612594341436438299e+03
2.405000000000000000e+03,9.125053151488375079e+03,7.155572573034236484e+03,2.080661896505276218e+03,4.430382751483201901e+03,2.614008503499898779e+03
2.406000000000000000e+03,9.129046436368882496e+03,7.159205823921138290e+03,2.080961255497200909e+03,4.432703647043342244e+03,2.615381533828337979e+03
2.407000000000000000e+03,9.133083255389392434e+03,7.162845542886790099e+03,2.081274476341332957e+03,4.435034400029749122e+03,2.616774379018310356e+03
2.408000000000000000e+03,9.137177781955846513e+03,7.166463771140151948e+03,2.081613152563958010e+03,4.437361089610380077e+03,2.618203539781509789e+03
2.409000000000000000e+03,9.141281455607551834e+03,7.170063970130359849e+03,2.081979069013682874e+03,4.439650974575784858e+03,2.619651412018083647e+03
2.410000000000000000e+03,9.145411969489712646e+03,7.173665934009343800e+03,2.082351846536192170e+03,4.441958948400500049e+03,2.621101174553017700e+03
2.411000000000000000e+03,9.149560729110642569e+03,7.177267665613126155e+03,2.082749945894875964e+03,4.444265037939365357e+03,2.622545745276402158e+03
2.412000000000000000e+03,9.153705653172553866e+03,7.180876668361302109e+03,2.083170288306203020e+03,4.446576517754874658e+03,2.623958847111476643e+03
2.413000000000000000e+03,9.157843708087246341e+03,7.184448067005638222e+03,2.083589361712782647e+03,4.448886357385539668e+03,2.625367988988922662e+03
2.414000000000000000e+03,9.161961139358418222e+03,7.188060169813493303e+03,2.083984371969098902e+03,4.451201418816521254e+03,2.626775348572799885e+03
2.415000000000000000e+03,9.166062236751498858e+03,7.191702904642717840e+03,2.084354740641999342e+03,4.453492206682240976e+03,2.628215289427260814e+03
2.416000000000000000e+03,9.170111211550460212e+03,7.195386934100635699e+03,2.084716193145045509e+03,4.455759566466980687e+03,2.629635451938432652e+03
2.417000000000000000e+03,9.174079805788540398e+03,7.199026893392348939e+03,2.085041100215179540e+03,4.458015265029110196e+03,2.631023440544251116e+03
2.418000000000000000e+03,9.177980296174380783e+03,7.202599680868086580e+03,2.085354710756734221e+03,4.460237386073893504e+03,2.632388199343751694e+03
2.419000000000000000e+03,9.181919167454556373e+03,7.206206769231846010e+03,2.085643427759730457e+03,4.462481126161511384e+03,2.633794613533316351e+03
2.420000000000000000e+03,9.185865501471558673e+03,7.209802888721700583e+03,2.085940001157315237e+03,4.464713767780582202e+03,2.635211732533660779e+03
2.421000000000000000e+03,9.189767211963411683e+03,7.213374789743900692e+03,2.086218050753641364e+03,4.466902546662554414e+03,2.636646614547215449e+03
2.422000000000000000e+03,9.193709979774979729e+03,7.216892599691474061e+03,2.086495220303416318e+03,4.469120399676389752e+03,2.638094359795172295e+03
2.423000000000000000e+03,9.197606182858660759e+03,7.220383317594317305e+03,2.086770052540913184e+03,4.471333169634131991e+03,2.639502960683616948e+03
2.424000000000000000e+03,9.201515819761762032e+03,7.223890387812028166e+03,2.087056943222292830e+03,4.473553185148850389e+03,2.640905691390619722e+03
2.425000000000000000e+03,9.205419096102652475e+03,7.227405480664731840e+03,2.087358931271576694e+03,4.475773392499214424e+03,2.642286772331863176e+03
2.426000000000000000e+03,9.209383981115473944e+03,7.230922193451965541e+03,2.087691461028467074e+03,4.478014953110581700e+03,2.643677566976426533e+03
2.427000000000000000e+03,9.213390548071040030e+03,7.234473587151543143e+03,2.088042040243785323e+03,4.480269318539986671e+03,2.645079189287268491e+03
2.428000000000000000e+03,9.217413051106570492e+03,7.238054569303006247e+03,2.088381213463429049e+03,4.482551759332341135e+03,2.646480078310800764e+03
2.429000000000000000e+03,9.221475248168710095e+03,7.241682940596624576e+03,2.088727698172567216e+03,4.484888769526706710e+03,2.647858780469437079e+03
2.430000000000000000e+03,9.225524074988717985e+03,7.245290467816647833e+03,2.089084132495804170e+03,4.487262124102677262e+03,2.649177818390237462e+03
2.431000000000000000e+03,9.229556428449654049e+03,7.248956822881462358e+03,2.089404935799333543e+03,4.489626590764669345e+03,2.650524901885650252e+03
2.432000000000000000e+03,9.233604386102888384e+03,7.252643072363977808e+03,2.089693951571108300e+03,4.491996055584866554e+03,2.651914378946912620e+03
2.433000000000000000e+03,9.237666282104086349e+03,7.256321531057270477e+03,2.089997064187803062e+03,4.494385945662444101e+03,2.653283272253841005e+03
2.434000000000000000e+03,9.241667229807160766e+03,7.260007973505929840e+03,2.090295776283874147e+03,4.496776141744243432e+03,2.654595311779045005e+03
2.435000000000000000e+03,9.245649282904087158e+03,7.263681354434045716e+03,2.090595817318201625e+03,4.499194266953050828e+03,2.655859198632835614e+03
2.436000000000000000e+03,9.249600758768418018e+03,7.267274769261961410e+03,2.090848173183983363e+03,4.501611963503231891e+03,2.657140622081200490e+03
2.437000000000000000e+03,9.253504429291095221e+03,7.270849283860238756e+03,2.091097917256751316e+03,4.503982571549338900e+03,2.658423940485004096e+03
2.438000000000000000e+03,9.257364244873133430e+03,7.274297040869535522e+03,2.091346153558563856e+03,4.506298657406227903e+03,2.659719433908340761e+03
2.439000000000000000e+03,9.261201064173446866e+03,7.277665961466579574e+03,2.091604679553023288e+03,4.508572526416648543e+03,2.661023858203774125e+03
2.440000000000000000e+03,9.265024566281757870e+03,7.281003628445397226e+03,2.091843693882544358e+03,4.510845826404002764e+03,2.662335045995212568e+03
2.441000000000000000e+03,9.268832438497913245e+03,7.284342096299653349e+03,2.092099551122034427e+03,4.513112786041789150e+03,2.663620101334087849e+03
2.442000000000000000e+03,9.272611151959161361e+03,7.287647029459358237e+03,2.092382573519466860e+03,4.515367112836034721e+03,2.664861465603659781e+03
2.443000000000000000e+03,9.276316561207340783e+03,7.290928361876911367e+03,2.092693258728401361e+03,4.517568665942670123e+03,2.666054636536271119e+03
2.444000000000000000e+03,9.279979378468719005e+03,7.294227284265323760e+03,2.092961166293230235e+03,4.519733554850655310e+03,2.667284657324836189e+03
2.445000000000000000e+03,9.283589546816345319e+03,7.297432795388135673e+03,2.093157956014994852e+03,4.521905579458351895e+03,2.668526011342996753e+03
2.446000000000000000e+03,9.287237784476568777e+03,7.300738427068709825e+03,2.093306094777514772e+03,4.524136763770200560e+03,2.669794925928852535e+03
2.447000000000000000e+03,9.291009129346568443e+03,7.304062326806267265e+03,2.093479491097744358e+03,4.526385445629504829e+03,2.671144192619317437e+03
2.448000000000000000e+03,9.294865745318256813e+03,7.307346903026279506e+03,2.093699599417107038e+03,4.528659101541752534e+03,2.672507044359399060e+03
2.449000000000000000e+03,9.298747348647228137e+03,7.310598305238716421e+03,2.093940429101479822e+03,4.530951298416971440e+03,2.673855621128777784e+03
2.450000000000000000e+03,9.302591262996438672e+03,7.313782969704019706e+03,2.094160969276526430e+03,4.533259438389135539e+03,2.675170855330773520e+03
2.451000000000000000e+03,9.306387083813428035e+03,7.316949506391722934e+03,2.094381576239838978e+03,4.535561385056449581e+03,2.676444122517138567e+03
2.452000000000000000e+03,9.310188344379086629e+03,7.320179439190702396e+03,2.094619279772461596e+03,4.537874331699205868e+03,2.677694732907418711e+03
2.453000000000000000e+03,9.314087780538658990e+03,7.323531023725275190e+03,2.094880612396148081e+03,4.540231332203723468e+03,2.678975835938785622e+03
2.454000000000000000e+03,9.318083816922235201e+03,7.326980111330267391e+03,2.095185925826471248e+03,4.542616309695413293e+03,2.680281581400350660e+03
2.455000000000000000e+03,9.322054804658251669e+03,7.330396758889214652e+03,2.095501704614331175e+03,4.545000512754614647e+03,2.681552587289306302e+03
2.456000000000000000e+03,9.326011787312661909e+03,7.333839000787018449e+03,2.095810602091115470e+03,4.547410157865690962e+03,2.682791027355854567e+03
2.457000000000000000e+03,9.330035056647306192e+03,7.337354644373174779e+03,2.096141617372561086e+03,4.549857917291446938e+03,2.684035521983299077e+03
2.458000000000000000e+03,9.333998140452025837e+03,7.340816529982527754e+03,2.096428765364220453e+03,4.552306932732270980e+03,2.685262442355533494e+03
2.459000000000000000e+03,9.337911005688954901e+03,7.344265737186740807e+03,2.096714872630631817e+03,4.554736534866018701e+03,2.686459598192306657e+03
2.460000000000000000e+03,9.341822121611836337e+03,7.347753907674885340e+03,2.096995583982516109e+03,4.557201141867949445e+03,2.687625395761368964e+03
2.461000000000000000e+03,9.345747401142363742e+03,7.351289990736539039e+03,2.097293949496997357e+03,4.559694404085056703e+03,2.688759047560309227e+03
2.462000000000000000e+03,9.349635051572498924e+03,7.354867006528288584e+03,2.097586859309237298e+03,4.562197808159111446e+03,2.689850384104149725e+03
2.463000000000000000e+03,9.353513769510233033e+03,7.358471680677766017e+03,2.097846699459160845e+03,4.564736002735465263e+03,2.690931067315606015e+03
2.464000000000000000e+03,9.357426967976736705e+03,7.362159640676149138e+03,2.098133380671015857e+03,4.567266290352717988e+03,2.692027296953005589e+03
2.465000000000000000e+03,9.361296143223647960e+03,7.365843379449812346e+03,2.098406944624615790e+03,4.569771035037886577e+03,2.693118163561145593e+03
2.466000000000000000e+03,9.365194798585620447e+03,7.369537305350263523e+03,2.098701620064087820e+03,4.572288844053219691e+03,2.694204334468312481e+03
2.467000000000000000e+03,9.369204061620319408e+03,7.373320921682931839e+03,2.099062693094412225e+03,4.574829972906690273e+03,2.695311395619218274e+03
2.468000000000000000e+03,9.373247429335451670e+03,7.377117543920164280e+03,2.099460452349196203e+03,4.577346685808386610e+03,2.696440291177865674e+03
2.469000000000000000e+03,9.377309938710488495e+03,7.380888682749493455e+03,2.099858031828744970e+03,4.579856828823335491e+03,2.697595078058407580e+03
2.470000000000000000e+03,9.381357533254091322e+03,7.384656032866509122e+03,2.100232694906725555e+03,4.582417601324163115e+03,2.698707237023202651e+03
2.471000000000000000e+03,9.385385603911117869e+03,7.388388792287574688e+03,2.100598662497995065e+03,4.585005131099710525e+03,2.699781810313410915e+03
2.472000000000000000e+03,9.389410297360185723e+03,7.392134174183121104e+03,2.101001593469652562e+03,4.587580119828826355e+03,2.700828584061707261e+03
2.473000000000000000e+03,9.393359318544204143e+03,7.395887299529374104e+03,2.101412812516285157e+03,4.590090010407197042e+03,2.701856495620722399e+03
2.474000000000000000e+03,9.397303978565872967e+03,7.399650534577529470e+03,2.101814249967736941e+03,4.592568799314998614e+03,2.702920929283141504e+03
2.475000000000000000e+03,9.401415371489385507e+03,7.403438186322046931e+03,2.102259999667208831e+03,4.595091704967375335e+03,2.704063666854799976e+03
2.476000000000000000e+03,9.405582731240718203e+03,7.407204375736214388e+03,2.102718828963349551e+03,4.597608614522911921e+03,2.705255287754455367e+03
2.477000000000000000e+03,9.409731931809048547e+03,7.410929103052812934e+03,2.103154966294200221e+03,4.600122124704045746e+03,2.706454840810803034e+03
2.478000000000000000e+03,9.413802804212211413e+03,7.414620683935611851e+03,2.103576915243775602e+03,4.602628294887840639e+03,2.707597594080594263e+03
2.479000000000000000e+03,9.417881350213352562e+03,7.418247023027609430e+03,2.103989773464124482e+03,4.605139432313795623e+03,2.708752144435430637e+03
2.480000000000000000e+03,9.421923689509994801e+03,7.421789675870167230e+03,2.104401690279993545e+03,4.607620984815255724e+03,2.709901014414746442e+03
2.481000000000000000e+03,9.425962021004737835e+03,7.425312655843071298e+03,2.104842917060007494e+03,4.610062884254921300e+03,2.711056219689805857e+03
2.482000000000000000e+03,9.430034306296774957e+03,7.428912520604176279e+03,2.105314080641394867e+03,4.612512699432349109e+03,2.712207526223032346e+03
2.483000000000000000e+03,9.434173163859517445e+03,7.432625355880045390e+03,2.105803939729065860e+03,4.614980774965497403e+03,2.713388449164952362e+03
2.484000000000000000e+03,9.438348782415409005e+03,7.436333037880548545e+03,2.106315279172888950e+03,4.617452185204401758e+03,2.714581318038116478e+03
2.485000000000000000e+03,9.442563028666767423e+03,7.440097190744198997e+03,2.106878143052958876e+03,4.619942427264229991e+03,2.715742458349578555e+03
2.486000000000000000e+03,9.446686377833850202e+03,7.443774918893375798e+03,2.107419597403706575e+03,4.622387163674365183e+03,2.716879616755777079e+03
2.487000000000000000e+03,9.450736945525626652e+03,7.447375905011763280e+03,2.107911358602643304e+03,4.624787223571731374e+03,2.718038363351252428e+03
2.488000000000000000e+03,9.454760379824163465e+03,7.450996759877947625e+03,2.108348909583009117e+03,4.627219733346118119e+03,2.719191736895035319e+03
2.489000000000000000e+03,9.458821510563026095e+03,7.454722538613725192e+03,2.108790722174708208e+03,4.629668366765663450e+03,2.720362421622655347e+03
2.490000000000000000e+03,9.462957949990019188e+03,7.458493096672732463e+03,2.109276525776710514e+03,4.632110700043213001e+03,2.721570724170097037e+03
2.491000000000000000e+03,9.467147147687681354e+03,7.462300725467788652e+03,2.109776038523156330e+03,4.634581980323162497e+03,2.722789128841363890e+03
2.492000000000000000e+03,9.471392875756690046e+03,7.466159984398302186e+03,2.110304859072330601e+03,4.637066826815659624e+03,2.724021189868701640e+03
2.493000000000000000e+03,9.475619018354420405e+03,7.469997249658002147e+03,2.110805064120343559e+03,4.639552989857945249e+03,2.725260964376132961e+03
2.494000000000000000e+03,9.479800513683381723e+03,7.473784688927618845e+03,2.111256224819323961e+03,4.642048604715484544e+03,2.726495684148570035e+03
2.495000000000000000e+03,9.483920010838664894e+03,7.477536948094161744e+03,2.111700855925616452e+03,4.644505056302706180e+03,2.727714098610345445e+03
2.496000000000000000e+03,9.487944204355504553e+03,7.481190083681050055e+03,2.112138564205890361e+03,4.646870757387447156e+03,2.728934882762168854e+03
2.497000000000000000e+03,9.491990469901489632e+03,7.484914258252402760e+03,2.112580894991121113e+03,4.649237855759357444e+03,2.730171719151007892e+03
2.498000000000000000e+03,9.496009512615379208e+03,7.488628234713200072e+03,2.112996178383635197e+03,4.651612393459212399e+03,2.731400940772530248e+03
2.499000000000000000e+03,9.499988259315450705e+03,7.492295069762956700e+03,2.113387357294725916e+03,4.653989515137922353e+03,2.732611386882803345e+03
2.500000000000000000e+03,9.503919207680433829e+03,7.495960842838198914e+03,2.113773432502551714e+03,4.656379238595190145e+03,2.733766536582690151e+03
2.501000000000000000e+03,9.507888484753953890e+03,7.499672484880995398e+03,2.114165396740489996e+03,4.658802235128334360e+03,2.734920852885127715e+03
2.502000000000000000e+03,9.511888060973424217e+03,7.503332260360994042e+03,2.114575253204128785e+03,4.661236075956132481e+03,2.736076731813163406e+03
2.503000000000000000e+03,9.515894468566462820e+03,7.506986418929555839e+03,2.114979956545524146e+03,4.663660877758647985e+03,2.737253634262290689e+03
2.504000000000000000e+03,9.519940794870712125e+03,7.510711712126101702e+03,2.115362060078098693e+03,4.666099905750163998e+03,2.738478829042446705e+03
2.505000000000000000e+03,9.523995129800940049e+03,7.514495113179665168e+03,2.115765674861729622e+03,4.668527083033584859e+03,2.739702371905627388e+03
2.506000000000000000e+03,9.528074028113283930e+03,7.518292928416600262e+03,2.116187297402597324e+03,4.670994289237095472e+03,2.740892441473593408e+03
2.507000000000000000e+03,9.532059132144368050e+03,7.521999503157407162e+03,2.116604373715708789e+03,4.673367360432444912e+03,2.742087397996213440e+03
2.508000000000000000e+03,9.535978166020091521e+03,7.525588616439301404e+03,2.117001211231153320e+03,4.675703338348735087e+03,2.743273616440203568e+03
2.509000000000000000e+03,9.539898929122191475e+03,7.529185717387179466e+03,2.117399705854361855e+03,4.678060170061196914e+03,2.744439053206631797e+03
2.510000000000000000e+03,9.543821775607106247e+03,7.532785898164887840e+03,2.117801446532796945e+03,4.680436532283925771e+03,2.745583796790384440e+03
2.511000000000000000e+03,9.547792773514162036e+03,7.536399182238016692e+03,2.118212692491985763e+03,4.682840140787833661e+03,2.746739940234342612e+03
2.512000000000000000e+03,9.551834241632604972e+03,7.540067169375138292e+03,2.118680117198257449e+03,4.685249465559175405e+03,2.747904658875169844e+03
2.513000000000000000e+03,9.555918270955120533e+03,7.543848300203921099e+03,2.119133194902874948e+03,4.687647909011773663e+03,2.749137167040471013e+03
2.514000000000000000e+03,9.559981108558797132e+03,7.547704185121905539e+03,2.119519724276601664e+03,4.690053644883252673e+03,2.750407739398943704e+03
2.515000000000000000e+03,9.563979976065911615e+03,7.551501280182264964e+03,2.119857383280309477e+03,4.692435933839949939e+03,2.751686658945653562e+03
2.516000000000000000e+03,9.567970444441965810e+03,7.555182629988864392e+03,2.120194549784483570e+03,4.694802882279046571e+03,2.752973012378434305e+03
2.517000000000000000e+03,9.572033600683320401e+03,7.558898965666886397e+03,2.120611969989755835e+03,4.697188608994789320e+03,2.754233021698772973e+03
2.518000000000000000e+03,9.576134058703577466e+03,7.562604599362315639e+03,2.121070993773671034e+03,4.699600229430553554e+03,2.755462835499355151e+03
2.519000000000000000e+03,9.580232337318589998e+03,7.566358695907097172e+03,2.121549964753074619e+03,4.701992811923912086e+03,2.756689560641603293e+03
2.520000000000000000e+03,9.584346480259573582e+03,7.570166578387828849e+03,2.122072742175467283e+03,4.704406670668892730e+03,2.757867067415215388e+03
2.521000000000000000e+03,9.588541257363111072e+03,7.574016200098803893e+03,2.122620584703759960e+03,4.706851339682021717e+03,2.759069332977329395e+03
2.522000000000000000e+03,9.592782277063854053e+03,7.577964964541616609e+03,2.123141881031102002e+03,4.709301338608645892e+03,2.760339057424105249e+03
2.523000000000000000e+03,9.597024654906561409e+03,7.581918352816929655e+03,2.123661421824484023e+03,4.711702454075328205e+03,2.761660779006749181e+03
2.524000000000000000e+03,9.601187174902797778e+03,7.585775819082183261e+03,2.124178935609649670e+03,4.714010217672402177e+03,2.762998021620747295e+03
2.525000000000000000e+03,9.605238255245942128e+03,7.589616555183525634e+03,2.124676748118918567e+03,4.716256220524225682e+03,2.764305286602798333e+03
2.526000000000000000e+03,9.609217947900539002e+03,7.593530817005993413e+03,2.125175445911892893e+03,4.718470937209735894e+03,2.765571564778910670e+03
2.527000000000000000e+03,9.613181762702992273e+03,7.597444348919010736e+03,2.125666309360921787e+03,4.720715303208047771e+03,2.766800150134022260e+03
2.528000000000000000e+03,9.617167961522869518e+03,7.601323266808823973e+03,2.126171702367547368e+03,4.722953353130433243e+03,2.768042906024888453e+03
2.529000000000000000e+03,9.621071775481363147e+03,7.605080481334845899e+03,2.126679143769489656e+03,4.725116114485887920e+03,2.769276517225986936e+03
2.530000000000000000e+03,9.624874407532643090e+03,7.608702966746992388e+03,2.127175041471004533e+03,4.727185260197949901e+03,2.770514105863688201e+03
2.531000000000000000e+03,9.628593798699550462e+03,7.612177483863702946e+03,2.127680888236066494e+03,4.729177743627800737e+03,2.771735166835683685e+03
2.532000000000000000e+03,9.632340260963692344e+03,7.615627254235444525e+03,2.128180867864811262e+03,4.731196237371755160e+03,2.772963155727125013e+03
2.533000000000000000e+03,9.636123274085015510e+03,7.619063350584312502e+03,2.128698268511896913e+03,4.733239631150532659e+03,2.774185374422587756e+03
2.534000000000000000e+03,9.639854190828273204e+03,7.622392559408661327e+03,2.129209042012731516e+03,4.735269211849286876e+03,2.775375936966253448e+03
2.535000000000000000e+03,9.643507046596158034e+03,7.625652713551171473e+03,2.129697917752337162e+03,4.737273805139362594e+03,2.776535323704458733e+03
2.536000000000000000e+03,9.647218168067094666e+03,7.628868597519493051e+03,2.130167937954299759e+03,4.739325764116037135e+03,2.777724465996754589e+03
2.537000000000000000e+03,9.650995329452436636e+03,7.632101357658519191e+03,2.130649944433312157e+03,4.741438673703752102e+03,2.778906711315373286e+03
2.538000000000000000e+03,9.654851356386774569e+03,7.635381803447255152e+03,2.131183099287291043e+03,4.743576928352291361e+03,2.780091328747191255e+03
2.539000000000000000e+03,9.658720566192190745e+03,7.638674665156559058e+03,2.131736425734432487e+03,4.745746920490557386e+03,2.781237219967203146e+03
2.540000000000000000e+03,9.662600295894100782e+03,7.642031603738940248e+03,2.132295521160164753e+03,4.747929991554310618e+03,2.782374783179625865e+03
2.541000000000000000e+03,9.666483176887986701e+03,7.645445766748031929e+03,2.132823658392686866e+03,4.750136633449112196e+03,2.783522885046188549e+03
2.542000000000000000e+03,9.670429558130335863e+03,7.648890120563112760e+03,2.133366139017404748e+03,4.752377436279229187e+03,2.784685982833702838e+03
2.543000000000000000e+03,9.674451937550209550e+03,7.652366733261296758e+03,2.133964661446659647e+03,4.754641761236230195e+03,2.785845514867320162e+03
2.544000000000000000e+03,9.678490952573074537e+03,7.655916172865820954e+03,2.134568660608445953e+03,4.756913262501559075e+03,2.787009029463070419e+03
2.545000000000000000e+03,9.682561494485729781e+03,7.659533064045076571e+03,2.135131705001153477e+03,4.759185969853953793e+03,2.788243819630622511e+03
2.546000000000000000e+03,9.686603099790310807e+03,7.663191204001816914e+03,2.135674143220985570e+03,4.761424116611642603e+03,2.789504839957683089e+03
2.547000000000000000e+03,9.690572205969398055e+03,7.666804195302832341e+03,2.136227084820609434e+03,4.763612583071799236e+03,2.790732538076989385e+03
2.548000000000000000e+03,9.694564194332366242e+03,7.670503657105624370e+03,2.136751562128407841e+03,4.765871156500797042e+03,2.791941475703159995e+03
2.549000000000000000e+03,9.698581445273142890e+03,7.674321369290210896e+03,2.137233649629723459e+03,4.768142178623856125e+03,2.793205617019563306e+03
2.550000000000000000e+03,9.702560507256832352e+03,7.678207664973965620e+03,2.137671192064889965e+03,4.770361865134615982e+03,2.794527450057328224e+03
2.551000000000000000e+03,9.706420771734870868e+03,7.682035001147148250e+03,2.138098596641598760e+03,4.772500196380578018e+03,2.795821978712696364e+03
2.552000000000000000e+03,9.710227874722742854e+03,7.685729165735333481e+03,2.138536769397245280e+03,4.774621751412058074e+03,2.797069353913439954e+03
2.553000000000000000e+03,9.714097194725307418e+03,7.689400177831293149e+03,2.138977933551175283e+03,4.776744469857318109e+03,2.798374791316814935e+03
2.554000000000000000e+03,9.717973655509187665e+03,7.693059493655087863e+03,2.139440513432478838e+03,4.778847865827575333e+03,2.799685276249132130e+03
2.555000000000000000e+03,9.721711882294679526e+03,7.696629337842653513e+03,2.139847919515443664e+03,4.780888285753959281e+03,2.800975677025277037e+03
2.556000000000000000e+03,9.725380698275612303e+03,7.700181610751316839e+03,2.140244735812809722e+03,4.782878437087474595e+03,2.802257525375326622e+03
2.557000000000000000e+03,9.728997309908834723e+03,7.703740425552817214e+03,2.140658027320389465e+03,4.784850571104076153e+03,2.803488711484369105e+03
2.558000000000000000e+03,9.732676606370132504e+03,7.707270786238363144e+03,2.141101720939747793e+03,4.786817349137369092e+03,2.804757536293013345e+03
2.559000000000000000e+03,9.736405231112899855e+03,7.710767527759709083e+03,2.141566193998130984e+03,4.788839442492759190e+03,2.805999594622008772e+03
2.560000000000000000e+03,9.740146344485056034e+03,7.714259926054546668e+03,2.142053387473313705e+03,4.790854019045476889e+03,2.807238937966263620e+03
2.561000000000000000e+03,9.743825432931555042e+03,7.717718911504932294e+03,2.142568579760549710e+03,4.792790364822956690e+03,2.808466488348048642e+03
2.562000000000000000e+03,9.747458487767451516e+03,7.721102078409603564e+03,2.143111198597201110e+03,4.794729444533717469e+03,2.809617844636533391e+03
2.563000000000000000e+03,9.751134812223401241e+03,7.724484068333157666e+03,2.143688366539931849e+03,4.796713191865646877e+03,2.810733253817821605e+03
2.564000000000000000e+03,9.754817703293949307e+03,7.727863517046183915e+03,2.144249419776950617e+03,4.798726310228646071e+03,2.811841973288352619e+03
2.565000000000000000e+03,9.758500905073649847e+03,7.731237752284918315e+03,2.144795226692747747e+03,4.800752133891341145e+03,2.812953544489561409e+03
2.566000000000000000e+03,9.762017110939403210e+03,7.734514211781511221e+03,2.145301853966128874e+03,4.802770367661434648e+03,2.813944889311839688e+03
2.567000000000000000e+03,9.765493821422549445e+03,7.737767467074214437e+03,2.145821187324350831e+03,4.804809120146516761e+03,2.814863513951679124e+03
2.568000000000000000e+03,9.768941167328395750e+03,7.741061073112382473e+03,2.146337937498334668e+03,4.806824762784007362e+03,2.815778467046056903e+03
2.569000000000000000e+03,9.772421563163947212e+03,7.744405141226069645e+03,2.146881529979440074e+03,4.808797641997086430e+03,2.816742391187420253e+03
2.570000000000000000e+03,9.775851360796299559e+03,7.747671895317867893e+03,2.147370664555398434e+03,4.810756234691878490e+03,2.817724461549020816e+03
2.571000000000000000e+03,9.779241631220327690e+03,7.750850488680037415e+03,2.147824628225375818e+03,4.812731434129747868e+03,2.818685568865205369e+03
2.572000000000000000e+03,9.782627660054817170e+03,7.754041610781092459e+03,2.148263562993058713e+03,4.814744045686964455e+03,2.819620051374794002e+03
2.573000000000000000e+03,9.786013189418521506e+03,7.757264761981695301e+03,2.148736833014533659e+03,4.816757239450050292e+03,2.820519116953936646e+03
2.574000000000000000e+03,9.789465339089230838e+03,7.760478822266100906e+03,2.149224656391567805e+03,4.818835714434196234e+03,2.821404968263469527e+03
2.575000000000000000e+03,9.792843636104506004e+03,7.763696939343676604e+03,2.149706547627149121e+03,4.820877182171614550e+03,2.822259906305741424e+03
2.576000000000000000e+03,9.796096475567446760e+03,7.766900503076110908e+03,2.150174941762412800e+03,4.822864443664289865e+03,2.823057090140743639e+03
2.577000000000000000e+03,9.799219278169191966e+03,7.770022710339717378e+03,2.150584099372227683e+03,4.824813408874383640e+03,2.823821769922579733e+03
2.578000000000000000e+03,9.802333822582400899e+03,7.773195033956875704e+03,2.151010244514361148e+03,4.826756585951412490e+03,2.824566992116628626e+03
2.579000000000000000e+03,9.805522571708515898e+03,7.776437114025970004e+03,2.151486679585992079e+03,4.828711669051648641e+03,2.825324223070874723e+03
2.580000000000000000e+03,9.808774652837195390e+03,7.779690933067128753e+03,2.151995015226764735e+03,4.830649488923381796e+03,2.826130148687049768e+03
2.581000000000000000e+03,9.812128701396395627e+03,7.782938869259382045e+03,2.152523547806092211e+03,4.832645133289822297e+03,2.826960020300482483e+03
2.582000000000000000e+03,9.815583370870488579e+03,7.786192124733165656e+03,2.153065878657244411e+03,4.834702950185687769e+03,2.827814542027555035e+03
2.583000000000000000e+03,9.818992754541937757e+03,7.789411973521780965e+03,2.153577443250158012e+03,4.836763483703924976e+03,2.828651827587854314e+03
2.584000000000000000e+03,9.822328469879346812e+03,7.792561280165361495e+03,2.154075842357628972e+03,4.838801562830219154e+03,2.829451064691497322e+03
2.585000000000000000e+03,9.825598223743649214e+03,7.795667234224550157e+03,2.154588405574721946e+03,4.840828269555606312e+03,2.830181548613318228e+03
2.586000000000000000e+03,9.828880516844090380e+03,7.798813143480755571e+03,2.155140618912877471e+03,4.842831341381492166e+03,2.830908556549720743e+03
2.587000000000000000e+03,9.832170649052219233e+03,7.802036778952397981e+03,2.155679873575354577e+03,4.844865383353098878e+03,2.831625392123764868e+03
2.588000000000000000e+03,9.835429613787442577e+03,7.805313412853521186e+03,2.156211299624141247e+03,4.846880184777525756e+03,2.832338129385776483e+03
2.589000000000000000e+03,9.838711237890425764e+03,7.808651223955515889e+03,2.156706325174532139e+03,4.848914854894474956e+03,2.833090057821419123e+03
2.590000000000000000e+03,9.841935321325252517e+03,7.811946020220825631e+03,2.157158255899607411e+03,4.850942346004414503e+03,2.833834719421231512e+03
2.591000000000000000e+03,9.845063892799886162e+03,7.815158439191047364e+03,2.157604593912911696e+03,4.852942525323906921e+03,2.834516773563066636e+03
2.592000000000000000e+03,9.848110181829597423e+03,7.818311203164319522e+03,2.158037809579743225e+03,4.854914314942890087e+03,2.835158057306965929e+03
2.593000000000000000e+03,9.851074062397467060e+03,7.821346049550855241e+03,2.158413899375611436e+03,4.856892768686890122e+03,2.835767394334965502e+03
2.594000000000000000e+03,9.854030800377355263e+03,7.824332715882896082e+03,2.158757813713275027e+03,4.858893357949625170e+03,2.836379628714453247e+03
2.595000000000000000e+03,9.856933311197866715e+03,7.827346764708159753e+03,2.159072786076139437e+03,4.860870601671705117e+03,2.836989923450021706e+03
2.596000000000000000e+03,9.859803791874694070e+03,7.830412620347639859e+03,2.159359589119452721e+03,4.862885345163055717e+03,2.837558857592185177e+03
2.597000000000000000e+03,9.862604707994536511e+03,7.833468755826497727e+03,2.159647670220795590e+03,4.864884535653509374e+03,2.838072502120232457e+03
2.598000000000000000e+03,9.865320304669385223e+03,7.836542336402495494e+03,2.159933323494764409e+03,4.866889574915103367e+03,2.838497406259518357e+03
2.599000000000000000e+03,9.868017059689547750e+03,7.839535404916667176e+03,2.160223854846050926e+03,4.868879426531854733e+03,2.838913778311639362e+03
2.600000000000000000e+03,9.870665558319869888e+03,7.842476550670743563e+03,2.160492082001384915e+03,4.870847832860966264e+03,2.839325643457518709e+03
2.601000000000000000e+03,9.873329578531913285e+03,7.845467855398956090e+03,2.160756190004111886e+03,4.872834881602071619e+03,2.839738506925729780e+03
2.602000000000000000e+03,9.876021062252646516e+03,7.848460951616900275e+03,2.161071749622321931e+03,4.874807887430256415e+03,2.840141425200069079e+03
2.603000000000000000e+03,9.878657521634977456e+03,7.851397684486609251e+03,2.161388833030073329e+03,4.876745450789733695e+03,2.840523237815170432e+03
2.604000000000000000e+03,9.881289964266328752e+03,7.854275243466308893e+03,2.161707637893960509e+03,4.878719334616048400e+03,2.840862991756320298e+03
2.605000000000000000e+03,9.883922006936434627e+03,7.857116115277743120e+03,2.161991287374921285e+03,4.880685672019459162e+03,2.841245047542054181e+03
2.606000000000000000e+03,9.886492299818512038e+03,7.859903412335590474e+03,2.162246753987825741e+03,4.882589798415983751e+03,2.841655747414701182e+03
2.607000000000000000e+03,9.889051112931461830e+03,7.862688548322199495e+03,2.162529934022834823e+03,4.884485291216903533e+03,2.842035887691724383e+03
2.608000000000000000e+03,9.891638765972074907e+03,7.865444458370177017e+03,2.162839353164735257e+03,4.886365992909495617e+03,2.842433419897846761e+03
2.609000000000000000e+03,9.894281001321131043e+03,7.868166469704684459e+03,2.163159407627838846e+03,4.888203597622607958e+03,2.842917996070682875e+03
2.610000000000000000e+03,9.896943541350581654e+03,7.870898879278502136e+03,2.163471811160316975e+03,4.890017513012938252e+03,2.843454217177329156e+03
2.611000000000000000e+03,9.899684193899545789e+03,7.873642099584157222e+03,2.163811960057634678e+03,4.891869340425347218e+03,2.844002893416565257e+03
2.612000000000000000e+03,9.902481602138748713e+03,7.876416717247607266e+03,2.164135602274065150e+03,4.893787901855917880e+03,2.844558098008762045e+03
2.613000000000000000e+03,9.905346354396966490e+03,7.879254804755611076e+03,2.164487654209287484e+03,4.895751817489273890e+03,2.845106882698406025e+03
2.614000000000000000e+03,9.908210314967651357e+03,7.882108217728265117e+03,2.164811197506809549e+03,4.897758809979959551e+03,2.845640307480882257e+03
2.615000000000000000e+03,9.911073988432002807e+03,7.884938484326261460e+03,2.165138330304290776e+03,4.899783362736136951e+03,2.846152295391575080e+03
2.616000000000000000e+03,9.913898377864074064e+03,7.887726969961309806e+03,2.165475717935031753e+03,4.901762578120824401e+03,2.846660081808219275e+03
2.617000000000000000e+03,9.916843683222361506e+03,7.890552493543091259e+03,2.165853012777756703e+03,4.903795830465970539e+03,2.847194839978633354e+03
2.618000000000000000e+03,9.919852644390419300e+03,7.893433313922801062e+03,2.166243990709295758e+03,4.905856586258833886e+03,2.847752067422290565e+03
2.619000000000000000e+03,9.922902840362305142e+03,7.896364919261201976e+03,2.166620319600390758e+03,4.907926873286004593e+03,2.848355647475910700e+03
2.620000000000000000e+03,9.925945477346589541e+03,7.899301452625368256e+03,2.166963163253157745e+03,4.910013130473514138e+03,2.848969183619917658e+03
2.621000000000000000e+03,9.929026808711940248e+03,7.902317803878804625e+03,2.167277684561758178e+03,4.912139162648169076e+03,2.849609961502013903e+03
2.622000000000000000e+03,9.932139558554044925e+03,7.905380683022292033e+03,2.167605361557824381e+03,4.914290389569943727e+03,2.850243807426277726e+03
2.623000000000000000e+03,9.935283663029453237e+03,7.908420153597015997e+03,2.167985532148908987e+03,4.916479641407104282e+03,2.850818489473439513e+03
2.624000000000000000e+03,9.938416914153467587e+03,7.911386358393791852e+03,2.168380641573717639e+03,4.918657874740623811e+03,2.851378397839125228e+03
2.625000000000000000e+03,9.941520095799965929e+03,7.914304054706640272e+03,2.168747928663140556e+03,4.920813481629292255e+03,2.851958685507531300e+03
2.626000000000000000e+03,9.944622411882846791e+03,7.917225612894586448e+03,2.169100820201459101e+03,4.922925649749011427e+03,2.852595941932377627e+03
2.627000000000000000e+03,9.947726330518349641e+03,7.920224429352405423e+03,2.169435326352253469e+03,4.924996673926731091e+03,2.853294330239365081e+03
2.628000000000000000e+03,9.950864876493498741e+03,7.923278979483467083e+03,2.169760302599051101e+03,4.927053967547156390e+03,2.854050606347291705e+03
2.629000000000000000e+03,9.953996288360822291e+03,7.926301143349202903e+03,2.170067786258935485e+03,4.929108308809766640e+03,2.854820193292119711e+03
2.630000000000000000e+03,9.957201053089382185e+03,7.929289404782251950e+03,2.170333149413309002e+03,4.931231320450986459e+03,2.855636583225087179e+03
2.631000000000000000e+03,9.960396382831537267e+03,7.932288600751685408e+03,2.170543259723769552e+03,4.933378597731132686e+03,2.856474525376635029e+03
2.632000000000000000e+03,9.963585299163245509e+03,7.935303677265305851e+03,2.170745888292020027e+03,4.935544153866235320e+03,2.857295257004991072e+03
2.633000000000000000e+03,9.966737160116719679e+03,7.938285657673447531e+03,2.170974252769452960e+03,4.937699061911584067e+03,2.858063845435682197e+03
2.634000000000000000e+03,9.969894864384817993e+03,7.941305047089545951e+03,2.171272215852570753e+03,4.939815869362665580e+03,2.858806779169583479e+03
2.635000000000000000e+03,9.973097659057424607e+03,7.944428430939719874e+03,2.171591633840816485e+03,4.941922058076566827e+03,2.859583967140041750e+03
2.636000000000000000e+03,9.976305614455504838e+03,7.947635781750457681e+03,2.171911840253781975e+03,4.944029648793337401e+03,2.860364125408387281e+03
2.637000000000000000e+03,9.979452120345935327e+03,7.950852106424810700e+03,2.172247315838506438e+03,4.946072104065548956e+03,2.861132700441882662e+03
2.638000000000000000e+03,9.982596233394026058e+03,7.954076707230079592e+03,2.172579069469989463e+03,4.948126035193425196e+03,2.861891128730613673e+03
2.639000000000000000e+03,9.985697325073497268e+03,7.957227994663413483e+03,2.172886600713760345e+03,4.950171879718892342e+03,2.862638844640842763e+03
2.640000000000000000e+03,9.988748758656445716e+03,7.960343948407727112e+03,2.173163819764225082e+03,4.952241199989161032e+03,2.863343738903061421e+03
2.641000000000000000e+03,9.991887823855682655e+03,7.963497313296979883e+03,2.173431262265475198e+03,4.954403679375453976e+03,2.864052882214753026e+03
2.642000000000000000e+03,9.995095542236795154e+03,7.966702049365410858e+03,2.173690072198721282e+03,4.956589121250093740e+03,2.864816348787978313e+03
2.643000000000000000e+03,9.998328763715318928e+03,7.969918693410312699e+03,2.173935071173447341e+03,4.958805773763748221e+03,2.865587918778126550e+03
2.644000000000000000e+03,1.000162013020351151e+04,7.973168949031411103e+03,2.174251697291480014e+03,4.961005500507882971e+03,2.866362932404148523e+03
2.645000000000000000e+03,1.000491222384104731e+04,7.976441748935444593e+03,2.174629216967898174e+03,4.963166511177734719e+03,2.867116495695413505e+03
2.646000000000000000e+03,1.000821638673741290e+04,7.979758891817590666e+03,2.174994902488148000e+03,4.965336363489989708e+03,2.867885120759274287e+03
2.647000000000000000e+03,1.001160203836771325e+04,7.983143843180431759e+03,2.175405477680189961e+03,4.967513422532612822e+03,2.868683138154912740e+03
2.648000000000000000e+03,1.001493065888066849e+04,7.986546163204901859e+03,2.175828840160994332e+03,4.969605907304735410e+03,2.869495911414939201e+03
2.649000000000000000e+03,1.001831268486813133e+04,7.989962439329307927e+03,2.176271355122623390e+03,4.971643348334576331e+03,2.870397981410934790e+03
2.650000000000000000e+03,1.002170369314376512e+04,7.993379786498350768e+03,2.176707215130315035e+03,4.973637876612074251e+03,2.871358601401375836e+03
2.651000000000000000e+03,1.002499159490470083e+04,7.996780180569938238e+03,2.177104606910001621e+03,4.975599937651365508e+03,2.872287050343331885e+03
2.652000000000000000e+03,1.002817265361539103e+04,8.000172412209009053e+03,2.177489965809379100e+03,4.977512824809251470e+03,2.873169862996761367e+03
2.653000000000000000e+03,1.003134244808672520e+04,8.003606781032359322e+03,2.177868586021963893e+03,4.979417354459796115e+03,2.874056507604967010e+03
2.654000000000000000e+03,1.003456750774043394e+04,8.007117487247497593e+03,2.178258893486016404e+03,4.981366282455001965e+03,2.874942331799414660e+03
2.655000000000000000e+03,1.003791727804687980e+04,8.010691249941918613e+03,2.178642066840036023e+03,4.983383040410159083e+03,2.875892170796687424e+03
2.656000000000000000e+03,1.004130324703717088e+04,8.014284195458165414e+03,2.179014416451529996e+03,4.985432439631449597e+03,2.876856390954190829e+03
2.657000000000000000e+03,1.004463698649048820e+04,8.017887029216584779e+03,2.179355934938406790e+03,4.987507052068726807e+03,2.877773999483356420e+03
2.658000000000000000e+03,1.004787625590521020e+04,8.021437078048552394e+03,2.179652806391445665e+03,4.989600544848524805e+03,2.878622904665242459e+03
2.659000000000000000e+03,1.005106808001960962e+04,8.024933204199281136e+03,2.179924368562049040e+03,4.991678783995906997e+03,2.879464927461654497e+03
2.660000000000000000e+03,1.005422259693451997e+04,8.028385386763872702e+03,2.180191264123972815e+03,4.993739567247016566e+03,2.880291765563526496e+03
2.661000000000000000e+03,1.005740622144231929e+04,8.031825741951040072e+03,2.180503399856546366e+03,4.995755830975224853e+03,2.881146990610546254e+03
2.662000000000000000e+03,1.006067703535801047e+04,8.035334641171877593e+03,2.180854476875200817e+03,4.997820665585806637e+03,2.882001892897004836e+03
2.663000000000000000e+03,1.006406792734562987e+04,8.038951977490291938e+03,2.181225319764751021e+03,4.999915878301639168e+03,2.882926729279237406e+03
2.664000000000000000e+03,1.006751248319699880e+04,8.042633139026619574e+03,2.181631424082056583e+03,5.002032894745457270e+03,2.883848164369482674e+03
2.665000000000000000e+03,1.007101377816121931e+04,8.046339722009600337e+03,2.182072670608467888e+03,5.004191161799335532e+03,2.884749945753413158e+03
2.666000000000000000e+03,1.007457427471398842e+04,8.050100503192861652e+03,2.182521878683477098e+03,5.006387873895617304e+03,2.885664522134896743e+03
2.667000000000000000e+03,1.007815951747694817e+04,8.053883343883118869e+03,2.182924658312570955e+03,5.008619742302171289e+03,2.886615116862203649e+03
2.668000000000000000e+03,1.008175346291739334e+04,8.057657860480118870e+03,2.183272157393067573e+03,5.010915401435206149e+03,2.887565904089117794e+03
2.669000000000000000e+03,1.008532761000052960e+04,8.061385182797547714e+03,2.183618260611534879e+03,5.013255962350899608e+03,2.888453387038097389e+03
2.670000000000000000e+03,1.008879299580232146e+04,8.065087487471700115e+03,2.183925440647081359e+03,5.015530213487358196e+03,2.889337341667883265e+03
2.671000000000000000e+03,1.009214970398341211e+04,8.068799839786217490e+03,2.184183179694303817e+03,5.017765891631201157e+03,2.890200632657908955e+03
2.672000000000000000e+03,1.009544254423154780e+04,8.072513751967003373e+03,2.184446539991756254e+03,5.019974705660561085e+03,2.891021298579232280e+03
2.673000000000000000e+03,1.009874477257793114e+04,8.076234724831623680e+03,2.184756024898809301e+03,5.022133160213217707e+03,2.891855587465902317e+03
2.674000000000000000e+03,1.010207728082260110e+04,8.080006513160041322e+03,2.185095632376151116e+03,5.024281463123691537e+03,2.892700185322759353e+03
2.675000000000000000e+03,1.010534278228025869e+04,8.083768162187287999e+03,2.185424249168750066e+03,5.026417542260893242e+03,2.893500990850617200e+03
2.676000000000000000e+03,1.010857749681654605e+04,8.087510435156109452e+03,2.185713501408157754e+03,5.028557433581846453e+03,2.894306561826543202e+03
2.677000000000000000e+03,1.011183760974566394e+04,8.091311534959601886e+03,2.186005368454939799e+03,5.030714162387946999e+03,2.895118078902775324e+03
2.678000000000000000e+03,1.011511415784808378e+04,8.095118355785864878e+03,2.186343845218298611e+03,5.032877294783462276e+03,2.895893017846322437e+03
2.679000000000000000e+03,1.011834620313175947e+04,8.098902760835168920e+03,2.186698317267697803e+03,5.034993353470186776e+03,2.896654532393872614e+03
2.680000000000000000e+03,1.012162829570430040e+04,8.102617831366485916e+03,2.187056687549871640e+03,5.037129747623419462e+03,2.897441860531011116e+03
2.681000000000000000e+03,1.012487699984095343e+04,8.106290092120882036e+03,2.187412578378608032e+03,5.039249980407301337e+03,2.898214441055044063e+03
2.682000000000000000e+03,1.012809636458179193e+04,8.109911498172145912e+03,2.187768712558011430e+03,5.041347856148779101e+03,2.898979795875003674e+03
2.683000000000000000e+03,1.013136886173968924e+04,8.113513305685616615e+03,2.188141146359183494e+03,5.043474071382443981e+03,2.899753643998060397e+03
2.684000000000000000e+03,1.013468133054265672e+04,8.117046363802151063e+03,2.188520134528590461e+03,5.045592226855367699e+03,2.900568969158697655e+03
2.685000000000000000e+03,1.013792411291754433e+04,8.120509394959434758e+03,2.188905722883988801e+03,5.047604876110604891e+03,2.901413513922951552e+03
2.686000000000000000e+03,1.014111342331201013e+04,8.124016313622444613e+03,2.189272301593738121e+03,5.049541584984454857e+03,2.902299536733817149e+03
2.687000000000000000e+03,1.014435678823314447e+04,8.127542593048646268e+03,2.189625212462892705e+03,5.051485756050855343e+03,2.903245819719395513e+03
2.688000000000000000e+03,1.014762997089707278e+04,8.131077320905115812e+03,2.189931061463686547e+03,5.053479918639958669e+03,2.904218990793427110e+03
2.689000000000000000e+03,1.015096340513683936e+04,8.134662754611425953e+03,2.190221403583935171e+03,5.055547087510335587e+03,2.905194914042569053e+03
2.690000000000000000e+03,1.015429870983308865e+04,8.138259969548672416e+03,2.190513719388625759e+03,5.057586557229127720e+03,2.906198433215338355e+03
2.691000000000000000e+03,1.015755805997547759e+04,8.141757199323843452e+03,2.190818936254183882e+03,5.059557773414240728e+03,2.907181350307052526e+03
2.692000000000000000e+03,1.016078369800238397e+04,8.145179338032935448e+03,2.191186122383402108e+03,5.061506383121542967e+03,2.908091192497439806e+03
2.693000000000000000e+03,1.016390354228535398e+04,8.148488737664390101e+03,2.191574093592287227e+03,5.063420890775867520e+03,2.908908557917201506e+03
2.694000000000000000e+03,1.016697201110845890e+04,8.151777550129912925e+03,2.191931378384309482e+03,5.065338268280880584e+03,2.909702364443267470e+03
2.695000000000000000e+03,1.016998731310611402e+04,8.155079968533713327e+03,2.192282947076527307e+03,5.067182561339192944e+03,2.910521804690393310e+03
2.696000000000000000e+03,1.017311023291980382e+04,8.158500616501698460e+03,2.192649111488682138e+03,5.069071898218770002e+03,2.911389223212349862e+03
2.697000000000000000e+03,1.017634488010117821e+04,8.161974028068911139e+03,2.193025269852733345e+03,5.071018635027924574e+03,2.912300975220517557e+03
2.698000000000000000e+03,1.017956178975084913e+04,8.165486183826946217e+03,2.193440287373347019e+03,5.072958155695086134e+03,2.913163346682415522e+03
2.699000000000000000e+03,1.018275160685341325e+04,8.169008819239509648e+03,2.193846188577016619e+03,5.074871204429933641e+03,2.914034213846463899e+03
2.700000000000000000e+03,1.018595859529979134e+04,8.172562813827031277e+03,2.194252369129412727e+03,5.076771950087264486e+03,2.914934276083112309e+03
2.701000000000000000e+03,1.018916940208182677e+04,8.176103075431816251e+03,2.194656986047541523e+03,5.078668149195947990e+03,2.915844266838338626e+03
2.702000000000000000e+03,1.019235739328414093e+04,8.179636567159367587e+03,2.195044807248148118e+03,5.080537116063635949e+03,2.916775469972355495e+03
2.703000000000000000e+03,1.019551232362053815e+04,8.183142530949086904e+03,2.195386678641382787e+03,5.082424247255081355e+03,2.917701397724075377e+03
2.704000000000000000e+03,1.019861849240371521e+04,8.186568888510872057e+03,2.195721407213099610e+03,5.084327022334169669e+03,2.918570062856445020e+03
2.705000000000000000e+03,1.020175786416529991e+04,8.190009854499521680e+03,2.196101723693128406e+03,5.086242955416681070e+03,2.919413185055491340e+03
2.706000000000000000e+03,1.020491322363911422e+04,8.193446201128781468e+03,2.196514899610945122e+03,5.088155973906561485e+03,2.920242350121606250e+03
2.707000000000000000e+03,1.020802355280474512e+04,8.196892931953136213e+03,2.196907965588470233e+03,5.090065348417165296e+03,2.921050238799106864e+03
2.708000000000000000e+03,1.021112400744374281e+04,8.200352402603246446e+03,2.197326929961531278e+03,5.091958390883295579e+03,2.921838686598918684e+03
2.709000000000000000e+03,1.021411845052754143e+04,8.203700452687480720e+03,2.197679278851213894e+03,5.093788700795592376e+03,2.922650470880734247e+03
2.710000000000000000e+03,1.021707048225432845e+04,8.207030933531435949e+03,2.198026596664748013e+03,5.095574176441890813e+03,2.923469709147687354e+03
2.711000000000000000e+03,1.022005686628525291e+04,8.210423557373622316e+03,2.198425062978155438e+03,5.097304763734927292e+03,2.924327039572169269e+03
2.712000000000000000e+03,1.022312552977095402e+04,8.213888632228765346e+03,2.198874171134913922e+03,5.099013853379869943e+03,2.925237505256168788e+03
2.713000000000000000e+03,1.022619101752985989e+04,8.217310875649485752e+03,2.199343927425788024e+03,5.100652251718961452e+03,2.926194838385111325e+03
2.714000000000000000e+03,1.022917845514923829e+04,8.220688596704974771e+03,2.199792951344607900e+03,5.102213398169114953e+03,2.927172105635515436e+03
2.715000000000000000e+03,1.023214059836018532e+04,8.224065687922580764e+03,2.200216680464275669e+03,5.103766331171346792e+03,2.928157586724561952e+03
2.716000000000000000e+03,1.023506471279719153e+04,8.227435201605276234e+03,2.200542358750607491e+03,5.105387467536660552e+03,2.929134886509924854e+03
2.717000000000000000e+03,1.023801178379186422e+04,8.230744902397456826e+03,2.200829401599365610e+03,5.107036836745997789e+03,2.930145545446499909e+03
2.718000000000000000e+03,1.024104907607178939e+04,8.234063863129274978e+03,2.201135540607758230e+03,5.108687494552859789e+03,2.931226040911171367e+03
2.719000000000000000e+03,1.024420416837480843e+04,8.237481954465209128e+03,2.201460175205774703e+03,5.110391484645580022e+03,2.932352508523451888e+03
2.720000000000000000e+03,1.024738219519994163e+04,8.240923614945857480e+03,2.201825180385683325e+03,5.112080407964041115e+03,2.933476606850218104e+03
2.721000000000000000e+03,1.025051141061952148e+04,8.244302790527966863e+03,2.202197938411316500e+03,5.113739941826292124e+03,2.934573530381914679e+03
2.722000000000000000e+03,1.025355549462169438e+04,8.247579115119109701e+03,2.202571539963691066e+03,5.115408778207767682e+03,2.935575176450234267e+03
2.723000000000000000e+03,1.025656353369041426e+04,8.250836012843812568e+03,2.202928680956167682e+03,5.117046653571006573e+03,2.936588199163242280e+03
2.724000000000000000e+03,1.025961101869637423e+04,8.254125369769353711e+03,2.203290395481521955e+03,5.118679545902949940e+03,2.937641077311901427e+03
2.725000000000000000e+03,1.026276118105062415e+04,8.257444898004503557e+03,2.203663149992923536e+03,5.120338224888665536e+03,2.938759806169034164e+03
2.726000000000000000e+03,1.026584634377982184e+04,8.260693816672119283e+03,2.204036824917675858e+03,5.121926993944232890e+03,2.939882524917913997e+03
2.727000000000000000e+03,1.026892627310775970e+04,8.264049259389543295e+03,2.204374964897597238e+03,5.123535134619427481e+03,2.941016173590735889e+03
2.728000000000000000e+03,1.027204516120160770e+04,8.267477202692020001e+03,2.204727084579550137e+03,5.125194978478039047e+03,2.942123098144022151e+03
2.729000000000000000e+03,1.027514320221040725e+04,8.270896109002307639e+03,2.205051502429098036e+03,5.126862085439055591e+03,2.943229614342253626e+03
2.730000000000000000e+03,1.027811336170159484e+04,8.274233843448078915e+03,2.205310274589654455e+03,5.128466640117648240e+03,2.944336446994294420e+03
2.731000000000000000e+03,1.028101532578422120e+04,8.277621730112216028e+03,2.205509421114956240e+03,5.130074366108467984e+03,2.945431538560796071e+03
2.732000000000000000e+03,1.028392199599543528e+04,8.281047266622612369e+03,2.205677743768057098e+03,5.131689847657461542e+03,2.946554404569915732e+03
2.733000000000000000e+03,1.028683463980503075e+04,8.284448605646966826e+03,2.205868344409459041e+03,5.133315104385732411e+03,2.947651191009842023e+03
2.734000000000000000e+03,1.028974601145905399e+04,8.287829711558219060e+03,2.206056210032603758e+03,5.134971739543113472e+03,2.948718061883334940e+03
2.735000000000000000e+03,1.029263888876988494e+04,8.291178948298515024e+03,2.206212369383296846e+03,5.136620883438214150e+03,2.949805635948373492e+03
2.736000000000000000e+03,1.029548570256571838e+04,8.294521185022987993e+03,2.206351993554627370e+03,5.138211749908777165e+03,2.950921959102314759e+03
2.737000000000000000e+03,1.029839085093315589e+04,8.297921098173992505e+03,2.206473451130498688e+03,5.139827405460441696e+03,2.952089994342213686e+03
2.738000000000000000e+03,1.030132648467056060e+04,8.301457951662845517e+03,2.206601901949533840e+03,5.141488704626734034e+03,2.953235878094289092e+03
2.739000000000000000e+03,1.030434926293067292e+04,8.305143877525117205e+03,2.206759807179942527e+03,5.143232102975834096e+03,2.954357352774898118e+03
2.740000000000000000e+03,1.030735597123234766e+04,8.308863181187482041e+03,2.206960453861641327e+03,5.144963463330044760e+03,2.955432054040661569e+03
2.741000000000000000e+03,1.031036939037690354e+04,8.312540246196867884e+03,2.207167319461492298e+03,5.146686161570437434e+03,2.956515909344968804e+03
2.742000000000000000e+03,1.031340527994629883e+04,8.316234037630400053e+03,2.207371518278998792e+03,5.148440786451060376e+03,2.957592975216239665e+03
2.743000000000000000e+03,1.031644207099783307e+04,8.319997309725333253e+03,2.207571362760530064e+03,5.150231319620550494e+03,2.958639388616752967e+03
2.744000000000000000e+03,1.031956490315422889e+04,8.323836140085692023e+03,2.207797030853192155e+03,5.152060883664832545e+03,2.959706988636203278e+03
2.745000000000000000e+03,1.032277664757534330e+04,8.327687546929906603e+03,2.208107273272522889e+03,5.153931397368742182e+03,2.960737976934076414e+03
2.746000000000000000e+03,1.032600531857765964e+04,8.331453661151077540e+03,2.208481293046996143e+03,5.155821534029035320e+03,2.961702491501626810e+03
2.747000000000000000e+03,1.032923042083002292e+04,8.335201577646059377e+03,2.208896293293757935e+03,5.157680653885770880e+03,2.962653473650493652e+03
2.748000000000000000e+03,1.033249332258463073e+04,8.338970462136514470e+03,2.209273404098300944e+03,5.159552672481387162e+03,2.963667246004940807e+03
2.749000000000000000e+03,1.033570690425514294e+04,8.342795824688446373e+03,2.209598592497330628e+03,5.161407394769626080e+03,2.964700916988185327e+03
2.750000000000000000e+03,1.033877638565850611e+04,8.346546371438576898e+03,2.209865603867636310e+03,5.163219928302720291e+03,2.965690853488149969e+03
2.751000000000000000e+03,1.034170285001002412e+04,8.350177230849876651e+03,2.210087861753635025e+03,5.164951074442532445e+03,2.966663913813859381e+03
2.752000000000000000e+03,1.034458363517110593e+04,8.353772155429145641e+03,2.210310639633982646e+03,5.166653898063448651e+03,2.967619097473674628e+03
2.753000000000000000e+03,1.034744268704330898e+04,8.357273781847334249e+03,2.210497819113273636e+03,5.168357961632403203e+03,2.968586906297631231e+03
2.754000000000000000e+03,1.035033314145453551e+04,8.360731669463522849e+03,2.210660036866044265e+03,5.170095600545939305e+03,2.969577504042551936e+03
2.755000000000000000e+03,1.035314148834861408e+04,8.364116513106753700e+03,2.210797968747219329e+03,5.171784503143031543e+03,2.970559016458364567e+03
2.756000000000000000e+03,1.035589359540997611e+04,8.367437249455539131e+03,2.210941875724711281e+03,5.173435685387002195e+03,2.971516034298261275e+03
2.757000000000000000e+03,1.035866095298163054e+04,8.370771539647183090e+03,2.211047329952273685e+03,5.175121677758594160e+03,2.972491945270763608e+03
2.758000000000000000e+03,1.036142130578795150e+04,8.374167232956073349e+03,2.211166756384112432e+03,5.176799764154101467e+03,2.973454785249738052e+03
2.759000000000000000e+03,1.036430347419202735e+04,8.377682377556080610e+03,2.211360187631988538e+03,5.178513720078274673e+03,2.974429566481766869e+03
2.760000000000000000e+03,1.036725693645826323e+04,8.381237482544333034e+03,2.211588932325679252e+03,5.180213414429447766e+03,2.975454589703134388e+03
2.761000000000000000e+03,1.037026868874647153e+04,8.384789499647818957e+03,2.211817813661725268e+03,5.181928125150891901e+03,2.976522749933856176e+03
2.762000000000000000e+03,1.037330828311343612e+04,8.388283610539439906e+03,2.212042333542438428e+03,5.183681691738441259e+03,2.977584257832555977e+03
2.763000000000000000e+03,1.037641915351271200e+04,8.391763878400888643e+03,2.212272148820618895e+03,5.185487738111304679e+03,2.978659266580787516e+03
2.764000000000000000e+03,1.037947378337986811e+04,8.395149295950064698e+03,2.212466489881594953e+03,5.187301767892826319e+03,2.979705525605449111e+03
2.765000000000000000e+03,1.038246624389975841e+04,8.398465831263500149e+03,2.212630594595810635e+03,5.189081184825774471e+03,2.980754464478176033e+03
2.766000000000000000e+03,1.038539441998026632e+04,8.401733351825085265e+03,2.212788498146102029e+03,5.190821241692999138e+03,2.981784680141166973e+03
2.767000000000000000e+03,1.038834558584661318e+04,8.405093867934694572e+03,2.212977800260524418e+03,5.192549664573668451e+03,2.982818121012419397e+03
2.768000000000000000e+03,1.039131820203319330e+04,8.408527365902151359e+03,2.213160172632290596e+03,5.194269862738618031e+03,2.983888166662285585e+03
2.769000000000000000e+03,1.039435826194068432e+04,8.411980894815573265e+03,2.213369940617687917e+03,5.195978707724446394e+03,2.985009613598547276e+03
2.770000000000000000e+03,1.039746663558957698e+04,8.415451314040448779e+03,2.213565474799476760e+03,5.197713047810673743e+03,2.986188112979426023e+03
2.771000000000000000e+03,1.040062182691925045e+04,8.418904342834161071e+03,2.213792884483006219e+03,5.199468790051731048e+03,2.987360152384514095e+03
2.772000000000000000e+03,1.040381732177955928e+04,8.422387364681722829e+03,2.214007908181531093e+03,5.201258158012127751e+03,2.988551255585898616e+03
2.773000000000000000e+03,1.040699677273855559e+04,8.425805646613282079e+03,2.214204868948353123e+03,5.203006098018683588e+03,2.989785805771521609e+03
2.774000000000000000e+03,1.041018790119489859e+04,8.429265498337848840e+03,2.214401564741589937e+03,5.204730700273243201e+03,2.991055636180065449e+03
2.775000000000000000e+03,1.041336036740751115e+04,8.432713106738587157e+03,2.214637205526459184e+03,5.206434334172529816e+03,2.992288827708520785e+03
2.776000000000000000e+03,1.041655328780931814e+04,8.436177358181581440e+03,2.214904546525275236e+03,5.208114469507494505e+03,2.993534271776549758e+03
2.777000000000000000e+03,1.041970441861673680e+04,8.439608768839265394e+03,2.215145402018668847e+03,5.209773175992095275e+03,2.994785840605972226e+03
2.778000000000000000e+03,1.042281510027149125e+04,8.443032260835871057e+03,2.215359344406476339e+03,5.211427094642082920e+03,2.996028661222934261e+03
2.779000000000000000e+03,1.042582454756802326e+04,8.446466461080040972e+03,2.215556334417012749e+03,5.213052006869371326e+03,2.997216206281640098e+03
2.780000000000000000e+03,1.042878871946754407e+04,8.449932281825929749e+03,2.215779068098002426e+03,5.214630690198307093e+03,2.998378961171234550e+03
2.781000000000000000e+03,1.043180650704848631e+04,8.453459387089349548e+03,2.215989268829657703e+03,5.216240629017227548e+03,2.999576609201602423e+03
2.782000000000000000e+03,1.043491527950781347e+04,8.457023302600888201e+03,2.216185626052490534e+03,5.217918775549596830e+03,3.000810877905725192e+03
2.783000000000000000e+03,1.043802730799193159e+04,8.460591374503846964e+03,2.216394750549058699e+03,5.219607441849466340e+03,3.002025115593407918e+03
2.784000000000000000e+03,1.044117536272389043e+04,8.464157088381469293e+03,2.216635700261916554e+03,5.221296567615407184e+03,3.003243094846563508e+03
2.785000000000000000e+03,1.044437573869416883e+04,8.467750116115430501e+03,2.216882249391602272e+03,5.222986482151766722e+03,3.004507007150800291e+03
2.786000000000000000e+03,1.044756663261401991e+04,8.471360022644132187e+03,2.217119786618705803e+03,5.224705657435064495e+03,3.005741188560251430e+03
2.787000000000000000e+03,1.045074094776388483e+04,8.474985235155285409e+03,2.217379376788475383e+03,5.226493616243011274e+03,3.006867954732397266e+03
2.788000000000000000e+03,1.045399957390523014e+04,8.478710072790674531e+03,2.217662427846506034e+03,5.228318090320479314e+03,3.008019055738245697e+03
2.789000000000000000e+03,1.045729391446660520e+04,8.482401436023676069e+03,2.217978239510687217e+03,5.230133271266743577e+03,3.009182403689177136e+03
2.790000000000000000e+03,1.046053293721671434e+04,8.486005590838984062e+03,2.218307652002456962e+03,5.231915227596840850e+03,3.010310057617417442e+03
2.791000000000000000e+03,1.046376345395477620e+04,8.489592351884681193e+03,2.218663999546513878e+03,5.233693345217371643e+03,3.011406109190889765e+03
2.792000000000000000e+03,1.046697874593333290e+04,8.493188281876295150e+03,2.219003710504052378e+03,5.235425158024491793e+03,3.012549877404788731e+03
2.793000000000000000e+03,1.047025290443427730e+04,8.496864681358356393e+03,2.219360546023619463e+03,5.237124948459192638e+03,3.013767409951466561e+03
2.794000000000000000e+03,1.047361927052184365e+04,8.500644020898556846e+03,2.219736537011979181e+03,5.238866622661221299e+03,3.015016110848640437e+03
2.795000000000000000e+03,1.047704644994562477e+04,8.504485323211642026e+03,2.220125183151257261e+03,5.240650246622341001e+03,3.016271020172025601e+03
2.796000000000000000e+03,1.048043045751543832e+04,8.508325111418593224e+03,2.220486082545357931e+03,5.242392984704427363e+03,3.017551390265653026e+03
2.797000000000000000e+03,1.048379881797330563e+04,8.512185579070295717e+03,2.220839485389266883e+03,5.244118240778675499e+03,3.018841091805360520e+03
2.798000000000000000e+03,1.048711864651721226e+04,8.516045945318521262e+03,2.221199078367181755e+03,5.245837755426719013e+03,3.020081812723313305e+03
2.799000000000000000e+03,1.049046055709273423e+04,8.519879885770640612e+03,2.221569832714025779e+03,5.247564066359858771e+03,3.021326658018849230e+03
2.800000000000000000e+03,1.049380922074192495e+04,8.523699909775737979e+03,2.221905562745847874e+03,5.249277583404956204e+03,3.022626074591121323e+03
2.801000000000000000e+03,1.049718324512700565e+04,8.527426940849205494e+03,2.222237459181596478e+03,5.250991958726570374e+03,3.023953827218836523e+03
2.802000000000000000e+03,1.050053071042776719e+04,8.531181407170230159e+03,2.222584211193172450e+03,5.252685285355351880e+03,3.025261213879240131e+03
2.803000000000000000e+03,1.050384314924108730e+04,8.535003297385548649e+03,2.222943458150394235e+03,5.254373911592266268e+03,3.026525779498427255e+03
2.804000000000000000e+03,1.050717069138946317e+04,8.538829783822166064e+03,2.223305396763712452e+03,5.256089951273169390e+03,3.027775343352580421e+03
2.805000000000000000e+03,1.051051096005380350e+04,8.542665507309158784e+03,2.223625830537861475e+03,5.257818468258932626e+03,3.029066661257012129e+03
2.806000000000000000e+03,1.051385777319623594e+04,8.546513852614931238e+03,2.223948484355729761e+03,5.259554642783688905e+03,3.030354646056813635e+03
2.807000000000000000e+03,1.051724591503742704e+04,8.550412713351697676e+03,2.224307127144481910e+03,5.261324023279235917e+03,3.031614764613709667e+03
2.808000000000000000e+03,1.052068450533381656e+04,8.554368564353722832e+03,2.224738330042156122e+03,5.263092413249670244e+03,3.032853762041991104e+03
2.809000000000000000e+03,1.052420800568935192e+04,8.558376511073678557e+03,2.225226171881461141e+03,5.264858879544821320e+03,3.034122954263069460e+03
2.810000000000000000e+03,1.052776748031496754e+04,8.562332272201640080e+03,2.225707984817523538e+03,5.266643743803282632e+03,3.035415751694162282e+03
2.811000000000000000e+03,1.053122641874142937e+04,8.566210810186263188e+03,2.226149710422247153e+03,5.268402799155537650e+03,3.036673909163643202e+03
2.812000000000000000e+03,1.053451786376097880e+04,8.570010037484820714e+03,2.226556578273361083e+03,5.270122405401928518e+03,3.037838880085689198e+03
2.813000000000000000e+03,1.053763254818413770e+04,8.573826355264791346e+03,2.226900176754366839e+03,5.271808291426829783e+03,3.038924080002941082e+03
2.814000000000000000e+03,1.054064200242367770e+04,8.577626388317950841e+03,2.227213614579920431e+03,5.273454923488520762e+03,3.039973464355236047e+03
2.815000000000000000e+03,1.054368103387148585e+04,8.581482281945929572e+03,2.227526403831868720e+03,5.275108868470776542e+03,3.041045761568840135e+03
2.816000000000000000e+03,1.054678475098713716e+04,8.585337324929760143e+03,2.227849703732465969e+03,5.276739386325154555e+03,3.042195660929512542e+03
2.817000000000000000e+03,1.054998740515659483e+04,8.589261963567210842e+03,2.228187406868626113e+03,5.278411042217712748e+03,3.043388956070255063e+03
2.818000000000000000e+03,1.055317057255989675e+04,8.593256040157679308e+03,2.228514814322202710e+03,5.280067895932326792e+03,3.044587862305364979e+03
2.819000000000000000e+03,1.055622411499732880e+04,8.597167353257516879e+03,2.228822432862245023e+03,5.281681862034853111e+03,3.045719820100231573e+03
2.820000000000000000e+03,1.055913559332372824e+04,8.600971939620145349e+03,2.229121686893475271e+03,5.283231116860684779e+03,3.046782789569569104e+03
2.821000000000000000e+03,1.056207377190103762e+04,8.604775663187141618e+03,2.229448358364779324e+03,5.284797691515845145e+03,3.047827722020411784e+03
2.822000000000000000e+03,1.056512222331641533e+04,8.608586600932141664e+03,2.229785223253226832e+03,5.286388752867913354e+03,3.048948247195275144e+03
2.823000000000000000e+03,1.056814270205064895e+04,8.612389085102178797e+03,2.230088514991671218e+03,5.287964781050900456e+03,3.050089406008075002e+03
2.824000000000000000e+03,1.057114030819374238e+04,8.616182682141339683e+03,2.230381180678296005e+03,5.289521973953344968e+03,3.051237153562103231e+03
2.825000000000000000e+03,1.057425168064050376e+04,8.620073305661569975e+03,2.230712602077548127e+03,5.291134622928704630e+03,3.052404455634250553e+03
2.826000000000000000e+03,1.057732907410466214e+04,8.623941563040316396e+03,2.231050793894421531e+03,5.292753790712766204e+03,3.053524489497476679e+03
2.827000000000000000e+03,1.058036448484754146e+04,8.627778969059168958e+03,2.231326388466534809e+03,5.294405775114314565e+03,3.054632321266688905e+03
2.828000000000000000e+03,1.058338302982800087e+04,8.631574735362744832e+03,2.231559394756226084e+03,5.296067685276627344e+03,3.055755949795146989e+03
2.829000000000000000e+03,1.058640215487174828e+04,8.635449326402445877e+03,2.231734793204996095e+03,5.297743937505724716e+03,3.056923424161026105e+03
2.830000000000000000e+03,1.058938148984792861e+04,8.639333636355640920e+03,2.231887150744057635e+03,5.299427693322018968e+03,3.058066645781852458e+03
2.831000000000000000e+03,1.059230386875284967e+04,8.643166951480239732e+03,2.232026921879155907e+03,5.301101254252738727e+03,3.059175692620951395e+03
2.832000000000000000e+03,1.059523127940475388e+04,8.647019002336275662e+03,2.232172661349386999e+03,5.302793168246692403e+03,3.060265449808675839e+03
2.833000000000000000e+03,1.059818924932779555e+04,8.650811106538179956e+03,2.232371158404075686e+03,5.304413563691089621e+03,3.061404527232631153e+03
2.834000000000000000e+03,1.060119292479205978e+04,8.654587902190747627e+03,2.232578023234123521e+03,5.306013900213658417e+03,3.062601001344278302e+03
2.835000000000000000e+03,1.060418091620518317e+04,8.658429981116580166e+03,2.232768469568884939e+03,5.307599283035533517e+03,3.063813163600765620e+03
2.836000000000000000e+03,1.060712157800113710e+04,8.662252081841332256e+03,2.232990863727926808e+03,5.309124874267422456e+03,3.065005840005788286e+03
2.837000000000000000e+03,1.060997355659593995e+04,8.666004622061172995e+03,2.233212425995808644e+03,5.310620352934203765e+03,3.066140777665926635e+03
2.838000000000000000e+03,1.061278849426591842e+04,8.669645211963756083e+03,2.233454311931184748e+03,5.312124360101494858e+03,3.067209822233237901e+03
2.839000000000000000e+03,1.061561366998997619e+04,8.673281747158303915e+03,2.233665290890112374e+03,5.313668506331122444e+03,3.068279872768742280e+03
2.840000000000000000e+03,1.061846520210304880e+04,8.676918510458295714e+03,2.233860910264490030e+03,5.315255181790738789e+03,3.069349110047817703e+03
2.841000000000000000e+03,1.062129086905073200e+04,8.680567862340414649e+03,2.234074349609093133e+03,5.316830099918850465e+03,3.070386419522789311e+03
2.842000000000000000e+03,1.062401154495423907e+04,8.684117743310829610e+03,2.234297700786542919e+03,5.318388447190904117e+03,3.071325396976790216e+03
2.843000000000000000e+03,1.062669169644070098e+04,8.687615148690567366e+03,2.234540069086235690e+03,5.319979712027848109e+03,3.072171915326617636e+03
2.844000000000000000e+03,1.062927194613277788e+04,8.691041756145894396e+03,2.234760725512548561e+03,5.321565360626213078e+03,3.072945859994018065e+03
2.845000000000000000e+03,1.063180529842588658e+04,8.694509876429470751e+03,2.234932592961653427e+03,5.323169890694200149e+03,3.073702814770032546e+03
2.846000000000000000e+03,1.063433144566365445e+04,8.698009928788720572e+03,2.235074187040210745e+03,5.324781643093663661e+03,3.074475615529778679e+03
2.847000000000000000e+03,1.063691520595113980e+04,8.701571513273349410e+03,2.235265188907761967e+03,5.326379334650850979e+03,3.075270682392525032e+03
2.848000000000000000e+03,1.063949853389292912e+04,8.705168754894197264e+03,2.235464674412756722e+03,5.327999357846443672e+03,3.076034501633730542e+03
2.849000000000000000e+03,1.064207637717931721e+04,8.708709899911538741e+03,2.235695503740135337e+03,5.329606071358713052e+03,3.076774802080467452e+03
2.850000000000000000e+03,1.064459542358875115e+04,8.712199595105601475e+03,2.235945227223499842e+03,5.331143892225045420e+03,3.077506304140205884e+03
2.851000000000000000e+03,1.064710605047086938e+04,8.715600482032919899e+03,2.236208353358571003e+03,5.332631010288825564e+03,3.078266686823475538e+03
2.852000000000000000e+03,1.064955610084349792e+04,8.718892774757205189e+03,2.236457401740418391e+03,5.334098451268027929e+03,3.079000247835053415e+03
2.853000000000000000e+03,1.065210263574361488e+04,8.722189487363491935e+03,2.236729625589997795e+03,5.335605624836580319e+03,3.079767385317035405e+03
2.854000000000000000e+03,1.065470919676684025e+04,8.725575513497633438e+03,2.236987661985385330e+03,5.337186343371382463e+03,3.080535191410070183e+03
2.855000000000000000e+03,1.065735770209298425e+04,8.729054193823574678e+03,2.237293038977090418e+03,5.338761183756832907e+03,3.081303479359060475e+03
2.856000000000000000e+03,1.065999508257424895e+04,8.732524745489985435e+03,2.237600824430369812e+03,5.340317551192683823e+03,3.082076706951193955e+03
2.857000000000000000e+03,1.066261461208033688e+04,8.735946983022147833e+03,2.237881566391237357e+03,5.341862529902038659e+03,3.082870515787060867e+03
2.858000000000000000e+03,1.066524101984128720e+04,8.739337628067936748e+03,2.238102000306084847e+03,5.343441775146376131e+03,3.083697244388825766e+03
2.859000000000000000e+03,1.066788431551908252e+04,8.742794646911585005e+03,2.238248772057530005e+03,5.345063236538675483e+03,3.084572306922877488e+03
2.860000000000000000e+03,1.067051761950845321e+04,8.746204067441889492e+03,2.238360814761706024e+03,5.346692298485127139e+03,3.085464506261620500e+03
2.861000000000000000e+03,1.067313250609855095e+04,8.749563418077819733e+03,2.238517244929484150e+03,5.348288824497266432e+03,3.086326436671797182e+03
2.862000000000000000e+03,1.067585917657508071e+04,8.752992882611411915e+03,2.238725819235464769e+03,5.349970663005418828e+03,3.087162694334197113e+03
2.863000000000000000e+03,1.067861231975096234e+04,8.756432265982948593e+03,2.238906821657233650e+03,5.351703389945826530e+03,3.088002108147897616e+03
2.864000000000000000e+03,1.068122937384990291e+04,8.759747652526437378e+03,2.239038525113639935e+03,5.353388043735270912e+03,3.088802805000990247e+03
2.865000000000000000e+03,1.068372749929275051e+04,8.763060771903334171e+03,2.239132313057782994e+03,5.355023145860951445e+03,3.089572040374017433e+03
2.866000000000000000e+03,1.068617788042549182e+04,8.766369314178964487e+03,2.239247849819611929e+03,5.356668473055695358e+03,3.090261557550186808e+03
2.867000000000000000e+03,1.068860704683965014e+04,8.769660402379833613e+03,2.239382777194140544e+03,5.358307458337484604e+03,3.090916811308024080e+03
2.868000000000000000e+03,1.069108273174658461e+04,8.772930146235075881e+03,2.239537785745588280e+03,5.359949907221625836e+03,3.091595038779368224e+03
2.869000000000000000e+03,1.069359255053383094e+04,8.776318583495849452e+03,2.239670597510775679e+03,5.361614797573017313e+03,3.092307155450037499e+03
2.870000000000000000e+03,1.069613599675316800e+04,8.779864670394663335e+03,2.239806938507978884e+03,5.363292628045791389e+03,3.093036430199397273e+03
2.871000000000000000e+03,1.069881487402742096e+04,8.783521568323936663e+03,2.239939649730287329e+03,5.365058359625871162e+03,3.093816864671264284e+03
2.872000000000000000e+03,1.070153860864519265e+04,8.787272392186729121e+03,2.240097986442221099e+03,5.366835993985730966e+03,3.094604628217241498e+03
2.873000000000000000e+03,1.070424550014859778e+04,8.791027242839485552e+03,2.240309159833040212e+03,5.368584059636687016e+03,3.095352280678870102e+03
2.874000000000000000e+03,1.070697398298572989e+04,8.794792276289737856e+03,2.240531413433810485e+03,5.370311895184312561e+03,3.096130674367607298e+03
2.875000000000000000e+03,1.070971236858496377e+04,8.798516751467550421e+03,2.240746392776100947e+03,5.372031124663979426e+03,3.096934851144880668e+03
2.876000000000000000e+03,1.071250760573763364e+04,8.802164496358920587e+03,2.241012565290559905e+03,5.373707497078196866e+03,3.097787543368877778e+03
2.877000000000000000e+03,1.071535619241438872e+04,8.805783446752488089e+03,2.241319504954238255e+03,5.375390668976630877e+03,3.098646018483517764e+03
2.878000000000000000e+03,1.071819912179762832e+04,8.809371999484081243e+03,2.241634728982136494e+03,5.377069446861232791e+03,3.099494945954255854e+03
2.879000000000000000e+03,1.072091190013524647e+04,8.812853421531617641e+03,2.241961979205791067e+03,5.378679627916781101e+03,3.100270293012675666e+03
2.880000000000000000e+03,1.072352477301981708e+04,8.816275640903098974e+03,2.242325165780831867e+03,5.380235595606273819e+03,3.100964011632709571e+03
2.881000000000000000e+03,1.072607815582282456e+04,8.819602398424804051e+03,2.242685219083250558e+03,5.381756095379138969e+03,3.101636841360436392e+03
2.882000000000000000e+03,1.072864661933338539e+04,8.822930072664392355e+03,2.243074657160454990e+03,5.383263291119951646e+03,3.102308671052980117e+03
2.883000000000000000e+03,1.073112996835961167e+04,8.826197893173595730e+03,2.243462396018829168e+03,5.384681999396289939e+03,3.102985572944493470e+03
2.884000000000000000e+03,1.073356556578154050e+04,8.829464798555212838e+03,2.243819704785135400e+03,5.386076395262779442e+03,3.103669465733626112e+03
2.885000000000000000e+03,1.073592978261013013e+04,8.832734875595497215e+03,2.244136644799477381e+03,5.387435593031063036e+03,3.104357544779591990e+03
2.886000000000000000e+03,1.073833964158191338e+04,8.836069827301998885e+03,2.244486987537408822e+03,5.388838384989785482e+03,3.105014269054720899e+03
2.887000000000000000e+03,1.074074835565220928e+04,8.839364362727810658e+03,2.244789201473012781e+03,5.390308476463588704e+03,3.105650677715608708e+03
2.888000000000000000e+03,1.074313372055981563e+04,8.842713333173869614e+03,2.245027146713017373e+03,5.391827123635237513e+03,3.106279450211564381e+03
2.889000000000000000e+03,1.074545708331267451e+04,8.846005650656756188e+03,2.245220325313039666e+03,5.393330392970103276e+03,3.106906365029531571e+03
2.890000000000000000e+03,1.074778625693852882e+04,8.849336334108416850e+03,2.245386727579581475e+03,5.394882370300773800e+03,3.107517159058174911e+03
2.891000000000000000e+03,1.075017311369541858e+04,8.852763619705390738e+03,2.245544653152016508e+03,5.396472458276807629e+03,3.108156002266595351e+03
2.892000000000000000e+03,1.075255824096988545e+04,8.856166058134804189e+03,2.245711771462929391e+03,5.398036974325720621e+03,3.108809495181235434e+03
2.893000000000000000e+03,1.075498713033808963e+04,8.859638920570661867e+03,2.245908694823108817e+03,5.399636884709250808e+03,3.109441550805727275e+03
2.894000000000000000e+03,1.075751850261124127e+04,8.863316245071882804e+03,2.246108780961953016e+03,5.401311570364283398e+03,3.110098151285005770e+03
2.895000000000000000e+03,1.076003019034033423e+04,8.866989120354319311e+03,2.246268773936418256e+03,5.402979042994528754e+03,3.110782373409385855e+03
2.896000000000000000e+03,1.076249093085230197e+04,8.870529867166291297e+03,2.246444648624289584e+03,5.404588432938317055e+03,3.111457849289694877e+03
2.897000000000000000e+03,1.076497738204617963e+04,8.874013157505527488e+03,2.246662055268677250e+03,5.406164521742291981e+03,3.112150805035207668e+03
2.898000000000000000e+03,1.076757639161456427e+04,8.877624857482607695e+03,2.246913697810118720e+03,5.407798194732838965e+03,3.112864499071607952e+03
2.899000000000000000e+03,1.077016408677040090e+04,8.881250543033243957e+03,2.247137938400488110e+03,5.409444398329788783e+03,3.113581750040124007e+03
2.900000000000000000e+03,1.077279120648780372e+04,8.884939997792991562e+03,2.247387296753672672e+03,5.411134647691580540e+03,3.114269262042553237e+03
2.901000000000000000e+03,1.077547020997056643e+04,8.888699458176530243e+03,2.247638702631947581e+03,5.412896836129842995e+03,3.114934671208778127e+03
2.902000000000000000e+03,1.077814809202085053e+04,8.892476630613264206e+03,2.247889418607778680e+03,5.414684957356336781e+03,3.115573716056734611e+03
2.903000000000000000e+03,1.078080333169348887e+04,8.896246355470762865e+03,2.248183870367732197e+03,5.416462873856038641e+03,3.116156587469720307e+03
2.904000000000000000e+03,1.078346886310121045e+04,8.900021220553484454e+03,2.248503985922669472e+03,5.418250240611285335e+03,3.116714636567255184e+03
2.905000000000000000e+03,1.078618579986432269e+04,8.903920508445931773e+03,2.248814293011289465e+03,5.420040596014463517e+03,3.117330910838569707e+03
2.906000000000000000e+03,1.078905175435686033e+04,8.907925918958555485e+03,2.249126586527901054e+03,5.421885840771396943e+03,3.118039327057565970e+03
2.907000000000000000e+03,1.079203968900319524e+04,8.912058638336389777e+03,2.249412262042168095e+03,5.423842151818072125e+03,3.118785275142953196e+03
2.908000000000000000e+03,1.079509006408941059e+04,8.916282455190646942e+03,2.249684349772612222e+03,5.425871241388567796e+03,3.119534472928229661e+03
2.909000000000000000e+03,1.079807099426146669e+04,8.920478413870392615e+03,2.249912948150169541e+03,5.427890338497110861e+03,3.120267707614187657e+03
2.910000000000000000e+03,1.080096528995484732e+04,8.924689082105056514e+03,2.250135300726151399e+03,5.429888223869505055e+03,3.120941765359190413e+03
2.911000000000000000e+03,1.080373722946689486e+04,8.928888839593782905e+03,2.250334525152798506e+03,5.431837740674107408e+03,3.121564963639989401e+03
2.912000000000000000e+03,1.080653561731673835e+04,8.932967270987588563e+03,2.250560093519044585e+03,5.433763422903022729e+03,3.122212100894671948e+03
2.913000000000000000e+03,1.080943958928829124e+04,8.937077131890288001e+03,2.250845178200605915e+03,5.435721192967538627e+03,3.122873218120144884e+03
2.914000000000000000e+03,1.081235790946182533e+04,8.941142163231044833e+03,2.251162063284743454e+03,5.437646428220912640e+03,3.123549417956168327e+03
2.915000000000000000e+03,1.081516862869548822e+04,8.945198060967848505e+03,2.251491789505141696e+03,5.439504820317019949e+03,3.124172018873321576e+03
2.916000000000000000e+03,1.081795973055656577e+04,8.949211455096852660e+03,2.251828812530938194e+03,5.441347140452502572e+03,3.124783777573128646e+03
2.917000000000000000e+03,1.082076150772747314e+04,8.953215259399066781e+03,2.252157627436115945e+03,5.443178935651350002e+03,3.125424944640005833e+03
2.918000000000000000e+03,1.082349166072451044e+04,8.957137920223643960e+03,2.252484665172897621e+03,5.444992988991920356e+03,3.126014006559690188e+03
2.919000000000000000e+03,1.082622887394831196e+04,8.961111905669431508e+03,2.252797478014382705e+03,5.446865708433207146e+03,3.126565687500722106e+03
2.920000000000000000e+03,1.082889837308096685e+04,8.965081794826797704e+03,2.253087178106710780e+03,5.448764950362043237e+03,3.127046244612212377e+03
2.921000000000000000e+03,1.083151854084362094e+04,8.969075160239473917e+03,2.253357326673487023e+03,5.450625788163718425e+03,3.127535426006414127e+03
2.922000000000000000e+03,1.083401616783098689e+04,8.972961703231085266e+03,2.253612884708243655e+03,5.452403308237265264e+03,3.127999974885477513e+03
2.923000000000000000e+03,1.083648019192745596e+04,8.976864236668072408e+03,2.253896559576155596e+03,5.454151219445192510e+03,3.128432412906108766e+03
2.924000000000000000e+03,1.083896632035602124e+04,8.980823619815420898e+03,2.254194200264715164e+03,5.455897819172191703e+03,3.128874300919113011e+03
2.925000000000000000e+03,1.084163863002799735e+04,8.984940996588464259e+03,2.254544804181475229e+03,5.457676585016291028e+03,3.129417240830232004e+03
2.926000000000000000e+03,1.084449037094727464e+04,8.989226285745178757e+03,2.254940873347579782e+03,5.459516015033436815e+03,3.130033482566257589e+03
2.927000000000000000e+03,1.084743862763712968e+04,8.993613218721384328e+03,2.255367003775841567e+03,5.461388935388267782e+03,3.130682688473023063e+03
2.928000000000000000e+03,1.085040406726614310e+04,8.997936041830145768e+03,2.255774684645302841e+03,5.463284690079484790e+03,3.131344692541354561e+03
2.929000000000000000e+03,1.085338986112735256e+04,9.002220384357900912e+03,2.256162421386702590e+03,5.465254172403999291e+03,3.131973267336649769e+03
2.930000000000000000e+03,1.085638461028200072e+04,9.006351325130275654e+03,2.256530328721518799e+03,5.467267156599826194e+03,3.132587124960658002e+03
2.931000000000000000e+03,1.085931017468790014e+04,9.010339946307261926e+03,2.256896581109695944e+03,5.469266207049709010e+03,3.133147386528492916e+03
2.932000000000000000e+03,1.086218748662413782e+04,9.014346384984190081e+03,2.257282022533598592e+03,5.471213918827999805e+03,3.133691545262538057e+03
2.933000000000000000e+03,1.086500379914201767e+04,9.018269226297108617e+03,2.257663886851293682e+03,5.473139675067785902e+03,3.134200237222938995e+03
2.934000000000000000e+03,1.086771808560422687e+04,9.022095945031256633e+03,2.258034802131459401e+03,5.475065194130030250e+03,3.134618089342734493e+03
2.935000000000000000e+03,1.087045624587467501e+04,9.025931926356226541e+03,2.258389884790592532e+03,5.477010595004264360e+03,3.135055766079819023e+03
2.936000000000000000e+03,1.087316012759793557e+04,9.029737578294831110e+03,2.258728256575337127e+03,5.478910754569058554e+03,3.135521116453541708e+03
2.937000000000000000e+03,1.087593749491741073e+04,9.033615824085096392e+03,2.259101295777778887e+03,5.480793630940250296e+03,3.136042568199381549e+03
2.938000000000000000e+03,1.087872366861131013e+04,9.037558053219783687e+03,2.259464947619582745e+03,5.482692623991916662e+03,3.136566096999808906e+03
2.939000000000000000e+03,1.088143835350296285e+04,9.041496504864378949e+03,2.259790364082039559e+03,5.484573108027502713e+03,3.137074881393421947e+03
2.940000000000000000e+03,1.088411775220915297e+04,9.045437108090180118e+03,2.260102254008558248e+03,5.486439651710602448e+03,3.137575846489994092e+03
2.941000000000000000e+03,1.088680259566426685e+04,9.049303384831855510e+03,2.260468894795280903e+03,5.488287105005350895e+03,3.138046595863635957e+03
2.942000000000000000e+03,1.088958264447191686e+04,9.053186870783842096e+03,2.260893922282430140e+03,5.490159560730835437e+03,3.138529161458654016e+03
2.943000000000000000e+03,1.089232287224105312e+04,9.056951797358646218e+03,2.261335999534749590e+03,5.491992323493561344e+03,3.138994549212744005e+03
2.944000000000000000e+03,1.089493368969336370e+04,9.060527379942222979e+03,2.261737973284981308e+03,5.493763449475837660e+03,3.139432266932546099e+03
2.945000000000000000e+03,1.089752822403681967e+04,9.064129474970986848e+03,2.262103348776001440e+03,5.495543744243828769e+03,3.139881131016992185e+03
2.946000000000000000e+03,1.090007805960337282e+04,9.067729109283283833e+03,2.262478324173250257e+03,5.497359282725277808e+03,3.140240452704846575e+03
2.947000000000000000e+03,1.090273481077637553e+04,9.071357837062820181e+03,2.262874010477381489e+03,5.499276119833766643e+03,3.140584680465227393e+03
2.948000000000000000e+03,1.090547103579362374e+04,9.075058673426277892e+03,2.263298359578584041e+03,5.501213397984938638e+03,3.140959278230100153e+03
2.949000000000000000e+03,1.090812252421805351e+04,9.078657452241044666e+03,2.263718438083189994e+03,5.503118722782125587e+03,3.141285363352739296e+03
2.950000000000000000e+03,1.091081532841672015e+04,9.082289414760816726e+03,2.264133358379314359e+03,5.505060525994171257e+03,3.141621444043236352e+03
2.951000000000000000e+03,1.091355324562439819e+04,9.086036374916306158e+03,2.264541680026405629e+03,5.507041352819363055e+03,3.141970212778630867e+03
2.952000000000000000e+03,1.091639596440131572e+04,9.089847959331940729e+03,2.264957981398099491e+03,5.509055805565428273e+03,3.142382177437788414e+03
2.953000000000000000e+03,1.091922864047339863e+04,9.093600384898685661e+03,2.265346153858335128e+03,5.511098542125851964e+03,3.142783944489211990e+03
2.954000000000000000e+03,1.092207048288454644e+04,9.097346484529685767e+03,2.265761558478638563e+03,5.513140770744787005e+03,3.143168153661124052e+03
2.955000000000000000e+03,1.092496535840834258e+04,9.101151527862461080e+03,2.266219118523543330e+03,5.515169694150811665e+03,3.143576545733987132e+03
2.956000000000000000e+03,1.092789510132798932e+04,9.104878082199380515e+03,2.266691706079221603e+03,5.517205741102762659e+03,3.143997654146006425e+03
2.957000000000000000e+03,1.093078788463993806e+04,9.108569257542258129e+03,2.267138478133591889e+03,5.519255808055236230e+03,3.144393598451109938e+03
2.958000000000000000e+03,1.093356455716437995e+04,9.112199636815312260e+03,2.267573168347447790e+03,5.521280317685712362e+03,3.144711071131222070e+03
2.959000000000000000e+03,1.093630529594644395e+04,9.115828847336902982e+03,2.268015558572787995e+03,5.523300942623709489e+03,3.144988794749945555e+03
2.960000000000000000e+03,1.093910563898617511e+04,9.119475190974528232e+03,2.268461066049966576e+03,5.525370914128190634e+03,3.145273658808016080e+03
2.961000000000000000e+03,1.094197657375191375e+04,9.123127620584524266e+03,2.268927958852077154e+03,5.527473076082864281e+03,3.145575538816971857e+03
2.962000000000000000e+03,1.094488394041634820e+04,9.126793910455775404e+03,2.269390320259180044e+03,5.529619167340361855e+03,3.145874452816805842e+03
2.963000000000000000e+03,1.094771387717189464e+04,9.130370938194739210e+03,2.269810826284395262e+03,5.531757198625909950e+03,3.146145852261589425e+03
2.964000000000000000e+03,1.095051663960059159e+04,9.133813298519453383e+03,2.270226069140866002e+03,5.533891784278886917e+03,3.146398786180839124e+03
2.965000000000000000e+03,1.095333211675127313e+04,9.137225800394960970e+03,2.270664045615436862e+03,5.535995228088119802e+03,3.146672843047718288e+03
2.966000000000000000e+03,1.095606599456448566e+04,9.140476678879744213e+03,2.271105878312719142e+03,5.538015244132061525e+03,3.146944872119706815e+03
2.967000000000000000e+03,1.095885951093684525e+04,9.143740986551883907e+03,2.271546186034612674e+03,5.540034304685244933e+03,3.147279020216986737e+03
2.968000000000000000e+03,1.096163556920343763e+04,9.147046175975148799e+03,2.271999542504482633e+03,5.541959225384345700e+03,3.147676801314611112e+03
2.969000000000000000e+03,1.096445174749968646e+04,9.150412285030344719e+03,2.272448513341892976e+03,5.543876974989014343e+03,3.148126259168778233e+03
2.970000000000000000e+03,1.096719310930195570e+04,9.153644096749894743e+03,2.272871397594921746e+03,5.545779231026093839e+03,3.148542480680937842e+03
2.971000000000000000e+03,1.096994404588822727e+04,9.156866581962001874e+03,2.273253031515191651e+03,5.547741819002529155e+03,3.148949195370505095e+03
2.972000000000000000e+03,1.097279209509053544e+04,9.160208203145881271e+03,2.273629074615028458e+03,5.549727258449439432e+03,3.149435762026068005e+03
2.973000000000000000e+03,1.097576885796880742e+04,9.163624311320570996e+03,2.274032418953657270e+03,5.551752791362845528e+03,3.149983647652304171e+03
2.974000000000000000e+03,1.097889419010355778e+04,9.167132738384822005e+03,2.274457644743523815e+03,5.553804064516566541e+03,3.150632480843467874e+03
2.975000000000000000e+03,1.098206601566753670e+04,9.170620385511641871e+03,2.274874887378062795e+03,5.555894731761383809e+03,3.151296396528091918e+03
2.976000000000000000e+03,1.098522925304212185e+04,9.174035308977887325e+03,2.275293836028814439e+03,5.558039673074321399e+03,3.151895743938983742e+03
2.977000000000000000e+03,1.098841229458875569e+04,9.177423613890599881e+03,2.275770562414944834e+03,5.560170359306218415e+03,3.152471372867590617e+03
2.978000000000000000e+03,1.099147387213591173e+04,9.180747065269946688e+03,2.276265871024085754e+03,5.562213529555431705e+03,3.152994471556393364e+03
2.979000000000000000e+03,1.099440564218126201e+04,9.184032142475058208e+03,2.276733169100192754e+03,5.564212823583762656e+03,3.153459649497307510e+03
2.980000000000000000e+03,1.099729329291864633e+04,9.187209352512778423e+03,2.277180046048528311e+03,5.566150655289036877e+03,3.153962591581083416e+03
2.981000000000000000e+03,1.100016631182330821e+04,9.190234778258747610e+03,2.277599736953101001e+03,5.568094272696189364e+03,3.154472302174016932e+03
2.982000000000000000e+03,1.100302492182005335e+04,9.193147784830714954e+03,2.278019884828226168e+03,5.570069914324075398e+03,3.154935122667750420e+03
2.983000000000000000e+03,1.100583915264333700e+04,9.195826208268817936e+03,2.278438818178095516e+03,5.572065677823093210e+03,3.155334656642145092e+03
2.984000000000000000e+03,1.100861150615777478e+04,9.198544724901101290e+03,2.278870982040943545e+03,5.574094206981300886e+03,3.155646317135530808e+03
2.985000000000000000e+03,1.101135960370377688e+04,9.201344375113050774e+03,2.279334707739509668e+03,5.576118615827499525e+03,3.155906280136768146e+03
2.986000000000000000e+03,1.101420674069548841e+04,9.204251022693348204e+03,2.279817321221445582e+03,5.578163375652347895e+03,3.156226043821694475e+03
2.987000000000000000e+03,1.101694069940270856e+04,9.207108026053991125e+03,2.280297324274358289e+03,5.580183341314527752e+03,3.156460033813823884e+03
2.988000000000000000e+03,1.101958394938151832e+04,9.209826747806817366e+03,2.280778172822775105e+03,5.582157378111299295e+03,3.156648398447442560e+03
2.989000000000000000e+03,1.102219454992089959e+04,9.212454082779508099e+03,2.281246307447853724e+03,5.584068428906932240e+03,3.156879813566111807e+03
2.990000000000000000e+03,1.102472554357607623e+04,9.214989763035247961e+03,2.281666861665373290e+03,5.585917786860258275e+03,3.157140895050447853e+03
2.991000000000000000e+03,1.102722150303155286e+04,9.217496642349622562e+03,2.282086329472969737e+03,5.587702761023379935e+03,3.157432412535204094e+03
2.992000000000000000e+03,1.102960844191665637e+04,9.219977102240502063e+03,2.282480146271890590e+03,5.589422653812287535e+03,3.157705641832481888e+03
2.993000000000000000e+03,1.103203790803200718e+04,9.222546434631385637e+03,2.282878046655886010e+03,5.591176804371254548e+03,3.157983057004865714e+03
2.994000000000000000e+03,1.103458685743494243e+04,9.225147723548523572e+03,2.283317166069292398e+03,5.592988285641940820e+03,3.158281405723709213e+03
2.995000000000000000e+03,1.103716502058225888e+04,9.227589506911121134e+03,2.283781271847252356e+03,5.594837022656682166e+03,3.158546726078324809e+03
2.996000000000000000e+03,1.103971214709994456e+04,9.229951357965383067e+03,2.284240144332084128e+03,5.596683206278538819e+03,3.158788796489321157e+03
2.997000000000000000e+03,1.104221801637281533e+04,9.232353811702405437e+03,2.284679209171691582e+03,5.598539950699805559e+03,3.158998856501316368e+03
2.998000000000000000e+03,1.104477225020374135e+04,9.234806458995168214e+03,2.285170612006336341e+03,5.600374564004279819e+03,3.159227074193124281e+03
2.999000000000000000e+03,1.104735816374866044e+04,9.237311931223946885e+03,2.285702151248729933e+03,5.602212274340005024e+03,3.159443738159927761e+03
3.000000000000000000e+03,1.104991656564116420e+04,9.239811141469599534e+03,2.286217370679823034e+03,5.603990375597162711e+03,3.159708819364180272e+03
3.001000000000000000e+03,1.105250451998513927e+04,9.242441431240944439e+03,2.286721315850909377e+03,5.605818643709871139e+03,3.159964560424361025e+03
3.002000000000000000e+03,1.105509496236937230e+04,9.245070934929561190e+03,2.287260422941458728e+03,5.607657759747622549e+03,3.160176779680292384e+03
3.003000000000000000e+03,1.105765452634271242e+04,9.247705264909023754e+03,2.287824502753254819e+03,5.609505646610402437e+03,3.160324376979055614e+03
3.004000000000000000e+03,1.106015038678979363e+04,9.250230289211656782e+03,2.288401772888783853e+03,5.611345315453503645e+03,3.160403298447506586e+03
3.005000000000000000e+03,1.106266070272763318e+04,9.252817303209778402e+03,2.288941095091781790e+03,5.613236614914122583e+03,3.160482992721727896e+03
3.006000000000000000e+03,1.106518414474491328e+04,9.255385406310677354e+03,2.289434163960022488e+03,5.615098403233549107e+03,3.160651577551342598e+03
3.007000000000000000e+03,1.106774959476276308e+04,9.258010338091944504e+03,2.289948806551004509e+03,5.616889610915197409e+03,3.160911177296562983e+03
3.008000000000000000e+03,1.107038370213227972e+04,9.260664306535543801e+03,2.290508205872397866e+03,5.618700877649784161e+03,3.161174618610097696e+03
3.009000000000000000e+03,1.107314399775524544e+04,9.263518071523634717e+03,2.291083164747244155e+03,5.620556250751403240e+03,3.161504582256598042e+03
3.010000000000000000e+03,1.107594258049800010e+04,9.266410771235628999e+03,2.291653855413281235e+03,5.622395438472998649e+03,3.161893286611719304e+03
3.011000000000000000e+03,1.107874375492894251e+04,9.269369765759485745e+03,2.292205191700723844e+03,5.624228618734297015e+03,3.162309944493920739e+03
3.012000000000000000e+03,1.108147757853625444e+04,9.272420045381921227e+03,2.292768412475153127e+03,5.626034448716762199e+03,3.162674717344337296e+03
3.013000000000000000e+03,1.108407815503884012e+04,9.275389843841678157e+03,2.293383662783576710e+03,5.627765287623360564e+03,3.162929204631905577e+03
3.014000000000000000e+03,1.108671120362901820e+04,9.278396007073870351e+03,2.294053959296642461e+03,5.629475118277825459e+03,3.163182126054548462e+03
3.015000000000000000e+03,1.108941637293781059e+04,9.281358109116879859e+03,2.294758723155688131e+03,5.631151088735232406e+03,3.163506561046890965e+03
3.016000000000000000e+03,1.109212405953044617e+04,9.284289444486623324e+03,2.295453330907053896e+03,5.632825503797356760e+03,3.163845224826037338e+03
3.017000000000000000e+03,1.109482487438813769e+04,9.287182239349960582e+03,2.296078776620869576e+03,5.634520039874722897e+03,3.164226057892543395e+03
3.018000000000000000e+03,1.109749292338100713e+04,9.290124690637279855e+03,2.296663984453906778e+03,5.636235641703455258e+03,3.164593297223648278e+03
3.019000000000000000e+03,1.110024194394501501e+04,9.293139114564457486e+03,2.297279109778491147e+03,5.637998453537717069e+03,3.164964380628805429e+03
3.020000000000000000e+03,1.110306142603763328e+04,9.296226292859850219e+03,2.297929418577376055e+03,5.639748567636393091e+03,3.165383439823865956e+03
3.021000000000000000e+03,1.110592495145986686e+04,9.299486979951445392e+03,2.298629169425142663e+03,5.641535156086385541e+03,3.165760625948340476e+03
3.022000000000000000e+03,1.110877371571017284e+04,9.302785189248097595e+03,2.299317477556091490e+03,5.643326227126223785e+03,3.166130011027856199e+03
3.023000000000000000e+03,1.111146323943858806e+04,9.305944476644359383e+03,2.299932798422279120e+03,5.645015166790941294e+03,3.166515274225365829e+03
3.024000000000000000e+03,1.111407407138401504e+04,9.309045885609708421e+03,2.300529552368906479e+03,5.646658286102630882e+03,3.166886232912474497e+03
3.025000000000000000e+03,1.111664852859769962e+04,9.312119162677192435e+03,2.301125107644146738e+03,5.648315100733222607e+03,3.167208320220331188e+03
3.026000000000000000e+03,1.111916718843447597e+04,9.315167293873657400e+03,2.301701134704033393e+03,5.649976346266202199e+03,3.167489707464239473e+03
3.027000000000000000e+03,1.112167327461036075e+04,9.318124924134232060e+03,2.302271182117639910e+03,5.651608956084101010e+03,3.167793136408619375e+03
3.028000000000000000e+03,1.112415594331486864e+04,9.321000038621317799e+03,2.302843691895264328e+03,5.653237190759292389e+03,3.168075060660312374e+03
3.029000000000000000e+03,1.112663293096637244e+04,9.323884828352594923e+03,2.303458324141521189e+03,5.654823793621757432e+03,3.168350813203095640e+03
3.030000000000000000e+03,1.112909188400735729e+04,9.326754117691587453e+03,2.304066245443956177e+03,5.656355446643853611e+03,3.168670191919548870e+03
3.031000000000000000e+03,1.113155256882033791e+04,9.329632970348422532e+03,2.304631892702832374e+03,5.657930981829709708e+03,3.168989694287797647e+03
3.032000000000000000e+03,1.113394357513590694e+04,9.332432892320246538e+03,2.305159606394541697e+03,5.659474755606488543e+03,3.169309213134876700e+03
3.033000000000000000e+03,1.113626220281522910e+04,9.335172546831574437e+03,2.305633831242553242e+03,5.661025512523758152e+03,3.169602859048914070e+03
3.034000000000000000e+03,1.113860794418273326e+04,9.337961350953635701e+03,2.306082568256531886e+03,5.662594766851776512e+03,3.169930609074423955e+03
3.035000000000000000e+03,1.114098127359757564e+04,9.340873730126118971e+03,2.306514286956867181e+03,5.664216928791255668e+03,3.170250057849455061e+03
3.036000000000000000e+03,1.114333714340608094e+04,9.343695159894678000e+03,2.306933840460023475e+03,5.665878549084183760e+03,3.170524753861873705e+03
3.037000000000000000e+03,1.114575101175423515e+04,9.346453482992834324e+03,2.307358730367754106e+03,5.667582075512194024e+03,3.170810205874287021e+03
3.038000000000000000e+03,1.114822828647108327e+04,9.349285424702149612e+03,2.307813146420476187e+03,5.669304316547138114e+03,3.171110823503467600e+03
3.039000000000000000e+03,1.115067739606584291e+04,9.352071673782393191e+03,2.308262012072462312e+03,5.670981056151391385e+03,3.171434327841989671e+03
3.040000000000000000e+03,1.115317434599068474e+04,9.354887183441063826e+03,2.308729908052034261e+03,5.672642880916966533e+03,3.171801557021686222e+03
3.041000000000000000e+03,1.115570256166553190e+04,9.357840694737058584e+03,2.309154337030001443e+03,5.674349966356478035e+03,3.172198258279051515e+03
3.042000000000000000e+03,1.115827789381692128e+04,9.360973628746847680e+03,2.309500495332674291e+03,5.676137658830495639e+03,3.172639739653753168e+03
3.043000000000000000e+03,1.116086684700067781e+04,9.364190357004676116e+03,2.309812444078375847e+03,5.677929378876571718e+03,3.173125024045729333e+03
3.044000000000000000e+03,1.116349079080387128e+04,9.367348175791441463e+03,2.310132797380176726e+03,5.679718005954489854e+03,3.173639987469204243e+03
3.045000000000000000e+03,1.116615903376304414e+04,9.370351089217323533e+03,2.310494230513567345e+03,5.681496838803150240e+03,3.174167964446326096e+03
3.046000000000000000e+03,1.116891173439455088e+04,9.373232026429126563e+03,2.310938123624485343e+03,5.683262828662219363e+03,3.174710782107847081e+03
3.047000000000000000e+03,1.117171093529436439e+04,9.376133564077279516e+03,2.311415258188156258e+03,5.685045168760147135e+03,3.175250508346060997e+03
3.048000000000000000e+03,1.117459153896983116e+04,9.379242519649114911e+03,2.311883071715134975e+03,5.686906342528818641e+03,3.175802124725873909e+03
3.049000000000000000e+03,1.117749989586374068e+04,9.382407983830629746e+03,2.312319367209777738e+03,5.688816723713474858e+03,3.176363804940486261e+03
3.050000000000000000e+03,1.118037862538328227e+04,9.385576626874970316e+03,2.312722838079132543e+03,5.690740431697697204e+03,3.176915355606452522e+03
3.051000000000000000e+03,1.118333252551379519e+04,9.388855975754824613e+03,2.313164535161217373e+03,5.692670129608984098e+03,3.177497860743593264e+03
3.052000000000000000e+03,1.118628014957892083e+04,9.392155969398734669e+03,2.313622870764464551e+03,5.694601184206824655e+03,3.178056094607632076e+03
3.053000000000000000e+03,1.118922904509206273e+04,9.395336481086293134e+03,2.314054765158916325e+03,5.696553746313873489e+03,3.178620533619272919e+03
3.054000000000000000e+03,1.119215952794662371e+04,9.398496239508338476e+03,2.314485698687124568e+03,5.698480425900235787e+03,3.179193403359260628e+03
3.055000000000000000e+03,1.119508600149042468e+04,9.401639518088108161e+03,2.314899149345207661e+03,5.700384439536757782e+03,3.179802412608456962e+03
3.056000000000000000e+03,1.119804701502809985e+04,9.404857967608852050e+03,2.315285096604424780e+03,5.702319144213275649e+03,3.180442774210400330e+03
3.057000000000000000e+03,1.120101279954800520e+04,9.408087283706339804e+03,2.315657989864042065e+03,5.704253462883714747e+03,3.181101346800248393e+03
3.058000000000000000e+03,1.120402255826600231e+04,9.411337395725637180e+03,2.316102887466528955e+03,5.706185011818472958e+03,3.181734658980998120e+03
3.059000000000000000e+03,1.120709279178187353e+04,9.414595164004465914e+03,2.316617990737966466e+03,5.708106625715330665e+03,3.182368175328577308e+03
3.060000000000000000e+03,1.121018468220557224e+04,9.417926001902187636e+03,2.317152156578821632e+03,5.710032229769918558e+03,3.183000295856833873e+03
3.061000000000000000e+03,1.121332365464690520e+04,9.421189186551482635e+03,2.317685054063878397e+03,5.712018787382709888e+03,3.183619813200315548e+03
3.062000000000000000e+03,1.121639209508054773e+04,9.424336761270284114e+03,2.318207779426485104e+03,5.713989480818741868e+03,3.184194834835323036e+03
3.063000000000000000e+03,1.121921735991028254e+04,9.427282318941050107e+03,2.318653896299228109e+03,5.715891509881094862e+03,3.184671953729958659e+03
3.064000000000000000e+03,1.122191691970325155e+04,9.430135442539707583e+03,2.319056553660768259e+03,5.717764671230180284e+03,3.185095694812303009e+03
3.065000000000000000e+03,1.122461751780466329e+04,9.433059216285226285e+03,2.319448603448557151e+03,5.719609048596925277e+03,3.185559865759178592e+03
3.066000000000000000e+03,1.122739171480582809e+04,9.436088529352391561e+03,2.319854683142102203e+03,5.721466510305308475e+03,3.186070521358419683e+03
3.067000000000000000e+03,1.123021449535755346e+04,9.439160064391855485e+03,2.320237415368575967e+03,5.723351161069143018e+03,3.186625918919834476e+03
3.068000000000000000e+03,1.123310132676179092e+04,9.442197982427029274e+03,2.320610862652127253e+03,5.725247764673736128e+03,3.187242699435925715e+03
3.069000000000000000e+03,1.123593216156186463e+04,9.445220554546240237e+03,2.320982032137307215e+03,5.727098069072928411e+03,3.187852060351629916e+03
3.070000000000000000e+03,1.123867134829701354e+04,9.448261396936328310e+03,2.321369773683593394e+03,5.728932614044106231e+03,3.188368960569315277e+03
3.071000000000000000e+03,1.124132710588830196e+04,9.451249046630395242e+03,2.321755525759351258e+03,5.730771749080368863e+03,3.188799831048580927e+03
3.072000000000000000e+03,1.124397037994182028e+04,9.454287660133322788e+03,2.322169995116706104e+03,5.732611461936522574e+03,3.189188922888591151e+03
3.073000000000000000e+03,1.124672477428314778e+04,9.457453311362995009e+03,2.322595475032368086e+03,5.734469067421711770e+03,3.189660231829069289e+03
3.074000000000000000e+03,1.124949347275342006e+04,9.460694965746128219e+03,2.323017097870896578e+03,5.736335309873056758e+03,3.190141065009464000e+03
3.075000000000000000e+03,1.125224295999209789e+04,9.463968888510726174e+03,2.323471067608028534e+03,5.738218395013193913e+03,3.190553497370875903e+03
3.076000000000000000e+03,1.125489870616969165e+04,9.467135965981482514e+03,2.323932387756854041e+03,5.740044947909549592e+03,3.190921370503287562e+03
3.077000000000000000e+03,1.125745610788599151e+04,9.470118150789870924e+03,2.324380508883752555e+03,5.741795951418414916e+03,3.191279647583823589e+03
3.078000000000000000e+03,1.126000394260112262e+04,9.473100029253608227e+03,2.324807852437455495e+03,5.743574158527079817e+03,3.191621931636586851e+03
3.079000000000000000e+03,1.126260650883181552e+04,9.476127302670363861e+03,2.325177492500431072e+03,5.745418519718195967e+03,3.192010496613187115e+03
3.080000000000000000e+03,1.126524424851002004e+04,9.479154676872471100e+03,2.325542349816241313e+03,5.747280547969434338e+03,3.192421350724345302e+03
3.081000000000000000e+03,1.126786517898470993e+04,9.482154658988449228e+03,2.325940786042147920e+03,5.749100163541854272e+03,3.192824229400706827e+03
3.082000000000000000e+03,1.127055421000757269e+04,9.485269840436818413e+03,2.326323378978223445e+03,5.750961429462546221e+03,3.193269401566801662e+03
3.083000000000000000e+03,1.127317864007450771e+04,9.488321200489241164e+03,2.326667268006833183e+03,5.752845024602838748e+03,3.193666347464833507e+03
3.084000000000000000e+03,1.127558627534114567e+04,9.491126346012242720e+03,2.326939076476731316e+03,5.754700591937827994e+03,3.193946606926586355e+03
3.085000000000000000e+03,1.127790205555158718e+04,9.493790384536952843e+03,2.327193002935301593e+03,5.756561870907562479e+03,3.194147181708724020e+03
3.086000000000000000e+03,1.128021354917726239e+04,9.496350449091720293e+03,2.327502080875763568e+03,5.758386781389438511e+03,3.194324686912060315e+03
3.087000000000000000e+03,1.128255990766770810e+04,9.498926425976080282e+03,2.327825448915418747e+03,5.760216613591792338e+03,3.194517845160496108e+03
3.088000000000000000e+03,1.128493324962947918e+04,9.501486709559929295e+03,2.328156405260681822e+03,5.762044868897374727e+03,3.194731975471423539e+03
3.089000000000000000e+03,1.128717466339902239e+04,9.504035356523796509e+03,2.328465800601827596e+03,5.763786003930868901e+03,3.194922858866325441e+03
3.090000000000000000e+03,1.128935852345260537e+04,9.506595345282416019e+03,2.328764534992839799e+03,5.765470997045826152e+03,3.195122991413937598e+03
3.091000000000000000e+03,1.129146969026052466e+04,9.509187339487649297e+03,2.329049060541808103e+03,5.767105205003849733e+03,3.195315424714867277e+03
3.092000000000000000e+03,1.129346286316876103e+04,9.511681611487021655e+03,2.329289743346968407e+03,5.768719564997072666e+03,3.195453554824717685e+03
3.093000000000000000e+03,1.129545150391370044e+04,9.514107298900076785e+03,2.329541554677130080e+03,5.770353798181942693e+03,3.195556151054628572e+03
3.094000000000000000e+03,1.129741548068539669e+04,9.516493290871989302e+03,2.329833122804972845e+03,5.771976101383015703e+03,3.195606256497409049e+03
3.095000000000000000e+03,1.129929941563527609e+04,9.518799252347620495e+03,2.330083480988199426e+03,5.773567488975505512e+03,3.195648445671568879e+03
3.096000000000000000e+03,1.130122526862500490e+04,9.521089964134103866e+03,2.330335770510244402e+03,5.775193196795155018e+03,3.195696301319607301e+03
3.097000000000000000e+03,1.130306001021427073e+04,9.523306719934684224e+03,2.330544335702446915e+03,5.776840198110829078e+03,3.195675476400993375e+03
3.098000000000000000e+03,1.130487046341586756e+04,9.525566996332756389e+03,2.330753767830438846e+03,5.778428520989607932e+03,3.195688174595822147e+03
3.099000000000000000e+03,1.130672148311297678e+04,9.527813257535961384e+03,2.331026749974756058e+03,5.780013184177923904e+03,3.195681548960297278e+03
3.100000000000000000e+03,1.130867123720462405e+04,9.530121894494399385e+03,2.331346736751384014e+03,5.781678297739749723e+03,3.195646202713488492e+03
3.101000000000000000e+03,1.131066694224377534e+04,9.532505121667087224e+03,2.331699423072987884e+03,5.783389937924568585e+03,3.195577581246217051e+03
3.102000000000000000e+03,1.131259915789030310e+04,9.534694456111612453e+03,2.332087507338145315e+03,5.785054465005208840e+03,3.195457185546947585e+03
3.103000000000000000e+03,1.131445877402064252e+04,9.536759196369474012e+03,2.332420760119091938e+03,5.786708821655017346e+03,3.195329192246531875e+03
3.104000000000000000e+03,1.131635881278454144e+04,9.538764659412750916e+03,2.332718152217422357e+03,5.788376593723451151e+03,3.195264066843669298e+03
3.105000000000000000e+03,1.131840810353557208e+04,9.540884464748658502e+03,2.333032795894269839e+03,5.790169363272281771e+03,3.195205944369020472e+03
3.106000000000000000e+03,1.132042285152883051e+04,9.543025770862128411e+03,2.333335330419497950e+03,5.792008079741691290e+03,3.195079441367640356e+03
3.107000000000000000e+03,1.132237381810179068e+04,9.545191980652149141e+03,2.333613311532522403e+03,5.793842185739491470e+03,3.194918320829777258e+03
3.108000000000000000e+03,1.132433886352539048e+04,9.547390025539698399e+03,2.333932179629473922e+03,5.795639239713515053e+03,3.194767444182401050e+03
3.109000000000000000e+03,1.132637187533994802e+04,9.549578894928530644e+03,2.334313151218057556e+03,5.797383311504072481e+03,3.194675412617817983e+03
3.110000000000000000e+03,1.132845101955306018e+04,9.551718932085401320e+03,2.334778411165561920e+03,5.799060101419732746e+03,3.194612506967766421e+03
3.111000000000000000e+03,1.133058268556331677e+04,9.553788837702040837e+03,2.335281486041805692e+03,5.800740090009050618e+03,3.194561109512459552e+03
3.112000000000000000e+03,1.133277566911701069e+04,9.555866268625164594e+03,2.335799162149764925e+03,5.802460115668492108e+03,3.194516391298753661e+03
3.113000000000000000e+03,1.133495797977535767e+04,9.557980782895390803e+03,2.336299229104717597e+03,5.804253511808044095e+03,3.194405238862596434e+03
3.114000000000000000e+03,1.133708520119750938e+04,9.560003297276105513e+03,2.336788906738535843e+03,5.806030713352871317e+03,3.194265581106100399e+03
3.115000000000000000e+03,1.133921324544633171e+04,9.562057536211164916e+03,2.337267593821708033e+03,5.807787487062391847e+03,3.194158164562232741e+03
3.116000000000000000e+03,1.134142760545855344e+04,9.564231742658152143e+03,2.337736958455999229e+03,5.809515325832076087e+03,3.194175321170476309e+03
3.117000000000000000e+03,1.134360789096308326e+04,9.566370689555553326e+03,2.338207069112764202e+03,5.811162674991992390e+03,3.194238146858325308e+03
3.118000000000000000e+03,1.134569689472376012e+04,9.568442615653357279e+03,2.338645692905779015e+03,5.812779965538435135e+03,3.194271236279545519e+03
3.119000000000000000e+03,1.134774836213020535e+04,9.570499984525164109e+03,2.339081038708050073e+03,5.814413354613460797e+03,3.194253968808697209e+03
3.120000000000000000e+03,1.134970667579374640e+04,9.572493365726970296e+03,2.339553345513992099e+03,5.816004186429547190e+03,3.194149143850210748e+03
3.121000000000000000e+03,1.135176402411589879e+04,9.574508239187865911e+03,2.340094692117992508e+03,5.817667445411700101e+03,3.194001886586208002e+03
3.122000000000000000e+03,1.135387710402551784e+04,9.576615037831677910e+03,2.340631052452578388e+03,5.819376586926427990e+03,3.193869464646511005e+03
3.123000000000000000e+03,1.135597052720209831e+04,9.578692369529981079e+03,2.341121734015851871e+03,5.821117832022127914e+03,3.193730961164118526e+03
3.124000000000000000e+03,1.135797378694596409e+04,9.580746408420487569e+03,2.341569746074573231e+03,5.822831841732673638e+03,3.193572199138718133e+03
3.125000000000000000e+03,1.135998717328281782e+04,9.582805923098332642e+03,2.341989365688593807e+03,5.824582167023310831e+03,3.193415640570914547e+03
3.126000000000000000e+03,1.136206740103582342e+04,9.584927796864934862e+03,2.342393233335887089e+03,5.826353074172513516e+03,3.193321093527424637e+03
3.127000000000000000e+03,1.136429425590563551e+04,9.587132052045462842e+03,2.342851659310125342e+03,5.828147512946079587e+03,3.193295083649431035e+03
3.128000000000000000e+03,1.136664147807210065e+04,9.589346790288027478e+03,2.343344808220682353e+03,5.829955318100355726e+03,3.193341351751063030e+03
3.129000000000000000e+03,1.136903730808045293e+04,9.591601840730018012e+03,2.343880700042780973e+03,5.831765370906958196e+03,3.193391237130716945e+03
3.130000000000000000e+03,1.137140057232370964e+04,9.593833672736498556e+03,2.344443832655649658e+03,5.833512170979114671e+03,3.193444568688944855e+03
3.131000000000000000e+03,1.137382491146264147e+04,9.596095051934738876e+03,2.345011659392700039e+03,5.835269968277263615e+03,3.193543283792678722e+03
3.132000000000000000e+03,1.137630711026682729e+04,9.598305078290713936e+03,2.345594205648419120e+03,5.837059690197782402e+03,3.193653214420624408e+03
3.133000000000000000e+03,1.137879479204147356e+04,9.600595396822956900e+03,2.346159290055625661e+03,5.838867896144171027e+03,3.193767605841676414e+03
3.134000000000000000e+03,1.138124902893761464e+04,9.602891823567826577e+03,2.346683353521828394e+03,5.840711146454186746e+03,3.193854528961598589e+03
3.135000000000000000e+03,1.138372839497932364e+04,9.605215434996320255e+03,2.347158634163224178e+03,5.842599052876820679e+03,3.193970707939281965e+03
3.136000000000000000e+03,1.138629296553434870e+04,9.607569672764549978e+03,2.347634772386375971e+03,5.844535352879718630e+03,3.194122840268256368e+03
3.137000000000000000e+03,1.138884543011023743e+04,9.609968602622480830e+03,2.348100119299883772e+03,5.846468059980125872e+03,3.194277250830229150e+03
3.138000000000000000e+03,1.139128557310110591e+04,9.612307079739672190e+03,2.348560594077222049e+03,5.848376243349510332e+03,3.194348735674374439e+03
3.139000000000000000e+03,1.139367992722867893e+04,9.614600310744766830e+03,2.349020976268100185e+03,5.850268747234998955e+03,3.194390203725577521e+03
3.140000000000000000e+03,1.139602163152405410e+04,9.616850941197330030e+03,2.349454367744131559e+03,5.852140819739402104e+03,3.194426444040520892e+03
3.141000000000000000e+03,1.139839007496096929e+04,9.619090643697534688e+03,2.349850980053202875e+03,5.854012505380102994e+03,3.194526589527662509e+03
3.142000000000000000e+03,1.140077753408718490e+04,9.621420996587023183e+03,2.350236066788191238e+03,5.855921273909304546e+03,3.194620193389692304e+03
3.143000000000000000e+03,1.140315369281582207e+04,9.623637995524948565e+03,2.350640437384697634e+03,5.857835177719186504e+03,3.194678077711937021e+03
3.144000000000000000e+03,1.140560014800852150e+04,9.625946202584827915e+03,2.351066687719204310e+03,5.859768540900342487e+03,3.194764919388975159e+03
3.145000000000000000e+03,1.140817651862747516e+04,9.628475832183316015e+03,2.351498658243938280e+03,5.861778517478867798e+03,3.194899342904669084e+03
3.146000000000000000e+03,1.141078067066455333e+04,9.631120713105075993e+03,2.351955847185655784e+03,5.863810630130130448e+03,3.195014193348766639e+03
3.147000000000000000e+03,1.141333188009289370e+04,9.633801737275400228e+03,2.352427645474016117e+03,5.865859016174260432e+03,3.195045218444617149e+03
3.148000000000000000e+03,1.141589968154740927e+04,9.636421570502447139e+03,2.352916814657574832e+03,5.867918662418715940e+03,3.195064204471117591e+03
3.149000000000000000e+03,1.141849206238663828e+04,9.638961592047086015e+03,2.353392879350161820e+03,5.869986894653231502e+03,3.195112288383243595e+03
3.150000000000000000e+03,1.142109837972726564e+04,9.641615211202544742e+03,2.353818601064485847e+03,5.872044444311547522e+03,3.195235334351230904e+03
3.151000000000000000e+03,1.142369478271814114e+04,9.644358151698850634e+03,2.354233040656110461e+03,5.874046629405827844e+03,3.195415112656199653e+03
3.152000000000000000e+03,1.142635204118199545e+04,9.647145917315017869e+03,2.354712796707396592e+03,5.876033592659048736e+03,3.195605651815546480e+03
3.153000000000000000e+03,1.142902446415001759e+04,9.649847674749376893e+03,2.355214183349516588e+03,5.878000007903358892e+03,3.195810272897139839e+03
3.154000000000000000e+03,1.143162533440997322e+04,9.652505813456720716e+03,2.355718154803617836e+03,5.879920969546071319e+03,3.195986210060280428e+03
3.155000000000000000e+03,1.143420432088066082e+04,9.655231303835333165e+03,2.356243335614895386e+03,5.881803843121194404e+03,3.196157142144568752e+03
3.156000000000000000e+03,1.143687851644192597e+04,9.658014270505576860e+03,2.356795084230164321e+03,5.883644279467533124e+03,3.196439152744229887e+03
3.157000000000000000e+03,1.143961917353160425e+04,9.660773869797922089e+03,2.357370033078697816e+03,5.885498433190639844e+03,3.196750707262267042e+03
3.158000000000000000e+03,1.144222324310974727e+04,9.663357599982768079e+03,2.357862813367679792e+03,5.887299477969162581e+03,3.197060951772903991e+03
3.159000000000000000e+03,1.144471003260856742e+04,9.665885191369232416e+03,2.358274301697216288e+03,5.889090366561228620e+03,3.197345364350124328e+03
3.160000000000000000e+03,1.144708739368287024e+04,9.668399938959541032e+03,2.358664670352735357e+03,5.890791502741826662e+03,3.197631220588311407e+03
3.161000000000000000e+03,1.144947237749795931e+04,9.670952295721732298e+03,2.359103867409199665e+03,5.892421927858371419e+03,3.197946582230387321e+03
3.162000000000000000e+03,1.145191044303819581e+04,9.673552478541461824e+03,2.359587776826734171e+03,5.894041935930797081e+03,3.198280730280665921e+03
3.163000000000000000e+03,1.145441568926438231e+04,9.676169937711334569e+03,2.360132410298456762e+03,5.895661712636825541e+03,3.198621566329099551e+03
3.164000000000000000e+03,1.145700046366232345e+04,9.678772913752267414e+03,2.360720212866395286e+03,5.897274025977875681e+03,3.199006224818051578e+03
3.165000000000000000e+03,1.145970255082377662e+04,9.681449338839996926e+03,2.361379884445772404e+03,5.898915720264939409e+03,3.199406946113064805e+03
3.166000000000000000e+03,1.146242343221858027e+04,9.684122011583460335e+03,2.362029929108352462e+03,5.900625532908613422e+03,3.199767970201612570e+03
3.167000000000000000e+03,1.146512643290878077e+04,9.686821188866271768e+03,2.362689288672484508e+03,5.902375422158271249e+03,3.200061722078024559e+03
3.168000000000000000e+03,1.146776623064961314e+04,9.689515756403869091e+03,2.363315260116816262e+03,5.904080946438620231e+03,3.200370024094175278e+03
3.169000000000000000e+03,1.147035983362669504e+04,9.692209143443020366e+03,2.363884705844385280e+03,5.905788302849176034e+03,3.200686824933133266e+03
3.170000000000000000e+03,1.147287908062152565e+04,9.694746343170934779e+03,2.364425316537081926e+03,5.907478121933143484e+03,3.200975642151300235e+03
3.171000000000000000e+03,1.147539012721572908e+04,9.697230953947908347e+03,2.364950415981119477e+03,5.909178228155727084e+03,3.201261483078884339e+03
3.172000000000000000e+03,1.147780856356220465e+04,9.699828236968902274e+03,2.365423023620215190e+03,5.910915104527474796e+03,3.201470435414513759e+03
3.173000000000000000e+03,1.148028515377104122e+04,9.702468135112238087e+03,2.365900593409507565e+03,5.912655043459520130e+03,3.201729516902013529e+03
3.174000000000000000e+03,1.148277935491897188e+04,9.705062819249167660e+03,2.366415662401314876e+03,5.914325525251635554e+03,3.202038167266021446e+03
3.175000000000000000e+03,1.148527075216322010e+04,9.707659955887167598e+03,2.366917850932163219e+03,5.915965347001779264e+03,3.202387554229276702e+03
3.176000000000000000e+03,1.148766574002954076e+04,9.710253564555647245e+03,2.367424953727723278e+03,5.917545259701835676e+03,3.202695526599979985e+03
3.177000000000000000e+03,1.149011798419727165e+04,9.712902840920120070e+03,2.367934327362131171e+03,5.919182305804868520e+03,3.203001351030271508e+03
3.178000000000000000e+03,1.149262783451725772e+04,9.715582553387845110e+03,2.368466810918573628e+03,5.920855877995726587e+03,3.203305145602957055e+03
3.179000000000000000e+03,1.149499574019027023e+04,9.718188797587506997e+03,2.369002546007718593e+03,5.922423520302020734e+03,3.203569673880530445e+03
3.180000000000000000e+03,1.149724926973437869e+04,9.720730446728366587e+03,2.369518791799222072e+03,5.923962801301398031e+03,3.203767676633759947e+03
3.181000000000000000e+03,1.149949390616393430e+04,9.723181499361493479e+03,2.370056356800606864e+03,5.925509346641370030e+03,3.203928202721960588e+03
3.182000000000000000e+03,1.150181551753409076e+04,9.725706976854817185e+03,2.370609105636814547e+03,5.927077348468290438e+03,3.204129063428986228e+03
3.183000000000000000e+03,1.150417077206374415e+04,9.728353155048993358e+03,2.371168592419837296e+03,5.928654675448093258e+03,3.204347504195813599e+03
3.184000000000000000e+03,1.150645438371375349e+04,9.731056689517696213e+03,2.371736461416177008e+03,5.930199196743506945e+03,3.204518725554069533e+03
3.185000000000000000e+03,1.150855907591932373e+04,9.733698802328563033e+03,2.372266905870802475e+03,5.931660455469955195e+03,3.204631714578566516e+03
3.186000000000000000e+03,1.151063295676683083e+04,9.736292633289145670e+03,2.372756022055657922e+03,5.933131781353369661e+03,3.204745153357803247e+03
3.187000000000000000e+03,1.151266875428569983e+04,9.739005560384774071e+03,2.373166987542502739e+03,5.934609418888365326e+03,3.204892347854831314e+03
3.188000000000000000e+03,1.151476616587363606e+04,9.741812262587303849e+03,2.373532769106784144e+03,5.936154067701493659e+03,3.205079329065359161e+03
3.189000000000000000e+03,1.151692589776296154e+04,9.744637134334212533e+03,2.373933490192769568e+03,5.937720694586676473e+03,3.205271712983515044e+03
3.190000000000000000e+03,1.151899181919280272e+04,9.747382862597622079e+03,2.374306164928635553e+03,5.939198937412693340e+03,3.205486716851474284e+03
3.191000000000000000e+03,1.152098748373610943e+04,9.750042602860205079e+03,2.374691540629670726e+03,5.940639781745254368e+03,3.205656161361185696e+03
3.192000000000000000e+03,1.152302242251620191e+04,9.752678237716925651e+03,2.375113533674724295e+03,5.942123758978099431e+03,3.205785129863380007e+03
3.193000000000000000e+03,1.152489881547249934e+04,9.755235677523776758e+03,2.375544489932595297e+03,5.943551237366636087e+03,3.205803088173267497e+03
3.194000000000000000e+03,1.152673628602531426e+04,9.757832078486899263e+03,2.375969841610201911e+03,5.944949809538398767e+03,3.205816634876714488e+03
3.195000000000000000e+03,1.152857637681404231e+04,9.760528049002708940e+03,2.376409376442758912e+03,5.946310301540522232e+03,3.205856698830759342e+03
3.196000000000000000e+03,1.153049013636582640e+04,9.763250992882143692e+03,2.376863046955167192e+03,5.947677499510760754e+03,3.205949589899900275e+03
3.197000000000000000e+03,1.153260587848228170e+04,9.766091152390266870e+03,2.377365245213157777e+03,5.949106428020975727e+03,3.206134205248149101e+03
3.198000000000000000e+03,1.153483505744831746e+04,9.769028795173298931e+03,2.377921658742506224e+03,5.950573252446984043e+03,3.206340146258829009e+03
3.199000000000000000e+03,1.153709645327855469e+04,9.772023469166129871e+03,2.378496905049688394e+03,5.952057786634343756e+03,3.206541761594519357e+03
3.200000000000000000e+03,1.153942415663911015e+04,9.774997953433774455e+03,2.379049099709894108e+03,5.953584359465037778e+03,3.206790697464175992e+03
3.201000000000000000e+03,1.154174260193071859e+04,9.777868648955973185e+03,2.379575365568676261e+03,5.955076662405542265e+03,3.207090573956501885e+03
3.202000000000000000e+03,1.154402950778693048e+04,9.780707374356128639e+03,2.380031972941595996e+03,5.956623464297370447e+03,3.207374070547966767e+03
3.203000000000000000e+03,1.154636194017821254e+04,9.783520163077268080e+03,2.380516642372193928e+03,5.958187939146131612e+03,3.207657358659886086e+03
3.204000000000000000e+03,1.154874459762590777e+04,9.786330260597229426e+03,2.381016376339733142e+03,5.959779169628893214e+03,3.207949051657280052e+03
3.205000000000000000e+03,1.155112312267746529e+04,9.789150608175998059e+03,2.381469749860795673e+03,5.961422198436446706e+03,3.208231174380222001e+03
3.206000000000000000e+03,1.155340830201386962e+04,9.791968171993883516e+03,2.381866942125473543e+03,5.963011494360672259e+03,3.208529865527724724e+03
3.207000000000000000e+03,1.155573725324109182e+04,9.794852939427109959e+03,2.382327843026796472e+03,5.964608098377981150e+03,3.208801311836316927e+03
3.208000000000000000e+03,1.155794783328416815e+04,9.797651999004974641e+03,2.382771876798414269e+03,5.966174876817956829e+03,3.209001079667795693e+03
3.209000000000000000e+03,1.156020040094156320e+04,9.800391009410926927e+03,2.383212249713987148e+03,5.967796840342283758e+03,3.209191310885294115e+03
3.210000000000000000e+03,1.156251019195820118e+04,9.803058321483908003e+03,2.383669174730886880e+03,5.969443877302412147e+03,3.209397139924901239e+03
3.211000000000000000e+03,1.156485026241437663e+04,9.805783710041609083e+03,2.384156678749150615e+03,5.971027928638040976e+03,3.209665655027183675e+03
3.212000000000000000e+03,1.156715488573626499e+04,9.808568592581905250e+03,2.384665100183448430e+03,5.972525737911879332e+03,3.209964047640938588e+03
3.213000000000000000e+03,1.156949047933230395e+04,9.811228678569845215e+03,2.385182534986738574e+03,5.974008432146556515e+03,3.210299512199008859e+03
3.214000000000000000e+03,1.157182690872668172e+04,9.813870049818291591e+03,2.385716267893152690e+03,5.975527523859263965e+03,3.210583116974263703e+03
3.215000000000000000e+03,1.157428622184382220e+04,9.816497544973459298e+03,2.386285497294028573e+03,5.977096198777051541e+03,3.210904525772742090e+03
3.216000000000000000e+03,1.157681316902231083e+04,9.819167816656798095e+03,2.386864080410005499e+03,5.978707907629517649e+03,3.211241180982790866e+03
3.217000000000000000e+03,1.157924053242381524e+04,9.821692062644784528e+03,2.387401191416452093e+03,5.980268683703996430e+03,3.211570657303363987e+03
3.218000000000000000e+03,1.158170543926479695e+04,9.824207338343181618e+03,2.387921407238337451e+03,5.981841338736050602e+03,3.211942693290411171e+03
3.219000000000000000e+03,1.158412297339186080e+04,9.826761956492635363e+03,2.388385913289807377e+03,5.983455403241269778e+03,3.212281656860782277e+03
3.220000000000000000e+03,1.158655904684926645e+04,9.829367155071855450e+03,2.388813485797576050e+03,5.985091877648420450e+03,3.212653683403269042e+03
3.221000000000000000e+03,1.158904695893056305e+04,9.832010370558198701e+03,2.389227023298521090e+03,5.986818575670815335e+03,3.213001359961225717e+03
3.222000000000000000e+03,1.159150093858573382e+04,9.834684818696981893e+03,2.389646425102207104e+03,5.988529984414569299e+03,3.213324529068956963e+03
3.223000000000000000e+03,1.159384076154764261e+04,9.837319935478659318e+03,2.390030181062820702e+03,5.990148333591512710e+03,3.213662246893309202e+03
3.224000000000000000e+03,1.159617624901372074e+04,9.839991241529516628e+03,2.390410767619200669e+03,5.991775262837423725e+03,3.213990218557095432e+03
3.225000000000000000e+03,1.159850071236737494e+04,9.842702613287750864e+03,2.390789606131585970e+03,5.993411069297201720e+03,3.214300036938586800e+03
3.226000000000000000e+03,1.160094830850499420e+04,9.845495217812240298e+03,2.391213974558578229e+03,5.995105003072325417e+03,3.214629330874089192e+03
3.227000000000000000e+03,1.160347401487492061e+04,9.848268962626021676e+03,2.391640955510215463e+03,5.996817260653824633e+03,3.215015798710880063e+03
3.228000000000000000e+03,1.160604157783551091e+04,9.851076339929632013e+03,2.392049365074296475e+03,5.998564609632611791e+03,3.215427603128604005e+03
3.229000000000000000e+03,1.160863923429532952e+04,9.853918903681747906e+03,2.392499613140440943e+03,6.000360606514839674e+03,3.215779014640048445e+03
3.230000000000000000e+03,1.161127402104033717e+04,9.856802081851610637e+03,2.392967717396595162e+03,6.002156176754704575e+03,3.216150126889033800e+03
3.231000000000000000e+03,1.161397867370905260e+04,9.859790721306770138e+03,2.393455217510215789e+03,6.003976210704780897e+03,3.216547245494056369e+03
3.232000000000000000e+03,1.161673588617491805e+04,9.862786781616769076e+03,2.393956767408359610e+03,6.005814775773208567e+03,3.216964342993350328e+03
3.233000000000000000e+03,1.161947926516025655e+04,9.865767206571763381e+03,2.394469530679068612e+03,6.007605595774592985e+03,3.217404138706594949e+03
3.234000000000000000e+03,1.162215370214361610e+04,9.868645803760398849e+03,2.394967656890652961e+03,6.009296785279688265e+03,3.217889259973275784e+03
3.235000000000000000e+03,1.162473468705402411e+04,9.871360343757458395e+03,2.395442627890714448e+03,6.010931324482092350e+03,3.218360734681217764e+03
3.236000000000000000e+03,1.162739597719211815e+04,9.874140579378648908e+03,2.395887659351944421e+03,6.012651169947499511e+03,3.218857147892674675e+03
3.237000000000000000e+03,1.163004892531677251e+04,9.876949015422409502e+03,2.396275642557701758e+03,6.014435026482006833e+03,3.219338256277063465e+03
3.238000000000000000e+03,1.163267297027738459e+04,9.879648657237514271e+03,2.396594948461717649e+03,6.016247396324499277e+03,3.219830625491166757e+03
3.239000000000000000e+03,1.163523141877824673e+04,9.882208237090695548e+03,2.396914446881070944e+03,6.018065930042459513e+03,3.220251041854714913e+03
3.240000000000000000e+03,1.163799105130785392e+04,9.884856793648707026e+03,2.397283317278924187e+03,6.020091249294607223e+03,3.220616484734321602e+03
3.241000000000000000e+03,1.164076846065405880e+04,9.887568328394439959e+03,2.397696544399346294e+03,6.022126443801104870e+03,3.220945472453609909e+03
3.242000000000000000e+03,1.164345107630963139e+04,9.890243204373109620e+03,2.398129753103413805e+03,6.024071112783805802e+03,3.221250210422409054e+03
3.243000000000000000e+03,1.164611867231440556e+04,9.892788766216228396e+03,2.398563521747481445e+03,6.026009592881686331e+03,3.221545557685234144e+03
3.244000000000000000e+03,1.164873796770993613e+04,9.895350589969639259e+03,2.398976942975580187e+03,6.027931660894225388e+03,3.221829363840129645e+03
3.245000000000000000e+03,1.165137002515926906e+04,9.898040059932240183e+03,2.399381682566448035e+03,6.029872134204293616e+03,3.222116208388526502e+03
3.246000000000000000e+03,1.165400723862559789e+04,9.900873013815096783e+03,2.399765210354446936e+03,6.031826979459054201e+03,3.222415048812098576e+03
3.247000000000000000e+03,1.165665107150220501e+04,9.903717181853133297e+03,2.400181106598264705e+03,6.033780028791198674e+03,3.222689936112742544e+03
3.248000000000000000e+03,1.165928077259360361e+04,9.906536618034284402e+03,2.400618253426875071e+03,6.035700309351015676e+03,3.222962209815711503e+03
3.249000000000000000e+03,1.166185399497631079e+04,9.909362622837488743e+03,2.401065992880047361e+03,6.037584395827043409e+03,3.223203606269220472e+03
3.250000000000000000e+03,1.166439417605749441e+04,9.912186100480425011e+03,2.401459801305561086e+03,6.039449785572711335e+03,3.223484589179220166e+03
3.251000000000000000e+03,1.166690441147695856e+04,9.914931610842098962e+03,2.401834693362911366e+03,6.041325393019865260e+03,3.223744325094179658e+03
3.252000000000000000e+03,1.166940465315372057e+04,9.917639880546166751e+03,2.402198057880355464e+03,6.043230484222563064e+03,3.223976111050799773e+03
3.253000000000000000e+03,1.167200258254119217e+04,9.920444017441985125e+03,2.402552298622281342e+03,6.045229489076894424e+03,3.224220794842019131e+03
3.254000000000000000e+03,1.167469577336590010e+04,9.923389432466739891e+03,2.402895529952664674e+03,6.047326455117321530e+03,3.224473788295913891e+03
3.255000000000000000e+03,1.167727387032282058e+04,9.926192824201181793e+03,2.403213380188624797e+03,6.049348557354574950e+03,3.224711932779623112e+03
3.256000000000000000e+03,1.167980178474241075e+04,9.928910083793292870e+03,2.403555658605376721e+03,6.051330353693912912e+03,3.224915772443123387e+03
3.257000000000000000e+03,1.168224785234790579e+04,9.931505984525620079e+03,2.403939237673888329e+03,6.053223161513305968e+03,3.225085453160713314e+03
3.258000000000000000e+03,1.168467031401180066e+04,9.934034174956483184e+03,2.404332257021392252e+03,6.055094329531024414e+03,3.225243727459383081e+03
3.259000000000000000e+03,1.168700003380053386e+04,9.936424480453415526e+03,2.404678350324993517e+03,6.056921041174263337e+03,3.225400642301277458e+03
3.260000000000000000e+03,1.168931486758045139e+04,9.938783191029237059e+03,2.405017161174349894e+03,6.058711349017383327e+03,3.225586357388715442e+03
3.261000000000000000e+03,1.169162241344416361e+04,9.941102282683919839e+03,2.405340670604310617e+03,6.060490109767060858e+03,3.225791633072795321e+03
3.262000000000000000e+03,1.169388637917150845e+04,9.943464097228172250e+03,2.405632605757531110e+03,6.062259652959138293e+03,3.225994120454838594e+03
3.263000000000000000e+03,1.169606500548435542e+04,9.945718682004178845e+03,2.405937138964614860e+03,6.064005451729452034e+03,3.226122414790289440e+03
3.264000000000000000e+03,1.169819570087507418e+04,9.947949443093457376e+03,2.406270814598241486e+03,6.065663394227983190e+03,3.226261492048850869e+03
3.265000000000000000e+03,1.170041102570016483e+04,9.950285097759595374e+03,2.406630164302024696e+03,6.067325982355157976e+03,3.226454879042980338e+03
3.266000000000000000e+03,1.170268634337556250e+04,9.952660290776404509e+03,2.406968074958090710e+03,6.068977950453146150e+03,3.226740317964322912e+03
3.267000000000000000e+03,1.170496106526248877e+04,9.955104886203054775e+03,2.407252136207377134e+03,6.070593597764015612e+03,3.227115331291097391e+03
3.268000000000000000e+03,1.170728240982894022e+04,9.957499934692978059e+03,2.407557665318950058e+03,6.072151500898708036e+03,3.227573243611281214e+03
3.269000000000000000e+03,1.170953794312243190e+04,9.959772098449777332e+03,2.407861125427093612e+03,6.073675323253290117e+03,3.228001494442051808e+03
3.270000000000000000e+03,1.171165286071029186e+04,9.961919242093210414e+03,2.408102278297544217e+03,6.075196955842757234e+03,3.228353626569989501e+03
3.271000000000000000e+03,1.171369012221372759e+04,9.964011157747379912e+03,2.408316848374418896e+03,6.076716549827977360e+03,3.228656724011330880e+03
3.272000000000000000e+03,1.171570656285025143e+04,9.966083300153752134e+03,2.408537549198667875e+03,6.078252213347111137e+03,3.228916800304471508e+03
3.273000000000000000e+03,1.171779229310539813e+04,9.968193792809985098e+03,2.408788832378165807e+03,6.079820207074302743e+03,3.229183253652929579e+03
3.274000000000000000e+03,1.171987204872156508e+04,9.970343102037601057e+03,2.409042205426585042e+03,6.081384389071585247e+03,3.229445454223396155e+03
3.275000000000000000e+03,1.172189760336175459e+04,9.972450677267379433e+03,2.409254642072630304e+03,6.082927881790603351e+03,3.229715079498520936e+03
3.276000000000000000e+03,1.172387627832867656e+04,9.974496433185282513e+03,2.409430179243355269e+03,6.084452722800791889e+03,3.229993376284525766e+03
3.277000000000000000e+03,1.172588212668800224e+04,9.976535050280535870e+03,2.409586831523942237e+03,6.085994630986883749e+03,3.230300664177177168e+03
3.278000000000000000e+03,1.172775288904162517e+04,9.978659100674061847e+03,2.409710494381486569e+03,6.087527826871067191e+03,3.230514567789072771e+03
3.279000000000000000e+03,1.172966127255534229e+04,9.980858575577147349e+03,2.409826982511497590e+03,6.089123225556161742e+03,3.230711064487683416e+03
3.280000000000000000e+03,1.173165062398186456e+04,9.983077886662342280e+03,2.409922172219110962e+03,6.090766930463413701e+03,3.230961521299337164e+03
3.281000000000000000e+03,1.173360859965170675e+04,9.985354329897423668e+03,2.410017839054100932e+03,6.092433642123179197e+03,3.231157118474427079e+03
3.282000000000000000e+03,1.173560044227768776e+04,9.987565211763881962e+03,2.410147042538607820e+03,6.094074565624587194e+03,3.231378834114490928e+03
3.283000000000000000e+03,1.173764713333487816e+04,9.989862817258830546e+03,2.410254244775133429e+03,6.095758135362282701e+03,3.231634753197463397e+03
3.284000000000000000e+03,1.173977314125874909e+04,9.992285198037101509e+03,2.410327662552023867e+03,6.097529569349281701e+03,3.231915909357445344e+03
3.285000000000000000e+03,1.174197045005884684e+04,9.994811463525222280e+03,2.410423192011671290e+03,6.099331169124367989e+03,3.232216088922808012e+03
3.286000000000000000e+03,1.174413816628270979e+04,9.997309009778313339e+03,2.410544194382961905e+03,6.101144594865806539e+03,3.232449377033940891e+03
3.287000000000000000e+03,1.174630480113749763e+04,9.999767234434435522e+03,2.410624213465807770e+03,6.102992120224508653e+03,3.232688467447181210e+03
3.288000000000000000e+03,1.174850321899497249e+04,1.000230414821012164e+04,2.410651298121443688e+03,6.104875410862835452e+03,3.232976510010694255e+03
3.289000000000000000e+03,1.175072086327021680e+04,1.000490323160552725e+04,2.410698828866483382e+03,6.106751389831659253e+03,3.233270644572073252e+03
3.290000000000000000e+03,1.175277944421987740e+04,1.000742781803953221e+04,2.410715009024184383e+03,6.108543061449900051e+03,3.233521373745792062e+03
3.291000000000000000e+03,1.175475508885372619e+04,1.000982970946790920e+04,2.410701885936837243e+03,6.110319252533879990e+03,3.233733950383010324e+03
3.292000000000000000e+03,1.175665393487732581e+04,1.001201417137668250e+04,2.410659457334105355e+03,6.112051931700209025e+03,3.233942545843011885e+03
3.293000000000000000e+03,1.175860329728863326e+04,1.001423345531086125e+04,2.410594744689007257e+03,6.113813893102796101e+03,3.234194659496832173e+03
3.294000000000000000e+03,1.176063627235516469e+04,1.001655757684892887e+04,2.410590378189632247e+03,6.115611002665624255e+03,3.234434891499909554e+03
3.295000000000000000e+03,1.176272180139024385e+04,1.001897305187680104e+04,2.410585538312626795e+03,6.117480445674899784e+03,3.234655817402718640e+03
3.296000000000000000e+03,1.176475523954118216e+04,1.002153921038306180e+04,2.410565239307160482e+03,6.119279951912048091e+03,3.234910048321974955e+03
3.297000000000000000e+03,1.176668169222634060e+04,1.002408709075747174e+04,2.410525731419575550e+03,6.121003134345178296e+03,3.235152826461586756e+03
3.298000000000000000e+03,1.176852032301124746e+04,1.002649217945933560e+04,2.410420555467450868e+03,6.122716124391109588e+03,3.235383643152687000e+03
3.299000000000000000e+03,1.177041905641371159e+04,1.002890197845798502e+04,2.410292594183734309e+03,6.124524915767965467e+03,3.235601546462013630e+03
3.300000000000000000e+03,1.177243144235357613e+04,1.003140362250199360e+04,2.410182656475861677e+03,6.126417079945750629e+03,3.235831705931962460e+03
3.301000000000000000e+03,1.177446167658609920e+04,1.003389283455528675e+04,2.410121369775358289e+03,6.128331942057253400e+03,3.236008364753489332e+03
3.302000000000000000e+03,1.177651870906764452e+04,1.003627646114419440e+04,2.410117125463452794e+03,6.130234285160238869e+03,3.236167298443954678e+03
3.303000000000000000e+03,1.177858235224286909e+04,1.003871428401083540e+04,2.410088543503508845e+03,6.132119290126027408e+03,3.236374518613331929e+03
3.304000000000000000e+03,1.178046284035813915e+04,1.004103757239240622e+04,2.409992033610307317e+03,6.133932503989411089e+03,3.236538302758421651e+03
3.305000000000000000e+03,1.178242964967674743e+04,1.004342578030058030e+04,2.409912397075633180e+03,6.135860986200540538e+03,3.236656266400575078e+03
3.306000000000000000e+03,1.178454649328370397e+04,1.004597762056807733e+04,2.409916772068606861e+03,6.137840231999051866e+03,3.236789489216046150e+03
3.307000000000000000e+03,1.178671804381130460e+04,1.004863223048956570e+04,2.409940336526649389e+03,6.139888542509930630e+03,3.236889164774723213e+03
3.308000000000000000e+03,1.178882374951363636e+04,1.005120120063768081e+04,2.409961240264688058e+03,6.141907337901638130e+03,3.236955171347309260e+03
3.309000000000000000e+03,1.179089631942188316e+04,1.005364465775628196e+04,2.409980808183577665e+03,6.143891950970806647e+03,3.237023560267500670e+03
3.310000000000000000e+03,1.179288200947051519e+04,1.005593517857997358e+04,2.410009101319156343e+03,6.145799734418174921e+03,3.237073173733185286e+03
3.311000000000000000e+03,1.179483766587686114e+04,1.005811067408598501e+04,2.410038341679088717e+03,6.147683264530497581e+03,3.237116059667277568e+03
3.312000000000000000e+03,1.179673403282133586e+04,1.006017138906215951e+04,2.410054307191613589e+03,6.149557202519022212e+03,3.237122523110700058e+03
3.313000000000000000e+03,1.179853795555111537e+04,1.006204756197230199e+04,2.410118605550021130e+03,6.151347924210217570e+03,3.237071425790879402e+03
3.314000000000000000e+03,1.180039726652090394e+04,1.006398788126980799e+04,2.410214311057199211e+03,6.153110249867858329e+03,3.237072705595845036e+03
3.315000000000000000e+03,1.180222685208639996e+04,1.006587453563440431e+04,2.410355909818642431e+03,6.154795718898716586e+03,3.237075223369040486e+03
3.316000000000000000e+03,1.180412401796625818e+04,1.006781813175936259e+04,2.410549508422641793e+03,6.156495989490461398e+03,3.237078520053152715e+03
3.317000000000000000e+03,1.180594144120686178e+04,1.006975584828413048e+04,2.410664730416480779e+03,6.158200630549513335e+03,3.237076080240865849e+03
3.318000000000000000e+03,1.180764283051992788e+04,1.007168073121800444e+04,2.410709195948158595e+03,6.159874586041123621e+03,3.237059048530647487e+03
3.319000000000000000e+03,1.180927581918079704e+04,1.007359061107133311e+04,2.410738276313767528e+03,6.161537276366923834e+03,3.237000266500106136e+03
3.320000000000000000e+03,1.181098489741025332e+04,1.007562762489007764e+04,2.410743502295069447e+03,6.163315545986196412e+03,3.236925849128988375e+03
3.321000000000000000e+03,1.181270632161563299e+04,1.007777816678351519e+04,2.410754047055062074e+03,6.165159656956677281e+03,3.236792617603891813e+03
3.322000000000000000e+03,1.181448842103848256e+04,1.008001603223512939e+04,2.410749454579364738e+03,6.167056071017754221e+03,3.236682895441363598e+03
3.323000000000000000e+03,1.181619580745876738e+04,1.008236558050868007e+04,2.410712006983327228e+03,6.168904291019802258e+03,3.236579509455638345e+03
3.324000000000000000e+03,1.181795128876677154e+04,1.008471728473109033e+04,2.410695811075070196e+03,6.170774191645128667e+03,3.236481286046572222e+03
3.325000000000000000e+03,1.181974999355312139e+04,1.008701916256447475e+04,2.410722275227825776e+03,6.172666196186036359e+03,3.236361522139261069e+03
3.326000000000000000e+03,1.182155287628247243e+04,1.008946664197689097e+04,2.410799040555996726e+03,6.174564501015380301e+03,3.236189334711097672e+03
3.327000000000000000e+03,1.182323620849838699e+04,1.009188053193321321e+04,2.410883749947893193e+03,6.176391442688656753e+03,3.235961015861838860e+03
3.328000000000000000e+03,1.182488191081307377e+04,1.009426590841867983e+04,2.410945796715693632e+03,6.178209967997744570e+03,3.235726146099636480e+03
3.329000000000000000e+03,1.182657914670807077e+04,1.009658342205585723e+04,2.411038482937388380e+03,6.180035598056020717e+03,3.235505065714663033e+03
3.330000000000000000e+03,1.182836668593133436e+04,1.009890503151730445e+04,2.411193870494238581e+03,6.181887397635912748e+03,3.235285417801182575e+03
3.331000000000000000e+03,1.183009930970772257e+04,1.010124665096529134e+04,2.411330714638294467e+03,6.183748602421617761e+03,3.235019992647811250e+03
3.332000000000000000e+03,1.183181637571247120e+04,1.010368609492796531e+04,2.411434511533497243e+03,6.185613184204603385e+03,3.234768679974369661e+03
3.333000000000000000e+03,1.183356023809792168e+04,1.010616774559127589e+04,2.411504272861909158e+03,6.187512132064601246e+03,3.234543833171412643e+03
3.334000000000000000e+03,1.183533708094524991e+04,1.010866873058585406e+04,2.411571290978626166e+03,6.189467629965950437e+03,3.234298160000671032e+03
3.335000000000000000e+03,1.183708015650860762e+04,1.011110069064016716e+04,2.411666238328608415e+03,6.191410124174561133e+03,3.234003794005438067e+03
3.336000000000000000e+03,1.183876603172856812e+04,1.011353023113131349e+04,2.411789733115026138e+03,6.193383702823093699e+03,3.233592595790448740e+03
3.337000000000000000e+03,1.184046247873264474e+04,1.011596745474163254e+04,2.411935423737865676e+03,6.195415749203221822e+03,3.233111305791558607e+03
3.338000000000000000e+03,1.184217674831267686e+04,1.011850451869354220e+04,2.412065759909454755e+03,6.197445387202403253e+03,3.232665601200816127e+03
3.339000000000000000e+03,1.184391091649603004e+04,1.012112087261737543e+04,2.412237720810049268e+03,6.199440489106168570e+03,3.232232706579814021e+03
3.340000000000000000e+03,1.184560159515883061e+04,1.012373813964835063e+04,2.412484972010578986e+03,6.201392147364021184e+03,3.231724475784228162e+03
3.341000000000000000e+03,1.184722370707546543e+04,1.012638955714268559e+04,2.412740022498690450e+03,6.203310469733376522e+03,3.231173214843401183e+03
3.342000000000000000e+03,1.184882172421400537e+04,1.012918661483433607e+04,2.412960913641663865e+03,6.205243731088608911e+03,3.230617079483734415e+03
3.343000000000000000e+03,1.185051941825726317e+04,1.013217640551390650e+04,2.413179412789740127e+03,6.207238492909083106e+03,3.230101512558439481e+03
3.344000000000000000e+03,1.185233592839399898e+04,1.013524555211349252e+04,2.413401935090099869e+03,6.209243394679378980e+03,3.229690598624517406e+03
3.345000000000000000e+03,1.185417609800237187e+04,1.013833620450793933e+04,2.413626161766723271e+03,6.211271665069905794e+03,3.229278271165742808e+03
3.346000000000000000e+03,1.185601813627622869e+04,1.014148758931882730e+04,2.413832285984779901e+03,6.213345571419502448e+03,3.228840278871947248e+03
3.347000000000000000e+03,1.185792574876093568e+04,1.014480467899061296e+04,2.414070777755553536e+03,6.215430104495857449e+03,3.228424866509523326e+03
3.348000000000000000e+03,1.185986363604923099e+04,1.014806231961113372e+04,2.414376327619050699e+03,6.217490151890595371e+03,3.227997156539584466e+03
3.349000000000000000e+03,1.186170283480377111e+04,1.015115259140706257e+04,2.414658117258410584e+03,6.219550964636023309e+03,3.227493752909337218e+03
3.350000000000000000e+03,1.186362833134613902e+04,1.015427075037307259e+04,2.414901361205147623e+03,6.221714350323889448e+03,3.227012619817100131e+03
3.351000000000000000e+03,1.186567311302839698e+04,1.015739344831132075e+04,2.415150655120535248e+03,6.223972945016199446e+03,3.226549512891660015e+03
3.352000000000000000e+03,1.186765613556247627e+04,1.016048517566907321e+04,2.415459419354807324e+03,6.226183100367517000e+03,3.226013615840150123e+03
3.353000000000000000e+03,1.186960968466389750e+04,1.016348593497517504e+04,2.415782291226437337e+03,6.228339806036959089e+03,3.225487587400500161e+03
3.354000000000000000e+03,1.187158700898247662e+04,1.016652242085996659e+04,2.416066046515574271e+03,6.230495767883156986e+03,3.225025194583745360e+03
3.355000000000000000e+03,1.187360677144416331e+04,1.016965153666234619e+04,2.416361468219616654e+03,6.232664188781578559e+03,3.224581114442969465e+03
3.356000000000000000e+03,1.187559466297261315e+04,1.017269567695413934e+04,2.416608818438169237e+03,6.234814315936891035e+03,3.224171528597549695e+03
3.357000000000000000e+03,1.187760152905250652e+04,1.017567627718527001e+04,2.416859712300073625e+03,6.236971936341715264e+03,3.223769880410717178e+03
3.358000000000000000e+03,1.187956714340823055e+04,1.017850068634234958e+04,2.417096553117234635e+03,6.239142970644102206e+03,3.223327619646895073e+03
3.359000000000000000e+03,1.188156553861565590e+04,1.018134627150963570e+04,2.417336651961671123e+03,6.241313572570516044e+03,3.222915314083469639e+03
3.360000000000000000e+03,1.188341850579100901e+04,1.018403250817765547e+04,2.417509622974640024e+03,6.243398788270761543e+03,3.222510094545606535e+03
3.361000000000000000e+03,1.188534465734475816e+04,1.018679279979371495e+04,2.417695332284093638e+03,6.245495394824884897e+03,3.222153930235778716e+03
3.362000000000000000e+03,1.188743469259045014e+04,1.018977740491246550e+04,2.417926278658842421e+03,6.247620842046299913e+03,3.221887571885310081e+03
3.363000000000000000e+03,1.188952481768916914e+04,1.019267429603454548e+04,2.418190768293661677e+03,6.249758783695287093e+03,3.221575265700218097e+03
3.364000000000000000e+03,1.189160864599146589e+04,1.019537481392295558e+04,2.418447325016212744e+03,6.251850933973753854e+03,3.221310387001498839e+03
3.365000000000000000e+03,1.189364233117495132e+04,1.019795730877743517e+04,2.418686497642958784e+03,6.253911677592145679e+03,3.221044155939848224e+03
3.366000000000000000e+03,1.189567619957632633e+04,1.020045007463439833e+04,2.418934946540365218e+03,6.255971364025028379e+03,3.220769889010933639e+03
3.367000000000000000e+03,1.189764322781060582e+04,1.020290168571266986e+04,2.419168944339025984e+03,6.257945229276946520e+03,3.220529054194632408e+03
3.368000000000000000e+03,1.189961382115822380e+04,1.020530891957413951e+04,2.419413378515459499e+03,6.259881813548215177e+03,3.220318629094551852e+03
3.369000000000000000e+03,1.190152688086790658e+04,1.020765312565112254e+04,2.419677454601301633e+03,6.261793596331368462e+03,3.220055829935236943e+03
3.370000000000000000e+03,1.190338478687106181e+04,1.020999269746388018e+04,2.419937457115710004e+03,6.263699898476448652e+03,3.219747431278902695e+03
3.371000000000000000e+03,1.190522930894217643e+04,1.021243647973145198e+04,2.420233230845728031e+03,6.265603209755636271e+03,3.219392868340814402e+03
3.372000000000000000e+03,1.190713893423574882e+04,1.021501480036645626e+04,2.420554025551159157e+03,6.267564045530270960e+03,3.219020863154317794e+03
3.373000000000000000e+03,1.190905596582088765e+04,1.021768805331692784e+04,2.420811075523798536e+03,6.269548754477853436e+03,3.218696135819235678e+03
3.374000000000000000e+03,1.191110583202063935e+04,1.022047721503608227e+04,2.421085712371665522e+03,6.271600369390248488e+03,3.218419750258726708e+03
3.375000000000000000e+03,1.191326095514632834e+04,1.022321290445198429e+04,2.421430710409007588e+03,6.273700609787405483e+03,3.218129634949913907e+03
3.376000000000000000e+03,1.191548159499728899e+04,1.022591763371156048e+04,2.421815893354926629e+03,6.275838225544512170e+03,3.217827476097852468e+03
3.377000000000000000e+03,1.191761375963877617e+04,1.022858522605054895e+04,2.422197525416014741e+03,6.278007236724541144e+03,3.217408997498218923e+03
3.378000000000000000e+03,1.191966587055196032e+04,1.023132861440775014e+04,2.422523371669297376e+03,6.280213658060913076e+03,3.216928840821748508e+03
3.379000000000000000e+03,1.192171996946030777e+04,1.023410199335087782e+04,2.422805716037081766e+03,6.282452164668828118e+03,3.216462088754400611e+03
3.380000000000000000e+03,1.192378353801047706e+04,1.023694432180908188e+04,2.423096049482184753e+03,6.284716057305284266e+03,3.215971431223008040e+03
3.381000000000000000e+03,1.192600327457380263e+04,1.023992484187166338e+04,2.423428199475381007e+03,6.287057089448198894e+03,3.215517985650221817e+03
3.382000000000000000e+03,1.192828490439521192e+04,1.024286345148992950e+04,2.423770143622441083e+03,6.289421033210285714e+03,3.215093727562486038e+03
3.383000000000000000e+03,1.193052597443974264e+04,1.024570480307134858e+04,2.424051142525737305e+03,6.291788528977778697e+03,3.214686302936224820e+03
3.384000000000000000e+03,1.193278683130546415e+04,1.024844179755140431e+04,2.424363947829908284e+03,6.294169766235736461e+03,3.214253117239817584e+03
3.385000000000000000e+03,1.193484839912034295e+04,1.025102337822115442e+04,2.424633032906960580e+03,6.296442976694115714e+03,3.213772389519266198e+03
3.386000000000000000e+03,1.193673288029674040e+04,1.025347815882515170e+04,2.424816977230212160e+03,6.298644664564045343e+03,3.213271238502485176e+03
3.387000000000000000e+03,1.193863103961482375e+04,1.025593156795184586e+04,2.424979129523987467e+03,6.300846398545095326e+03,3.212805511545745503e+03
3.388000000000000000e+03,1.194061313778117983e+04,1.025849840314744688e+04,2.425138813536304042e+03,6.303040030557345744e+03,3.212434293687529589e+03
3.389000000000000000e+03,1.194277356025458357e+04,1.026113612591344099e+04,2.425375604673694852e+03,6.305286169468406115e+03,3.212111786112481241e+03
3.390000000000000000e+03,1.194495228149096693e+04,1.026372177777311117e+04,2.425679068547221505e+03,6.307550941554311066e+03,3.211722271389435718e+03
3.391000000000000000e+03,1.194704749851588895e+04,1.026625129345231289e+04,2.425972596499510473e+03,6.309847082042897455e+03,3.211227819973480109e+03
3.392000000000000000e+03,1.194916746846794194e+04,1.026877418780433254e+04,2.426246566659628570e+03,6.312127614048165924e+03,3.210793287760148360e+03
3.393000000000000000e+03,1.195125650212092842e+04,1.027129356313237258e+04,2.426494441049250781e+03,6.314364493934807797e+03,3.210397567136870293e+03
3.394000000000000000e+03,1.195343367213480451e+04,1.027395490032135240e+04,2.426704945167880396e+03,6.316682711330056918e+03,3.210046015636867196e+03
3.395000000000000000e+03,1.195564987997589560e+04,1.027671746883975356e+04,2.426887986758927127e+03,6.319039147909952590e+03,3.209722745307014975e+03
3.396000000000000000e+03,1.195786675230917172e+04,1.027956361401590402e+04,2.427072532427975148e+03,6.321446163617825732e+03,3.209348056263371291e+03
3.397000000000000000e+03,1.196014653476990861e+04,1.028246313148670924e+04,2.427332011067498115e+03,6.323868454530024792e+03,3.208946069172384341e+03
3.398000000000000000e+03,1.196232295968944891e+04,1.028521791051705804e+04,2.427581620792705507e+03,6.326225917390376708e+03,3.208515421506367602e+03
3.399000000000000000e+03,1.196447999920360053e+04,1.028787000812665065e+04,2.427823084623750674e+03,6.328538668263378895e+03,3.208118246316470959e+03
3.400000000000000000e+03,1.196671718149645676e+04,1.029048523932437092e+04,2.428024455296378619e+03,6.330806741957009763e+03,3.207885984243069288e+03
3.401000000000000000e+03,1.196916837678562661e+04,1.029324134666924510e+04,2.428225360230044771e+03,6.333111141188338479e+03,3.207831875367240173e+03
3.402000000000000000e+03,1.197166748186080076e+04,1.029598415326919167e+04,2.428413733086451430e+03,6.335425893972185804e+03,3.207827854802161710e+03
3.403000000000000000e+03,1.197397735064583503e+04,1.029857971933223962e+04,2.428597146355624318e+03,6.337681890425932579e+03,3.207698313864281317e+03
3.404000000000000000e+03,1.197613855984576549e+04,1.030101986763082459e+04,2.428793816386251819e+03,6.339877763288526694e+03,3.207466980170987881e+03
3.405000000000000000e+03,1.197816469865480394e+04,1.030330096532134121e+04,2.428981029448696972e+03,6.342017489829851911e+03,3.207166179376256423e+03
3.406000000000000000e+03,1.198028730348899626e+04,1.030557152395165213e+04,2.429197143297455113e+03,6.344189077638517119e+03,3.206901082553024935e+03
3.407000000000000000e+03,1.198239680748951287e+04,1.030781067817278017e+04,2.429413377182584554e+03,6.346352831388301638e+03,3.206630598918624401e+03
3.408000000000000000e+03,1.198453722199274125e+04,1.031014313447218592e+04,2.429625720210939562e+03,6.348529567141919870e+03,3.206381934639881365e+03
3.409000000000000000e+03,1.198677146819469453e+04,1.031253017770746010e+04,2.429890151480068198e+03,6.350749994198246895e+03,3.206131322516383534e+03
3.410000000000000000e+03,1.198903370663841451e+04,1.031489952685724711e+04,2.430162567837879578e+03,6.352992781643595663e+03,3.205878357156937454e+03
3.411000000000000000e+03,1.199131966916052261e+04,1.031730085625718311e+04,2.430413598587274919e+03,6.355245797425797718e+03,3.205660273147449061e+03
3.412000000000000000e+03,1.199362079335556700e+04,1.031969494949385626e+04,2.430685184944452885e+03,6.357463223863436724e+03,3.205472384547679667e+03
3.413000000000000000e+03,1.199594718779653886e+04,1.032214501658922927e+04,2.430953189648421358e+03,6.359715431144312788e+03,3.205278567003805165e+03
3.414000000000000000e+03,1.199834842376979577e+04,1.032473804544061022e+04,2.431222187736325850e+03,6.362051312154409970e+03,3.205074923879059952e+03
3.415000000000000000e+03,1.200079393090516169e+04,1.032736949210999774e+04,2.431496808250579306e+03,6.364416179082961207e+03,3.204880943571620264e+03
3.416000000000000000e+03,1.200328461507879911e+04,1.032997976371620280e+04,2.431765057576879826e+03,6.366838499668751865e+03,3.204681057833169234e+03
3.417000000000000000e+03,1.200586655543383495e+04,1.033279152797602183e+04,2.432023815996268695e+03,6.369296330349176060e+03,3.204546409088387918e+03
3.418000000000000000e+03,1.200854577715346386e+04,1.033578034179651695e+04,2.432312042288453995e+03,6.371751779945714588e+03,3.204481954919295731e+03
3.419000000000000000e+03,1.201126440336650921e+04,1.033879360316728889e+04,2.432610460441667328e+03,6.374196971381503317e+03,3.204456971543338113e+03
3.420000000000000000e+03,1.201390855624834694e+04,1.034178478177424586e+04,2.432906302158737617e+03,6.376604981180590585e+03,3.204397272909019648e+03
3.421000000000000000e+03,1.201653129424652434e+04,1.034481049748164332e+04,2.433158196034523826e+03,6.378987905806167873e+03,3.204385192405833550e+03
3.422000000000000000e+03,1.201919233418481963e+04,1.034788173024858224e+04,2.433442145993519262e+03,6.381406660242002545e+03,3.204343527949297822e+03
3.423000000000000000e+03,1.202203179202598949e+04,1.035114202618592572e+04,2.433740460607028581e+03,6.383944537207055873e+03,3.204346794211906854e+03
3.424000000000000000e+03,1.202494012403490160e+04,1.035435820786120712e+04,2.434025062604746381e+03,6.386551247688557851e+03,3.204363813741597824e+03
3.425000000000000000e+03,1.202772008531999018e+04,1.035744129048011928e+04,2.434268240620546749e+03,6.389065246205347648e+03,3.204386598494097143e+03
3.426000000000000000e+03,1.203044582189270659e+04,1.036058036914055992e+04,2.434465141500437767e+03,6.391568842571527966e+03,3.204411837820744040e+03
3.427000000000000000e+03,1.203308906275618574e+04,1.036366528429141545e+04,2.434684780765082451e+03,6.394064021036734630e+03,3.204340260954369114e+03
3.428000000000000000e+03,1.203575943618132806e+04,1.036674394683912396e+04,2.434902532073617294e+03,6.396626861559537247e+03,3.204230042548173969e+03
3.429000000000000000e+03,1.203845999086020129e+04,1.036993998455248220e+04,2.435083657153399145e+03,6.399286684585867988e+03,3.204089649120932336e+03
3.430000000000000000e+03,1.204120660656978180e+04,1.037320281664266076e+04,2.435236232899399511e+03,6.402036326831033875e+03,3.203934046839346593e+03
3.431000000000000000e+03,1.204393907485129967e+04,1.037648598912637499e+04,2.435375056689904341e+03,6.404792689758421147e+03,3.203771328402972813e+03
3.432000000000000000e+03,1.204661082527962935e+04,1.037966004787978272e+04,2.435498771005839899e+03,6.407517498333641015e+03,3.203594555940150713e+03
3.433000000000000000e+03,1.204927614722194994e+04,1.038279288211773382e+04,2.435619451904158723e+03,6.410207072557469473e+03,3.203449622760322200e+03
3.434000000000000000e+03,1.205192695737306167e+04,1.038587360775855632e+04,2.435730413148015032e+03,6.412853592398287219e+03,3.203342951826758963e+03
3.435000000000000000e+03,1.205466444688400043e+04,1.038902468685717213e+04,2.435855665193909772e+03,6.415475279954136568e+03,3.203333501735954997e+03
3.436000000000000000e+03,1.205741445682541598e+04,1.039217543989405931e+04,2.435980260073401041e+03,6.418084055040698331e+03,3.203350141711315700e+03
3.437000000000000000e+03,1.206007984165461312e+04,1.039544100814865669e+04,2.436042243998979302e+03,6.420696699685348904e+03,3.203340897970279912e+03
3.438000000000000000e+03,1.206282076893089106e+04,1.039885974305679338e+04,2.436114260265218945e+03,6.423408800098116444e+03,3.203297708567555674e+03
3.439000000000000000e+03,1.206552140934763156e+04,1.040232208212895785e+04,2.436220152047967986e+03,6.426128325451571072e+03,3.203172931848090229e+03
3.440000000000000000e+03,1.206816647263306004e+04,1.040581690213025104e+04,2.436321798632855007e+03,6.428804227244990216e+03,3.203040446755217090e+03
3.441000000000000000e+03,1.207074055165719255e+04,1.040933460271640979e+04,2.436380750683155384e+03,6.431466455096322534e+03,3.202893345877711909e+03
3.442000000000000000e+03,1.207311730153566532e+04,1.041274897758724728e+04,2.436380715319206047e+03,6.434061934422198647e+03,3.202674651794261990e+03
3.443000000000000000e+03,1.207548899781793261e+04,1.041613828512077271e+04,2.436434363592230511e+03,6.436579012024258191e+03,3.202475622201443002e+03
3.444000000000000000e+03,1.207801576568985183e+04,1.041950331580394413e+04,2.436550621546152797e+03,6.439041266119502325e+03,3.202423878024196711e+03
3.445000000000000000e+03,1.208052717275175019e+04,1.042287368279312250e+04,2.436688405231082470e+03,6.441434501244131752e+03,3.202404266276535054e+03
3.446000000000000000e+03,1.208286612257912748e+04,1.042618382635909074e+04,2.436797629444298764e+03,6.443752568038411482e+03,3.202315925096419051e+03
3.447000000000000000e+03,1.208516043139509929e+04,1.042946446583817487e+04,2.436938444189580878e+03,6.446061156053376180e+03,3.202160831152140418e+03
3.448000000000000000e+03,1.208751986176518767e+04,1.043270254279684377e+04,2.437117796392468790e+03,6.448344946133684061e+03,3.202057119239033455e+03
3.449000000000000000e+03,1.208999595878323998e+04,1.043605436153242044e+04,2.437352588630802529e+03,6.450668616767272397e+03,3.201974753385165968e+03
3.450000000000000000e+03,1.209268348494107522e+04,1.043949576906987022e+04,2.437681806120491274e+03,6.453027241921656241e+03,3.201974436898925433e+03
3.451000000000000000e+03,1.209524901335846516e+04,1.044273266151526332e+04,2.438034627843875114e+03,6.455322532064439656e+03,3.201891853450149029e+03
3.452000000000000000e+03,1.209774357548696753e+04,1.044582860582446847e+04,2.438359665341779873e+03,6.457576071977758147e+03,3.201807838167427235e+03
3.453000000000000000e+03,1.210031561768230495e+04,1.044913780436072375e+04,2.438649983150114167e+03,6.459905775142556195e+03,3.201759859389635494e+03
3.454000000000000000e+03,1.210295090258728487e+04,1.045261361223464519e+04,2.438919574884362191e+03,6.462275401872449947e+03,3.201755925830472734e+03
3.455000000000000000e+03,1.210548154300701390e+04,1.045613096315755138e+04,2.439137421922980138e+03,6.464604067646095245e+03,3.201740053437938514e+03
3.456000000000000000e+03,1.210799436665335452e+04,1.045959855628941114e+04,2.439349363358478058e+03,6.466955810071103770e+03,3.201689193223771781e+03
3.457000000000000000e+03,1.211054593060864499e+04,1.046326423781820813e+04,2.439514352361912643e+03,6.469384765478176632e+03,3.201646812768552991e+03
3.458000000000000000e+03,1.211316993982388885e+04,1.046702829199892221e+04,2.439715955290278998e+03,6.471850757212034296e+03,3.201603227321576014e+03
3.459000000000000000e+03,1.211592884221839267e+04,1.047109759669489358e+04,2.439914527089115836e+03,6.474363232513498588e+03,3.201651082615777341e+03
3.460000000000000000e+03,1.211886846313183923e+04,1.047541524559450954e+04,2.440106771800570186e+03,6.476954935399666283e+03,3.201806755931600946e+03
3.461000000000000000e+03,1.212194581866873887e+04,1.047992732793454707e+04,2.440381021703600709e+03,6.479560031192365386e+03,3.202004765772774590e+03
3.462000000000000000e+03,1.212503805589593685e+04,1.048457072510754188e+04,2.440611129526141212e+03,6.482171633250341074e+03,3.202255293119455928e+03
3.463000000000000000e+03,1.212823525962922031e+04,1.048937527416164448e+04,2.440872112130959522e+03,6.484804875560211258e+03,3.202558271938049984e+03
3.464000000000000000e+03,1.213145579267786343e+04,1.049412899792845928e+04,2.441119016132812703e+03,6.487443972900278823e+03,3.202892803644771448e+03
3.465000000000000000e+03,1.213468257461057328e+04,1.049889650634868849e+04,2.441348962793011196e+03,6.490064603408035509e+03,3.203269008409527487e+03
3.466000000000000000e+03,1.213795648746625011e+04,1.050384664222295942e+04,2.441592055627028003e+03,6.492710847598033070e+03,3.203653584241188128e+03
3.467000000000000000e+03,1.214114130400290742e+04,1.050877411377875978e+04,2.441813918883592123e+03,6.495302717933620443e+03,3.204024667185693488e+03
3.468000000000000000e+03,1.214423419334248683e+04,1.051355886289459704e+04,2.442070107153117988e+03,6.497820069563367724e+03,3.204344016626002940e+03
3.469000000000000000e+03,1.214724639695259248e+04,1.051818724543339340e+04,2.442314615415835760e+03,6.500290412844470666e+03,3.204641368692286960e+03
3.470000000000000000e+03,1.215020659798290762e+04,1.052272468989964182e+04,2.442488274906129391e+03,6.502776693842286477e+03,3.204941629234489938e+03
3.471000000000000000e+03,1.215325197112299429e+04,1.052746061015035593e+04,2.442683502915402187e+03,6.505333491774394133e+03,3.205234976433199336e+03
3.472000000000000000e+03,1.215642708556598882e+04,1.053236186966205241e+04,2.442929644326095058e+03,6.507867909064028026e+03,3.205629532175867553e+03
3.473000000000000000e+03,1.215953356007517323e+04,1.053728118470139088e+04,2.443176018935077991e+03,6.510319955897000000e+03,3.206037585243092963e+03
3.474000000000000000e+03,1.216242091750408508e+04,1.054205406827173101e+04,2.443376872180254395e+03,6.512678805398085387e+03,3.206365239925743481e+03
3.475000000000000000e+03,1.216514234800520171e+04,1.054655651679295988e+04,2.443507060454075145e+03,6.515006113593271948e+03,3.206629173957854618e+03
3.476000000000000000e+03,1.216789339642787309e+04,1.055102169064227564e+04,2.443580808709856228e+03,6.517424247346012635e+03,3.206888340372001949e+03
3.477000000000000000e+03,1.217066043544579770e+04,1.055544288464874444e+04,2.443657421626194264e+03,6.519890677192302064e+03,3.207112336627302739e+03
3.478000000000000000e+03,1.217328216316025646e+04,1.055966336698840860e+04,2.443766637802737478e+03,6.522201501556678522e+03,3.207314023800843643e+03
3.479000000000000000e+03,1.217577507687064281e+04,1.056379577674220127e+04,2.443923827440260993e+03,6.524367517188401507e+03,3.207483732241981215e+03
3.480000000000000000e+03,1.217831012170191025e+04,1.056794531599945367e+04,2.444130213351311795e+03,6.526464850331801244e+03,3.207715058018797208e+03
3.481000000000000000e+03,1.218105436836324043e+04,1.057220478643771639e+04,2.444452732220722282e+03,6.528580739465571241e+03,3.208020896676950542e+03
3.482000000000000000e+03,1.218398893743604094e+04,1.057660481359523146e+04,2.444807313199833061e+03,6.530753425428038099e+03,3.208428198808169782e+03
3.483000000000000000e+03,1.218701561913512342e+04,1.058107281413480632e+04,2.445107610354160897e+03,6.532995505109256555e+03,3.208912503671705053e+03
3.484000000000000000e+03,1.219003467551618269e+04,1.058565728445991772e+04,2.445354413544421732e+03,6.535343587890443814e+03,3.209336674081313504e+03
3.485000000000000000e+03,1.219290000528162818e+04,1.059018874675249026e+04,2.445537022675908702e+03,6.537633297950693304e+03,3.209729684655023448e+03
3.486000000000000000e+03,1.219570206751838487e+04,1.059468154507177678e+04,2.445660610995845673e+03,6.539857176667754175e+03,3.210184279854785018e+03
3.487000000000000000e+03,1.219856696112135432e+04,1.059921736049658466e+04,2.445783645742257249e+03,6.542054544115853787e+03,3.210728771263242834e+03
3.488000000000000000e+03,1.220147849659000713e+04,1.060362203053945450e+04,2.445908952374172713e+03,6.544223410025990233e+03,3.211346134189844634e+03
3.489000000000000000e+03,1.220434006364945890e+04,1.060803634928581414e+04,2.446047042434219293e+03,6.546428755343074045e+03,3.211864265872165106e+03
3.490000000000000000e+03,1.220711908428620154e+04,1.061238405941948622e+04,2.446116516698908981e+03,6.548653438116218240e+03,3.212349129471075685e+03
3.491000000000000000e+03,1.220994985929844916e+04,1.061672705820954980e+04,2.446186807026851966e+03,6.550925980768823138e+03,3.212837071502772687e+03
3.492000000000000000e+03,1.221289008245945479e+04,1.062108123681562938e+04,2.446336594751485336e+03,6.553191785403249014e+03,3.213361702304719984e+03
3.493000000000000000e+03,1.221584165593369653e+04,1.062549214950300120e+04,2.446510386943239610e+03,6.555401920250364128e+03,3.213929348740097794e+03
3.494000000000000000e+03,1.221882238014085669e+04,1.062990996027193432e+04,2.446636546866495337e+03,6.557582641972699093e+03,3.214603191301664083e+03
3.495000000000000000e+03,1.222170160259724435e+04,1.063429835803868446e+04,2.446728604439675564e+03,6.559771187471109442e+03,3.215201810686458884e+03
3.496000000000000000e+03,1.222456092342082047e+04,1.063877803629064692e+04,2.446851413243129628e+03,6.561956849974905708e+03,3.215752660202787411e+03
3.497000000000000000e+03,1.222749627599970518e+04,1.064341901297459663e+04,2.447007579649188756e+03,6.564192877066959227e+03,3.216295819283558558e+03
3.498000000000000000e+03,1.223048853986653921e+04,1.064797269480869727e+04,2.447247905206999803e+03,6.566391092026942715e+03,3.216849542632594421e+03
3.499000000000000000e+03,1.223352941904223917e+04,1.065233767908575101e+04,2.447535610888203337e+03,6.568563021377578480e+03,3.217430786776454170e+03
3.500000000000000000e+03,1.223674876386610413e+04,1.065677757928020037e+04,2.447853739353152378e+03,6.570824361756128383e+03,3.218070662756824277e+03
3.501000000000000000e+03,1.223999998365328975e+04,1.066122198753342855e+04,2.448160492669594532e+03,6.573155804951276878e+03,3.218683686032419700e+03
3.502000000000000000e+03,1.224323223684429468e+04,1.066568583675532682e+04,2.448427307399818801e+03,6.575488854339108912e+03,3.219316075105366508e+03
3.503000000000000000e+03,1.224642404885557698e+04,1.067004063931150995e+04,2.448653848816624304e+03,6.577825467179992302e+03,3.219944732858958105e+03
3.504000000000000000e+03,1.224963202841313250e+04,1.067456411634882897e+04,2.448846644936200391e+03,6.580214680768340259e+03,3.220570702708590943e+03
3.505000000000000000e+03,1.225276681445846407e+04,1.067901271204103978e+04,2.449037012516328105e+03,6.582527462544249829e+03,3.221202339397888863e+03
3.506000000000000000e+03,1.225602933618890165e+04,1.068346672836942344e+04,2.449248178049858325e+03,6.584923882101400523e+03,3.221857276037639167e+03
3.507000000000000000e+03,1.225928997186714696e+04,1.068796678732122382e+04,2.449443267002691755e+03,6.587332734281699231e+03,3.222513970582754155e+03
3.508000000000000000e+03,1.226256031930454265e+04,1.069249626280054690e+04,2.449609229162879274e+03,6.589768074494774737e+03,3.223183015646888634e+03
3.509000000000000000e+03,1.226598571418464235e+04,1.069711751667718272e+04,2.449840249900963499e+03,6.592260972173959090e+03,3.223884492109722487e+03
3.510000000000000000e+03,1.226943493407121059e+04,1.070179836338941095e+04,2.450083682575599141e+03,6.594770811410244278e+03,3.224580440085366263e+03
3.511000000000000000e+03,1.227296331779761749e+04,1.070661170129523816e+04,2.450392478628858498e+03,6.597280156566914229e+03,3.225290682601845674e+03
3.512000000000000000e+03,1.227636214489265512e+04,1.071133441060903351e+04,2.450709999510493162e+03,6.599720319659759298e+03,3.225931825722403119e+03
3.513000000000000000e+03,1.227970790579459208e+04,1.071592467795104676e+04,2.451018810393247804e+03,6.602090170802401190e+03,3.226598924598943086e+03
3.514000000000000000e+03,1.228311928035887286e+04,1.072050707779302320e+04,2.451355212028578535e+03,6.604510056670909762e+03,3.227254011659382741e+03
3.515000000000000000e+03,1.228665652220314769e+04,1.072509816920134472e+04,2.451752651224566307e+03,6.606978718436997042e+03,3.227925152541585703e+03
3.516000000000000000e+03,1.229025481510967256e+04,1.072964097746962943e+04,2.452176754125199750e+03,6.609469587060320009e+03,3.228608473924152804e+03
3.517000000000000000e+03,1.229378683484305839e+04,1.073404188923285255e+04,2.452605054096821277e+03,6.611915767796903310e+03,3.229266012949333344e+03
3.518000000000000000e+03,1.229721158844563797e+04,1.073839464265585048e+04,2.452970590627260208e+03,6.614302751453125893e+03,3.229938246365250961e+03
3.519000000000000000e+03,1.230057187789351883e+04,1.074274251293100133e+04,2.453330730732168377e+03,6.616664597523854354e+03,3.230576549637498374e+03
3.520000000000000000e+03,1.230404341657023542e+04,1.074711060245699809e+04,2.453785900795669932e+03,6.618981218530565457e+03,3.231276297244002308e+03
3.521000000000000000e+03,1.230764546990647796e+04,1.075156613913347428e+04,2.454274541856311316e+03,6.621345417650416493e+03,3.232025510399750601e+03
3.522000000000000000e+03,1.231123661755889589e+04,1.075607154030935089e+04,2.454751347592761249e+03,6.623734963741962929e+03,3.232750306224172164e+03
3.523000000000000000e+03,1.231478229463975003e+04,1.076059223661084252e+04,2.455260907519767443e+03,6.626134131529984188e+03,3.233387255589995220e+03
3.524000000000000000e+03,1.231822684885450508e+04,1.076505775917982464e+04,2.455796633969258437e+03,6.628378510524288686e+03,3.234051704360957046e+03
3.525000000000000000e+03,1.232158130463784619e+04,1.076941337230787758e+04,2.456279256235937737e+03,6.630561207752177324e+03,3.234740840649731581e+03
3.526000000000000000e+03,1.232481370405739108e+04,1.077364432963148101e+04,2.456689824570720702e+03,6.632701841707826134e+03,3.235422037778843332e+03
3.527000000000000000e+03,1.232804867756878593e+04,1.077774916392236264e+04,2.457085597368111848e+03,6.634859246329785492e+03,3.236103833870886774e+03
3.528000000000000000e+03,1.233127657634467141e+04,1.078174887863982258e+04,2.457516716302962777e+03,6.636984753927080419e+03,3.236775106114631399e+03
3.529000000000000000e+03,1.233447321196447228e+04,1.078570987886759940e+04,2.457985063867349709e+03,6.639038009479884749e+03,3.237450138617237826e+03
3.530000000000000000e+03,1.233766170357257579e+04,1.078957107000351971e+04,2.458471619468162771e+03,6.641066117629289693e+03,3.238123966475125144e+03
3.531000000000000000e+03,1.234080845836174922e+04,1.079332817450850416e+04,2.458952727858967137e+03,6.643127913483478551e+03,3.238727817019303984e+03
3.532000000000000000e+03,1.234380704312908711e+04,1.079699138453301202e+04,2.459358158563226425e+03,6.645155073113432081e+03,3.239293811452426780e+03
3.533000000000000000e+03,1.234661493683118351e+04,1.080042716906038004e+04,2.459716448876287814e+03,6.647100346757581065e+03,3.239798141197315090e+03
3.534000000000000000e+03,1.234944013408552019e+04,1.080395953784096673e+04,2.460119259408410471e+03,6.648996073071532010e+03,3.240324801605574066e+03
3.535000000000000000e+03,1.235234570339251513e+04,1.080762974574596228e+04,2.460495448694403422e+03,6.650898412378493049e+03,3.240951842319616844e+03
3.536000000000000000e+03,1.235519391498452205e+04,1.081140616225209487e+04,2.460726545833567798e+03,6.652879943924848703e+03,3.241587425226107371e+03
3.537000000000000000e+03,1.235799211154343357e+04,1.081515169393420001e+04,2.460949558815847013e+03,6.654827044577473316e+03,3.242215508150114147e+03
3.538000000000000000e+03,1.236081139465869637e+04,1.081893377679938749e+04,2.461207120904230578e+03,6.656770230089266079e+03,3.242834043665197441e+03
3.539000000000000000e+03,1.236386800862482414e+04,1.082286021147165229e+04,2.461562383378543927e+03,6.658828311362562999e+03,3.243477313883717670e+03
3.540000000000000000e+03,1.236699469265040534e+04,1.082687844166529067e+04,2.461954092245564880e+03,6.660904526779110711e+03,3.244136073625725658e+03
3.541000000000000000e+03,1.236984100246247726e+04,1.083084853834161731e+04,2.462304431036733149e+03,6.662830420517975654e+03,3.244706150907770279e+03
3.542000000000000000e+03,1.237257741664283822e+04,1.083470408728569782e+04,2.462627575812780378e+03,6.664699066730949198e+03,3.245250774099108185e+03
3.543000000000000000e+03,1.237523603468864530e+04,1.083841150622542045e+04,2.462941438408989598e+03,6.666522430050924413e+03,3.245772166228730384e+03
3.544000000000000000e+03,1.237797065656423729e+04,1.084209562851746887e+04,2.463266775542939740e+03,6.668353409209051279e+03,3.246350471812246724e+03
3.545000000000000000e+03,1.238080220178639684e+04,1.084586663766874517e+04,2.463584904816409107e+03,6.670226006030007738e+03,3.246991290939979990e+03
3.546000000000000000e+03,1.238373711123741850e+04,1.084962322009290074e+04,2.463915742803187186e+03,6.672139136108840830e+03,3.247682232325390487e+03
3.547000000000000000e+03,1.238664943865926216e+04,1.085339830851280021e+04,2.464230230081519949e+03,6.674042593276199113e+03,3.248376615301542643e+03
3.548000000000000000e+03,1.238959394345508554e+04,1.085715748724174955e+04,2.464555736124090345e+03,6.675945970414298245e+03,3.249092236916700585e+03
3.549000000000000000e+03,1.239266679230245427e+04,1.086096842044302502e+04,2.464922641899041992e+03,6.677861306696067913e+03,3.249882843707345273e+03
3.550000000000000000e+03,1.239567810926455240e+04,1.086479846748833188e+04,2.465260793639592066e+03,6.679749691051727496e+03,3.250667624573235571e+03
3.551000000000000000e+03,1.239859657024240914e+04,1.086852496737065485e+04,2.465610275870831629e+03,6.681564462579282008e+03,3.251421831792294142e+03
3.552000000000000000e+03,1.240157323776801422e+04,1.087219997333176980e+04,2.465997189846823858e+03,6.683338122188064517e+03,3.252237925733126303e+03
3.553000000000000000e+03,1.240463393469096627e+04,1.087573159338628830e+04,2.466454182796161149e+03,6.685071607907809266e+03,3.253108143986994946e+03
3.554000000000000000e+03,1.240763598174930121e+04,1.087907530093112473e+04,2.466945051224097369e+03,6.686794853840883661e+03,3.253896076684321542e+03
3.555000000000000000e+03,1.241043914097627567e+04,1.088231286747002923e+04,2.467388971480977034e+03,6.688444265686290237e+03,3.254605903809008851e+03
3.556000000000000000e+03,1.241299875786364100e+04,1.088545388404193181e+04,2.467728417869652276e+03,6.690035223473498263e+03,3.255235116520491829e+03
3.557000000000000000e+03,1.241556460704709207e+04,1.088849552728330855e+04,2.468104209677858762e+03,6.691602619992227119e+03,3.255857777377005732e+03
3.558000000000000000e+03,1.241819289583482532e+04,1.089166352194615502e+04,2.468511103176675533e+03,6.693146933170896773e+03,3.256534859487251197e+03
3.559000000000000000e+03,1.242094370806162260e+04,1.089500195301894746e+04,2.468952475125300225e+03,6.694729214609365044e+03,3.257262018326956877e+03
3.560000000000000000e+03,1.242381728721612672e+04,1.089850683632349137e+04,2.469412981519534696e+03,6.696401158256468989e+03,3.258003147440124849e+03
3.561000000000000000e+03,1.242667802761516214e+04,1.090200556502476138e+04,2.469855493590072911e+03,6.698076560824434637e+03,3.258745973200658227e+03
3.562000000000000000e+03,1.242956614236564383e+04,1.090552500270410019e+04,2.470349644005128994e+03,6.699715538949106303e+03,3.259500959411406711e+03
3.563000000000000000e+03,1.243251874471868541e+04,1.090908794741623751e+04,2.470925670776268817e+03,6.701296524483814210e+03,3.260296549458602385e+03
3.564000000000000000e+03,1.243545054775335848e+04,1.091264553531075398e+04,2.471555974905120820e+03,6.702808776399794624e+03,3.261085796448446672e+03
3.565000000000000000e+03,1.243839745172594485e+04,1.091615912630382445e+04,2.472168148731743258e+03,6.704355539537651566e+03,3.261873763456546840e+03
3.566000000000000000e+03,1.244139641737248894e+04,1.091958275519844938e+04,2.472761633488039024e+03,6.705973037470432246e+03,3.262661746414016761e+03
3.567000000000000000e+03,1.244443023996938064e+04,1.092290473142819246e+04,2.473409727037406810e+03,6.707590814677930211e+03,3.263429698254043615e+03
3.568000000000000000e+03,1.244745585727410980e+04,1.092617119694524808e+04,2.474096008041199639e+03,6.709187089611924421e+03,3.264172759620981196e+03
3.569000000000000000e+03,1.245061069937684078e+04,1.092958499086363918e+04,2.474822449042490007e+03,6.710847168122770199e+03,3.264941082211583307e+03
3.570000000000000000e+03,1.245378040221385163e+04,1.093315099777964315e+04,2.475556815614952029e+03,6.712500486952104438e+03,3.265723099646794708e+03
3.571000000000000000e+03,1.245691579788749550e+04,1.093665866015346182e+04,2.476294262785061164e+03,6.714160499337891451e+03,3.266461035764539247e+03
3.572000000000000000e+03,1.246002303422933255e+04,1.094010016830613677e+04,2.477022233103042709e+03,6.715842696933624211e+03,3.267158104192665178e+03
3.573000000000000000e+03,1.246313689609258290e+04,1.094369993074059857e+04,2.477729601684458885e+03,6.717521218346597379e+03,3.267886076061526182e+03
3.574000000000000000e+03,1.246643972275882879e+04,1.094746514136353835e+04,2.478442512582661038e+03,6.719309374106524047e+03,3.268687836069646892e+03
3.575000000000000000e+03,1.246977138813255806e+04,1.095126460430177576e+04,2.479146061162959995e+03,6.721123012092120007e+03,3.269502314877476692e+03
3.576000000000000000e+03,1.247300892715253940e+04,1.095497822723779063e+04,2.479865542945496145e+03,6.722819466369461225e+03,3.270323917837583394e+03
3.577000000000000000e+03,1.247618636819456333e+04,1.095865424788369091e+04,2.480588442585355551e+03,6.724477102395378097e+03,3.271120823213829681e+03
3.578000000000000000e+03,1.247947051651857691e+04,1.096226503071570005e+04,2.481420506280733207e+03,6.726089022732499870e+03,3.271960987505343837e+03
3.579000000000000000e+03,1.248291573206024077e+04,1.096613193375862647e+04,2.482290813722597704e+03,6.727785741621379202e+03,3.272839176716262045e+03
3.580000000000000000e+03,1.248637606896028228e+04,1.097004076835337037e+04,2.483102464320290437e+03,6.729565891788193767e+03,3.273707712851798533e+03
3.581000000000000000e+03,1.248977134252847645e+04,1.097389046643207803e+04,2.483871982056092293e+03,6.731317700437264648e+03,3.274581660035119057e+03
3.582000000000000000e+03,1.249312737666673456e+04,1.097771057596999708e+04,2.484598902777546300e+03,6.733066693500586553e+03,3.275461780388600346e+03
3.583000000000000000e+03,1.249630697616076759e+04,1.098139902602622169e+04,2.485246522589272899e+03,6.734754773521945935e+03,3.276305680049551484e+03
3.584000000000000000e+03,1.249943398094609074e+04,1.098511957572476967e+04,2.485838779593338586e+03,6.736396164499584302e+03,3.277199036853166945e+03
3.585000000000000000e+03,1.250247995830254695e+04,1.098874724673964010e+04,2.486411732560023665e+03,6.737962025049046133e+03,3.278106200693476239e+03
3.586000000000000000e+03,1.250556047086492254e+04,1.099256212302430140e+04,2.487008834905051572e+03,6.739494105043285344e+03,3.279057530916584710e+03
3.587000000000000000e+03,1.250874798512651796e+04,1.099635372708334398e+04,2.487691525456603358e+03,6.740992978499770288e+03,3.280063481170143405e+03
3.588000000000000000e+03,1.251202457740042883e+04,1.100014821095698244e+04,2.488460299277016929e+03,6.742564084255025591e+03,3.281000193868383121e+03
3.589000000000000000e+03,1.251532687826686197e+04,1.100399009547428795e+04,2.489223568484967018e+03,6.744201317854880472e+03,3.281901991927013114e+03
3.590000000000000000e+03,1.251879501879066265e+04,1.100811726959994485e+04,2.489936026394703276e+03,6.746026203883817288e+03,3.282832788512138904e+03
3.591000000000000000e+03,1.252231993509390122e+04,1.101227837360228114e+04,2.490656367560923627e+03,6.747909094085707693e+03,3.283754473447269902e+03
3.592000000000000000e+03,1.252593900498487892e+04,1.101655224824888319e+04,2.491363655213999664e+03,6.749881377705702107e+03,3.284693972065176240e+03
3.593000000000000000e+03,1.252947114038509244e+04,1.102076708841744585e+04,2.492018966702014495e+03,6.751882061029427859e+03,3.285570112653649176e+03
3.594000000000000000e+03,1.253298498907997964e+04,1.102494377611936579e+04,2.492659077668875398e+03,6.753879139897899222e+03,3.286446771513203657e+03
3.595000000000000000e+03,1.253653582336851468e+04,1.102911767512228471e+04,2.493369385601543854e+03,6.755795503780163926e+03,3.287370933986805085e+03
3.596000000000000000e+03,1.254014443760565882e+04,1.103339108448372826e+04,2.494152128424050716e+03,6.757632625552505488e+03,3.288359683629103529e+03
3.597000000000000000e+03,1.254379103641742404e+04,1.103779988325887098e+04,2.494948250855061815e+03,6.759449770952116523e+03,3.289393014610248883e+03
3.598000000000000000e+03,1.254739408522483609e+04,1.104226815790800538e+04,2.495715447463006967e+03,6.761241584603259980e+03,3.290437053158570961e+03
3.599000000000000000e+03,1.255103338006153172e+04,1.104692748996490263e+04,2.496433957372648365e+03,6.763109022781357453e+03,3.291490399907527262e+03
3.600000000000000000e+03,1.255487219321633165e+04,1.105168616641151857e+04,2.497174662703670037e+03,6.765145973742075512e+03,3.292551556770587922e+03
3.601000000000000000e+03,1.255864882813706390e+04,1.105623782423864213e+04,2.497950750932841856e+03,6.767144700695180290e+03,3.293553376509040390e+03
3.602000000000000000e+03,1.256238413527651210e+04,1.106063202854325209e+04,2.498736561323286423e+03,6.769095954533222539e+03,3.294551619420002680e+03
3.603000000000000000e+03,1.256595180957236335e+04,1.106496090590232780e+04,2.499494009951683438e+03,6.770941391745122019e+03,3.295516407875556524e+03
3.604000000000000000e+03,1.256939626714677070e+04,1.106920178880874482e+04,2.500220548173451334e+03,6.772690252640529252e+03,3.296485466332788747e+03
3.605000000000000000e+03,1.257276386859978447e+04,1.107341432520737362e+04,2.500856450352027878e+03,6.774463426889150469e+03,3.297443991358607491e+03
3.606000000000000000e+03,1.257605018065541481e+04,1.107749691479731155e+04,2.501496205676747650e+03,6.776201039093914915e+03,3.298352935884753151e+03
3.607000000000000000e+03,1.257939816879305727e+04,1.108156269102266378e+04,2.502227102995699170e+03,6.777919901391268468e+03,3.299251164406091448e+03
3.608000000000000000e+03,1.258262212173712578e+04,1.108569173699296698e+04,2.502943829983174965e+03,6.779482203131131428e+03,3.300196088622823481e+03
3.609000000000000000e+03,1.258598760327486889e+04,1.108992874029942686e+04,2.503707520477679736e+03,6.781086584861895062e+03,3.301193497935294090e+03
3.610000000000000000e+03,1.258953843509887338e+04,1.109425881916350590e+04,2.504537136454694519e+03,6.782755017999879783e+03,3.302246280644297258e+03
3.611000000000000000e+03,1.259303582993991949e+04,1.109859111374496024e+04,2.505349489431409438e+03,6.784408434243499869e+03,3.303277906265012916e+03
3.612000000000000000e+03,1.259652768833825758e+04,1.110295092557206590e+04,2.506109563527057617e+03,6.786013764597993941e+03,3.304404360213207838e+03
3.613000000000000000e+03,1.259987453927263596e+04,1.110718005744368020e+04,2.506785234990696154e+03,6.787555003914773806e+03,3.305534300367165997e+03
3.614000000000000000e+03,1.260319192631566875e+04,1.111142006649982977e+04,2.507458576593569887e+03,6.789060418583520914e+03,3.306672931138577496e+03
3.615000000000000000e+03,1.260644240869263740e+04,1.111565357339191178e+04,2.508101503348491406e+03,6.790586357308871811e+03,3.307754548035274638e+03
3.616000000000000000e+03,1.260978483790346945e+04,1.112008036783209718e+04,2.508719196344024567e+03,6.792222969092236781e+03,3.308842672467207194e+03
3.617000000000000000e+03,1.261314453932724791e+04,1.112451951628189090e+04,2.509341609062186308e+03,6.793840668863575047e+03,3.309962261401485648e+03
3.618000000000000000e+03,1.261643613988520701e+04,1.112883495383140871e+04,2.510022952113768952e+03,6.795339431709224300e+03,3.311073756062211032e+03
3.619000000000000000e+03,1.261977941624489540e+04,1.113308220145465020e+04,2.510768664910433017e+03,6.796796763063638537e+03,3.312213988270824302e+03
3.620000000000000000e+03,1.262314967938677728e+04,1.113726742681471478e+04,2.511481529082942870e+03,6.798252231949474663e+03,3.313415918354362020e+03
3.621000000000000000e+03,1.262647373823424459e+04,1.114137305553550868e+04,2.512193338811833200e+03,6.799748080714333810e+03,3.314532318708074854e+03
3.622000000000000000e+03,1.262969953025933683e+04,1.114537653775423860e+04,2.512930856675245195e+03,6.801184734234196185e+03,3.315583939349894990e+03
3.623000000000000000e+03,1.263284046281026531e+04,1.114924956093803667e+04,2.513667953685541761e+03,6.802559607214864627e+03,3.316612901909860284e+03
3.624000000000000000e+03,1.263579318292442258e+04,1.115300666642259966e+04,2.514374817380887180e+03,6.803838193599405713e+03,3.317580171944131052e+03
3.625000000000000000e+03,1.263877079410856641e+04,1.115682952878272772e+04,2.515114284750893603e+03,6.805048569149106697e+03,3.318607940208563377e+03
3.626000000000000000e+03,1.264180789653295869e+04,1.116083880576410411e+04,2.515830039603528348e+03,6.806288432401453974e+03,3.319689424527976371e+03
3.627000000000000000e+03,1.264491065283909484e+04,1.116480790543675539e+04,2.516550325450882156e+03,6.807521877488919927e+03,3.320838449899292755e+03
3.628000000000000000e+03,1.264810709726337882e+04,1.116886487032728473e+04,2.517319332122029664e+03,6.808798363850966780e+03,3.321989401290381466e+03
3.629000000000000000e+03,1.265132761047874556e+04,1.117300795727578770e+04,2.518131925178943675e+03,6.810084704567762856e+03,3.323110980732039025e+03
3.630000000000000000e+03,1.265455283851119748e+04,1.117720477472471975e+04,2.518920832610283469e+03,6.811345613228741968e+03,3.324286392672173861e+03
3.631000000000000000e+03,1.265779612226688369e+04,1.118136305093218107e+04,2.519687483827922733e+03,6.812635874053016778e+03,3.325472764385944174e+03
3.632000000000000000e+03,1.266095978248896063e+04,1.118535589099379649e+04,2.520460506178080777e+03,6.813854023325283379e+03,3.326645252985598290e+03
3.633000000000000000e+03,1.266397435387314727e+04,1.118917199741801778e+04,2.521208659198773148e+03,6.814977349792619862e+03,3.327788344881751982e+03
3.634000000000000000e+03,1.266686199667859728e+04,1.119281541135604493e+04,2.521918626097261040e+03,6.816047990130876315e+03,3.328895380450462198e+03
3.635000000000000000e+03,1.266962836555785725e+04,1.119623945628152978e+04,2.522589935867468284e+03,6.817048932385943772e+03,3.329989497304445194e+03
3.636000000000000000e+03,1.267238055467794038e+04,1.119961943144884754e+04,2.523274339335403965e+03,6.818047490593673501e+03,3.331058724748861096e+03
3.637000000000000000e+03,1.267518336780953177e+04,1.120307003157817417e+04,2.523987119984936271e+03,6.819087736823918931e+03,3.332108511000678845e+03
3.638000000000000000e+03,1.267789373467767655e+04,1.120649861030861757e+04,2.524650157145529647e+03,6.820105384528821560e+03,3.333138193003324886e+03
3.639000000000000000e+03,1.268069313601406066e+04,1.120997651152566687e+04,2.525298248376770516e+03,6.821283846075671136e+03,3.334111041561621732e+03
3.640000000000000000e+03,1.268357808915758505e+04,1.121337628999073422e+04,2.526010470526670360e+03,6.822504907691618428e+03,3.335062710939296721e+03
3.641000000000000000e+03,1.268651631123846346e+04,1.121679505773886012e+04,2.526783029658119631e+03,6.823717726441423110e+03,3.336015555138921627e+03
3.642000000000000000e+03,1.268947746199780158e+04,1.122017809478330673e+04,2.527594165797645019e+03,6.824866762609315629e+03,3.337016533590843665e+03
3.643000000000000000e+03,1.269245598856190009e+04,1.122344199485750869e+04,2.528456542533869197e+03,6.826032929691182289e+03,3.337966516336848144e+03
3.644000000000000000e+03,1.269560190536752998e+04,1.122690710304480308e+04,2.529315641889249491e+03,6.827286707819816002e+03,3.338999555658465397e+03
3.645000000000000000e+03,1.269876993657424282e+04,1.123036170980103634e+04,2.530144137467721066e+03,6.828576846099601426e+03,3.340048953006919874e+03
3.646000000000000000e+03,1.270180421588974605e+04,1.123386917116275254e+04,2.530900170337222789e+03,6.829757818860812222e+03,3.341146226691711490e+03
3.647000000000000000e+03,1.270498432377776771e+04,1.123763584379141867e+04,2.531672373855624301e+03,6.830991302804208317e+03,3.342320647117934186e+03
3.648000000000000000e+03,1.270819301283306231e+04,1.124153150574008396e+04,2.532467761086200881e+03,6.832210849640224296e+03,3.343514402106640773e+03
3.649000000000000000e+03,1.271132701650141826e+04,1.124537865393993161e+04,2.533193843763267068e+03,6.833456737300334680e+03,3.344676435437812870e+03
3.650000000000000000e+03,1.271434164395474545e+04,1.124900592998941283e+04,2.533896089104206567e+03,6.834664786851050849e+03,3.345780767999487580e+03
3.651000000000000000e+03,1.271740282832121011e+04,1.125254782508848439e+04,2.534643332750672471e+03,6.835799651045755127e+03,3.346959844524779328e+03
3.652000000000000000e+03,1.272049440312776642e+04,1.125612204644452686e+04,2.535404386381743734e+03,6.836965170488695549e+03,3.348124846257328500e+03
3.653000000000000000e+03,1.272354898016831066e+04,1.125972325142028603e+04,2.536120921353102858e+03,6.838158728589553903e+03,3.349269330225653448e+03
3.654000000000000000e+03,1.272654284339085098e+04,1.126351715325643818e+04,2.536807647203336273e+03,6.839340687288776280e+03,3.350394508898737058e+03
3.655000000000000000e+03,1.272947988256075769e+04,1.126737860826871110e+04,2.537530608476795805e+03,6.840403090843201426e+03,3.351546183240759092e+03
3.656000000000000000e+03,1.273244973192839461e+04,1.127133568875730271e+04,2.538307568808046653e+03,6.841427329598269353e+03,3.352714833522076333e+03
3.657000000000000000e+03,1.273549039498722777e+04,1.127535336747735164e+04,2.539183231378163782e+03,6.842398627658742953e+03,3.353908535950320129e+03
3.658000000000000000e+03,1.273855042010997386e+04,1.127936151941579374e+04,2.540140274084139037e+03,6.843310291352938293e+03,3.355099854672897436e+03
3.659000000000000000e+03,1.274157429600420255e+04,1.128330281293396547e+04,2.541117964995442435e+03,6.844114673756553202e+03,3.356341657252206005e+03
3.660000000000000000e+03,1.274428746485799275e+04,1.128701279408000300e+04,2.542077402615853771e+03,6.844687271641241750e+03,3.357522790600900862e+03
3.661000000000000000e+03,1.274678629556618580e+04,1.129053081570259019e+04,2.542971208126440615e+03,6.845177496397835966e+03,3.358637591041911946e+03
3.662000000000000000e+03,1.274908713935449123e+04,1.129385536762344236e+04,2.543778532348849239e+03,6.845627609028839288e+03,3.359680997976802701e+03
3.663000000000000000e+03,1.275135088528994493e+04,1.129711281880630304e+04,2.544555048557028385e+03,6.846158724632058693e+03,3.360637112100857394e+03
3.664000000000000000e+03,1.275363526695910514e+04,1.130040654695243211e+04,2.545315670707953814e+03,6.846686530990523352e+03,3.361633065260627973e+03
3.665000000000000000e+03,1.275585275836757864e+04,1.130367077833732219e+04,2.546074158039521080e+03,6.847191550894560351e+03,3.362587049433499487e+03
3.666000000000000000e+03,1.275805124716241698e+04,1.130692327436901360e+04,2.546884151901435871e+03,6.847747899135484658e+03,3.363419196125498274e+03
3.667000000000000000e+03,1.276034679075730310e+04,1.131013893101098256e+04,2.547667913326194139e+03,6.848357585003961503e+03,3.364321292427145636e+03
3.668000000000000000e+03,1.276263302875703448e+04,1.131336533446478825e+04,2.548418387208081640e+03,6.848896696979541048e+03,3.365317944569413612e+03
3.669000000000000000e+03,1.276478655579112456e+04,1.131657031884978096e+04,2.549088594376440142e+03,6.849404051785803858e+03,3.366293909628885103e+03
3.670000000000000000e+03,1.276681736316696879e+04,1.131974388031188209e+04,2.549735269850581062e+03,6.849881014194882482e+03,3.367201079121504335e+03
3.671000000000000000e+03,1.276860473803143941e+04,1.132272858211255516e+04,2.550296274657109734e+03,6.850282037979309280e+03,3.368026425395021306e+03
3.672000000000000000e+03,1.277027020491945405e+04,1.132536109231109731e+04,2.550870866147805827e+03,6.850594404155381199e+03,3.368804934616267474e+03
3.673000000000000000e+03,1.277176387720956154e+04,1.132774963863991979e+04,2.551365350285751447e+03,6.850784275429201443e+03,3.369614251494606833e+03
3.674000000000000000e+03,1.277328896302020803e+04,1.133006673529588079e+04,2.551870903510906828e+03,6.850877534263003326e+03,3.370540525246296511e+03
3.675000000000000000e+03,1.277483070401238547e+04,1.133236403615364361e+04,2.552383764973600137e+03,6.850925658547721468e+03,3.371521280491064772e+03
3.676000000000000000e+03,1.277641064183667550e+04,1.133469579517275270e+04,2.552946776722334107e+03,6.850956827185041220e+03,3.372507037929296530e+03
3.677000000000000000e+03,1.277788737016155574e+04,1.133691144744929079e+04,2.553513023453417190e+03,6.850885107301493008e+03,3.373489239406643719e+03
3.678000000000000000e+03,1.277914302344308453e+04,1.133882987521511131e+04,2.554048232027580525e+03,6.850675448319589123e+03,3.374419343095913973e+03
3.679000000000000000e+03,1.278039215818573939e+04,1.134075212094730341e+04,2.554637146498423135e+03,6.850374296385061825e+03,3.375380715302252156e+03
3.680000000000000000e+03,1.278162142623654472e+04,1.134268095913890284e+04,2.555242344502817105e+03,6.849978525601084584e+03,3.376400556132645761e+03
3.681000000000000000e+03,1.278282962914416748e+04,1.134473883774779824e+04,2.555841848921780638e+03,6.849585490415364802e+03,3.377402289807020679e+03
3.682000000000000000e+03,1.278407759391444051e+04,1.134670714388378292e+04,2.556417583571493196e+03,6.849247816338366647e+03,3.378412194004580670e+03
3.683000000000000000e+03,1.278530864280777860e+04,1.134861827186523260e+04,2.556932006602582987e+03,6.848998219719219378e+03,3.379378416485979869e+03
3.684000000000000000e+03,1.278655456750371013e+04,1.135047160125745540e+04,2.557512681211640484e+03,6.848737007400797665e+03,3.380304878891271073e+03
3.685000000000000000e+03,1.278794202958812821e+04,1.135237697422110796e+04,2.558207078833845117e+03,6.848497191419030059e+03,3.381237759335252576e+03
3.686000000000000000e+03,1.278924349149188129e+04,1.135422180833075072e+04,2.558897345807904458e+03,6.848148735474611385e+03,3.382197410209365444e+03
3.687000000000000000e+03,1.279051714132646521e+04,1.135614551038417085e+04,2.559548778447128825e+03,6.847790646142294463e+03,3.383177716737042829e+03
3.688000000000000000e+03,1.279173184123881583e+04,1.135803105326610239e+04,2.560149434740535980e+03,6.847496409114329253e+03,3.384085997383951963e+03
3.689000000000000000e+03,1.279296032736737652e+04,1.135988051451931824e+04,2.560720525148848992e+03,6.847223994617011158e+03,3.385015807601520009e+03
3.690000000000000000e+03,1.279409953887497250e+04,1.136173337589610492e+04,2.561195716014471145e+03,6.846977361990915597e+03,3.385926460869585753e+03
3.691000000000000000e+03,1.279527485717960190e+04,1.136361753544278145e+04,2.561636499937531426e+03,6.846756391871948836e+03,3.386881965370120270e+03
3.692000000000000000e+03,1.279659064371787645e+04,1.136555881870383382e+04,2.562058901898930799e+03,6.846603252403672741e+03,3.387928489415272452e+03
3.693000000000000000e+03,1.279793198408078388e+04,1.136750120324637101e+04,2.562489192363572329e+03,6.846438447408625507e+03,3.389004344308580130e+03
3.694000000000000000e+03,1.279922387422724205e+04,1.136943049643559061e+04,2.562894991447873508e+03,6.846222169989423492e+03,3.390106712789945504e+03
3.695000000000000000e+03,1.280054753030443499e+04,1.137146911212238047e+04,2.563310445441717093e+03,6.846048705065220929e+03,3.391188379797497419e+03
3.696000000000000000e+03,1.280189677001809468e+04,1.137350293897606571e+04,2.563756209680706434e+03,6.845947580208041472e+03,3.392192980129348143e+03
3.697000000000000000e+03,1.280336050475358206e+04,1.137553152317708918e+04,2.564233104779635596e+03,6.846009317538640062e+03,3.393118082435305496e+03
3.698000000000000000e+03,1.280481594108404170e+04,1.137748611898465788e+04,2.564642322762725598e+03,6.846105140345893233e+03,3.394068477975425594e+03
3.699000000000000000e+03,1.280623800790897440e+04,1.137937408552188936e+04,2.565008253156020146e+03,6.846159787022254022e+03,3.395069967730699773e+03
3.700000000000000000e+03,1.280765085016137709e+04,1.138124303441523261e+04,2.565387425354882907e+03,6.846112866466023661e+03,3.396150558340472344e+03
3.701000000000000000e+03,1.280916332526500810e+04,1.138311151144644282e+04,2.565781795931029592e+03,6.846076839499568450e+03,3.397304689834411874e+03
3.702000000000000000e+03,1.281083730592833854e+04,1.138511962004954512e+04,2.566257153251922318e+03,6.846117799687186562e+03,3.398462352989234205e+03
3.703000000000000000e+03,1.281258726623370967e+04,1.138719995457709774e+04,2.566719820946182153e+03,6.846143547739311543e+03,3.399723897548216428e+03
3.704000000000000000e+03,1.281450439616204858e+04,1.138947341572536607e+04,2.567198006118947887e+03,6.846284829322075893e+03,3.401021560721024343e+03
3.705000000000000000e+03,1.281650454228240051e+04,1.139188837526291536e+04,2.567670741390865260e+03,6.846446388747359379e+03,3.402387412144172231e+03
3.706000000000000000e+03,1.281855811384667686e+04,1.139447233414278708e+04,2.568135198358562320e+03,6.846674049201641537e+03,3.403748866286475277e+03
3.707000000000000000e+03,1.282066744096620459e+04,1.139718207130260271e+04,2.568631962919965645e+03,6.846973677643254632e+03,3.405061800402983408e+03
3.708000000000000000e+03,1.282292935842580482e+04,1.140004659784684009e+04,2.569222589825275463e+03,6.847355685030968743e+03,3.406351083569558796e+03
3.709000000000000000e+03,1.282530165163731363e+04,1.140306547033465176e+04,2.569855690262861572e+03,6.847804663187671395e+03,3.407641298186779750e+03
3.710000000000000000e+03,1.282770984150961340e+04,1.140644300333992032e+04,2.570484255109975493e+03,6.848290686639289561e+03,3.408934899760348344e+03
3.711000000000000000e+03,1.283026052052226260e+04,1.141010065760363432e+04,2.571103349375431662e+03,6.848890801449560968e+03,3.410266369697274058e+03
3.712000000000000000e+03,1.283289727398569448e+04,1.141385003959346977e+04,2.571724463481099974e+03,6.849459312692457388e+03,3.411713497812137120e+03
3.713000000000000000e+03,1.283560236782926950e+04,1.141771887164891814e+04,2.572367682974859235e+03,6.850107027855355227e+03,3.413127656999052761e+03
3.714000000000000000e+03,1.283819696058396221e+04,1.142150834626646429e+04,2.572930327669267172e+03,6.850716885497972726e+03,3.414549747416721402e+03
3.715000000000000000e+03,1.284070845944108805e+04,1.142524943148221064e+04,2.573423758796622678e+03,6.851310617869559792e+03,3.415974082774904673e+03
3.716000000000000000e+03,1.284316506441071579e+04,1.142904307750125918e+04,2.573839320932383998e+03,6.851909023019256892e+03,3.417416720459074895e+03
3.717000000000000000e+03,1.284568010314731146e+04,1.143304110832202787e+04,2.574300661216589106e+03,6.852502414532529656e+03,3.418877027398192695e+03
3.718000000000000000e+03,1.284824040363923632e+04,1.143713666343894693e+04,2.574806113400386948e+03,6.853116236844175546e+03,3.420318053394673370e+03
3.719000000000000000e+03,1.285092671197848540e+04,1.144128826570495221e+04,2.575380872274839476e+03,6.853765405789221404e+03,3.421780433914423156e+03
3.720000000000000000e+03,1.285368238034778369e+04,1.144544963655501670e+04,2.575934363793118337e+03,6.854535904529933759e+03,3.423212112024731141e+03
3.721000000000000000e+03,1.285640188561879950e+04,1.144953125595624806e+04,2.576401487730686313e+03,6.855376221918406372e+03,3.424624175969704993e+03
3.722000000000000000e+03,1.285899047640839490e+04,1.145348045254645876e+04,2.576898728803383165e+03,6.856163909919730031e+03,3.425927837685282611e+03
3.723000000000000000e+03,1.286152536393488481e+04,1.145735585263744179e+04,2.577386283183958767e+03,6.856927329743072733e+03,3.427211751007854218e+03
3.724000000000000000e+03,1.286383847275528024e+04,1.146115842737498679e+04,2.577799029618009627e+03,6.857568256670003393e+03,3.428471186467268126e+03
3.725000000000000000e+03,1.286608008195107141e+04,1.146492238289950183e+04,2.578191269243253373e+03,6.858183842890786764e+03,3.429704969817031724e+03
3.726000000000000000e+03,1.286833670305411761e+04,1.146869836775431213e+04,2.578587454766294741e+03,6.858890029520905046e+03,3.430859218766919184e+03
3.727000000000000000e+03,1.287059018775414552e+04,1.147251627654258300e+04,2.578937264801706078e+03,6.859600947723517493e+03,3.432051975228922856e+03
3.728000000000000000e+03,1.287276540442019541e+04,1.147619437965772340e+04,2.579301270887906412e+03,6.860243010700959530e+03,3.433221122831329467e+03
3.729000000000000000e+03,1.287501643097074884e+04,1.148002170738383575e+04,2.579737006513056713e+03,6.860871569740612358e+03,3.434407854717075679e+03
3.730000000000000000e+03,1.287743285208423549e+04,1.148394353064925053e+04,2.580205011662608740e+03,6.861622146102356965e+03,3.435605694319272061e+03
3.731000000000000000e+03,1.287984942261939432e+04,1.148783616408934722e+04,2.580569824027586037e+03,6.862453082783404170e+03,3.436826515808400472e+03
3.732000000000000000e+03,1.288209370740572922e+04,1.149167846916949384e+04,2.580776058322661811e+03,6.863281700310850283e+03,3.438035948772217580e+03
3.733000000000000000e+03,1.288416181324661193e+04,1.149537223504388749e+04,2.580877056690059362e+03,6.864054506682865394e+03,3.439230249873686262e+03
3.734000000000000000e+03,1.288628478542653284e+04,1.149914551150752231e+04,2.580974140876048295e+03,6.864889828453048722e+03,3.440420816097435363e+03
3.735000000000000000e+03,1.288826395533678078e+04,1.150271341507100078e+04,2.581021295637493495e+03,6.865700464527561962e+03,3.441542195171723051e+03
3.736000000000000000e+03,1.289011119568271897e+04,1.150616114986838147e+04,2.581011954762872847e+03,6.866524665356325386e+03,3.442574575563521648e+03
3.737000000000000000e+03,1.289197201989808127e+04,1.150963428865016431e+04,2.580975112562244703e+03,6.867386462848500742e+03,3.443610444487340374e+03
3.738000000000000000e+03,1.289391645242602317e+04,1.151317789431707388e+04,2.580896620023454489e+03,6.868320779875861263e+03,3.444699052526710148e+03
3.739000000000000000e+03,1.289584073523348707e+04,1.151672052771075141e+04,2.580756701948175760e+03,6.869276417690186463e+03,3.445807615595124844e+03
3.740000000000000000e+03,1.289776423259342664e+04,1.152038808285479172e+04,2.580567322122077712e+03,6.870227112122071958e+03,3.446969798349275607e+03
3.741000000000000000e+03,1.289966754459077856e+04,1.152388013319777383e+04,2.580349262836512025e+03,6.871239459679907668e+03,3.448078822074360687e+03
3.742000000000000000e+03,1.290159038566509480e+04,1.152727448538788849e+04,2.580172540847009259e+03,6.872294673126263660e+03,3.449123171691820517e+03
3.743000000000000000e+03,1.290351108073796240e+04,1.153062454273587355e+04,2.580009758837551999e+03,6.873331341110652829e+03,3.450169980789758029e+03
3.744000000000000000e+03,1.290542990477199601e+04,1.153413805247477467e+04,2.579798159729120471e+03,6.874383066596057688e+03,3.451248678446817394e+03
3.745000000000000000e+03,1.290723951729937471e+04,1.153774946926753910e+04,2.579522800229548466e+03,6.875379737329819363e+03,3.452336979740009610e+03
3.746000000000000000e+03,1.290920959421911175e+04,1.154147924412455359e+04,2.579303751366874167e+03,6.876462891624767508e+03,3.453442951227471440e+03
3.747000000000000000e+03,1.291116663313293429e+04,1.154523624747098620e+04,2.579126383911000630e+03,6.877539013432632601e+03,3.454501235789299244e+03
3.748000000000000000e+03,1.291326717308328080e+04,1.154898681868978019e+04,2.579030097743944680e+03,6.878685969866445703e+03,3.455551105472889503e+03
3.749000000000000000e+03,1.291550569193408046e+04,1.155282203425758962e+04,2.578916788590054239e+03,6.879932126922857606e+03,3.456656776421169525e+03
3.750000000000000000e+03,1.291790898912125704e+04,1.155681752156864604e+04,2.578819229603983786e+03,6.881203722105716224e+03,3.457886037411556572e+03
3.751000000000000000e+03,1.292025486213103068e+04,1.156081855004593308e+04,2.578705258636579856e+03,6.882344970232283231e+03,3.459204633262163497e+03
3.752000000000000000e+03,1.292245458292238982e+04,1.156481259109650091e+04,2.578498548218865380e+03,6.883413698979366927e+03,3.460542335724157510e+03
3.753000000000000000e+03,1.292443585880260252e+04,1.156867774634506895e+04,2.578229795737463974e+03,6.884377136865065950e+03,3.461828926200072601e+03
3.754000000000000000e+03,1.292645679107261094e+04,1.157246321292454741e+04,2.577961009040511271e+03,6.885354807086261644e+03,3.463140974945841208e+03
3.755000000000000000e+03,1.292863935309822045e+04,1.157644248068648631e+04,2.577750356977162028e+03,6.886521631195804730e+03,3.464367364925252332e+03
3.756000000000000000e+03,1.293087604493019353e+04,1.158057360720077486e+04,2.577599603436780853e+03,6.887780297425939352e+03,3.465496144067475598e+03
3.757000000000000000e+03,1.293291815337140542e+04,1.158472393122242102e+04,2.577421642720845739e+03,6.889012866510473032e+03,3.466483644140088472e+03
3.758000000000000000e+03,1.293483720417809673e+04,1.158887600151122933e+04,2.577207541797977683e+03,6.890214104550317643e+03,3.467415557829802310e+03
3.759000000000000000e+03,1.293685582192258880e+04,1.159297862886757866e+04,2.577055411437247130e+03,6.891451252711007328e+03,3.468349157774334344e+03
3.760000000000000000e+03,1.293897488397975940e+04,1.159708385951885612e+04,2.576958536202540017e+03,6.892714981029783303e+03,3.469301366747434713e+03
3.761000000000000000e+03,1.294096235151194196e+04,1.160115415185005804e+04,2.576804209705457652e+03,6.893984679104183670e+03,3.470173462702301094e+03
3.762000000000000000e+03,1.294299609174700709e+04,1.160534659432037188e+04,2.576625556148740543e+03,6.895286083270721065e+03,3.471084452327545932e+03
3.763000000000000000e+03,1.294500697674623916e+04,1.160955134010036454e+04,2.576385066290526538e+03,6.896591032013311633e+03,3.472030878442403719e+03
3.764000000000000000e+03,1.294695475798123698e+04,1.161367778106655715e+04,2.576105090233811097e+03,6.897843029078159816e+03,3.473006638669266977e+03
3.765000000000000000e+03,1.294888293281395454e+04,1.161768831253209828e+04,2.575864554303608202e+03,6.899020811121069528e+03,3.473997567389278174e+03
3.766000000000000000e+03,1.295083487703353239e+04,1.162160104404284175e+04,2.575671089267896150e+03,6.900161685618148113e+03,3.475002102147485857e+03
3.767000000000000000e+03,1.295276005314916074e+04,1.162546797479265115e+04,2.575503488143451705e+03,6.901235793788495357e+03,3.476020771217213678e+03
3.768000000000000000e+03,1.295460078807141872e+04,1.162934268444516420e+04,2.575306854340381506e+03,6.902317812984157172e+03,3.476976120746879133e+03
3.769000000000000000e+03,1.295650554934773572e+04,1.163303611719476794e+04,2.575136109131335616e+03,6.903427830062891189e+03,3.477941610153511192e+03
3.770000000000000000e+03,1.295850643494633914e+04,1.163696433367650025e+04,2.574907275275386837e+03,6.904632847119324651e+03,3.478966312551625833e+03
3.771000000000000000e+03,1.296050379215503017e+04,1.164116230224434184e+04,2.574540161734138564e+03,6.905933492105602454e+03,3.480030138315290969e+03
3.772000000000000000e+03,1.296248057709896057e+04,1.164548853451330979e+04,2.574142504748780084e+03,6.907243817681011933e+03,3.481094254669167185e+03
3.773000000000000000e+03,1.296446884832746946e+04,1.164996427936640430e+04,2.573665910384552262e+03,6.908634651351833782e+03,3.482168286591084325e+03
3.774000000000000000e+03,1.296631928313560275e+04,1.165438021596518593e+04,2.573118004798049697e+03,6.910002810291654896e+03,3.483198468045899062e+03
3.775000000000000000e+03,1.296805222455709918e+04,1.165889791315255934e+04,2.572474413754803209e+03,6.911397843310575809e+03,3.484179967491720163e+03
3.776000000000000000e+03,1.296998295103727651e+04,1.166352895822002210e+04,2.571939641855317859e+03,6.912865894572821162e+03,3.485177414609138850e+03
3.777000000000000000e+03,1.297205642251801328e+04,1.166810841683997387e+04,2.571520718149878121e+03,6.914351855182457257e+03,3.486183849185678810e+03
3.778000000000000000e+03,1.297409659794738945e+04,1.167262032339090001e+04,2.571088232016727034e+03,6.915863597433643008e+03,3.487144768497019868e+03
3.779000000000000000e+03,1.297600015816485211e+04,1.167712153947514344e+04,2.570626276357590086e+03,6.917299103465671578e+03,3.488074778341590900e+03
3.780000000000000000e+03,1.297784160054503445e+04,1.168157576131869610e+04,2.570117338356470100e+03,6.918658435856018514e+03,3.489065826332545839e+03
3.781000000000000000e+03,1.297984495922435053e+04,1.168614758097657068e+04,2.569647395596091428e+03,6.920081536880577914e+03,3.490116026747681644e+03
3.782000000000000000e+03,1.298199914860085846e+04,1.169096573328916929e+04,2.569212742763335427e+03,6.921657924539898886e+03,3.491128481297628696e+03
3.783000000000000000e+03,1.298440519753063563e+04,1.169605130908851424e+04,2.568846179140969070e+03,6.923351071010421037e+03,3.492207947379245979e+03
3.784000000000000000e+03,1.298700397699682981e+04,1.170094061823017364e+04,2.568585066638888748e+03,6.925047778987393031e+03,3.493371131370551211e+03
3.785000000000000000e+03,1.298970963323390970e+04,1.170579777675656624e+04,2.568454167560951191e+03,6.926778495077965999e+03,3.494476970594993873e+03
3.786000000000000000e+03,1.299241860807145895e+04,1.171057212548302959e+04,2.568442404993184482e+03,6.928408175823778947e+03,3.495568027254494609e+03
3.787000000000000000e+03,1.299499331931056440e+04,1.171521987040119166e+04,2.568447716061940810e+03,6.929959616128231573e+03,3.496585987120391110e+03
3.788000000000000000e+03,1.299737590069448379e+04,1.171979424965765793e+04,2.568302253367770390e+03,6.931536074739832657e+03,3.497537572586880742e+03
3.789000000000000000e+03,1.299956618501811317e+04,1.172431688461699559e+04,2.568033774362848362e+03,6.933027212587636313e+03,3.498505198067628953e+03
3.790000000000000000e+03,1.300170718606803348e+04,1.172876620172075491e+04,2.567821628545451404e+03,6.934385787748357870e+03,3.499499769774220567e+03
3.791000000000000000e+03,1.300388117727885037e+04,1.173332220449321721e+04,2.567678048275161018e+03,6.935727675926042139e+03,3.500475453077645852e+03
3.792000000000000000e+03,1.300622107402378788e+04,1.173808616078636624e+04,2.567545920176782147e+03,6.937233372154645622e+03,3.501441781692356017e+03
3.793000000000000000e+03,1.300860276202187197e+04,1.174293496221265195e+04,2.567444062134378328e+03,6.938809254690419948e+03,3.502349445197075056e+03
3.794000000000000000e+03,1.301120517719216878e+04,1.174792612354651465e+04,2.567359838931040940e+03,6.940530946245756240e+03,3.503314392015375233e+03
3.795000000000000000e+03,1.301399387163374558e+04,1.175311026225340538e+04,2.567312460905628996e+03,6.942298632888174325e+03,3.504382777839945447e+03
3.796000000000000000e+03,1.301676202234048833e+04,1.175835258757268275e+04,2.567332434492142966e+03,6.944015031375434774e+03,3.505414556472909226e+03
3.797000000000000000e+03,1.301948619513170343e+04,1.176362743194751420e+04,2.567382969344341745e+03,6.945770419054792910e+03,3.506332806732567406e+03
3.798000000000000000e+03,1.302213228530130800e+04,1.176875087024402092e+04,2.567479300767537097e+03,6.947469351028205892e+03,3.507183633505563193e+03
3.799000000000000000e+03,1.302480301937579316e+04,1.177396119655239636e+04,2.567543462079451729e+03,6.949214203650905802e+03,3.508045353645436990e+03
3.800000000000000000e+03,1.302754110122299244e+04,1.177910085306297333e+04,2.567651923976607577e+03,6.950984120562936369e+03,3.508905056683449857e+03
3.801000000000000000e+03,1.303028969785338995e+04,1.178430100988435152e+04,2.567817019085537140e+03,6.952728327602361787e+03,3.509744351165490116e+03
3.802000000000000000e+03,1.303297107367701028e+04,1.178951194137131461e+04,2.567975451177758714e+03,6.954516473368494189e+03,3.510479149130758742e+03
3.803000000000000000e+03,1.303559629705896987e+04,1.179468361819316851e+04,2.568146122495520558e+03,6.956311339611764197e+03,3.511138834951684657e+03
3.804000000000000000e+03,1.303828486339977098e+04,1.179998082046482341e+04,2.568361593215690846e+03,6.958135185543626903e+03,3.511788084640450506e+03
3.805000000000000000e+03,1.304092024129484525e+04,1.180539373785729185e+04,2.568493037411204114e+03,6.959926729515171246e+03,3.512500474368467167e+03
3.806000000000000000e+03,1.304359195523593553e+04,1.181091291378220012e+04,2.568538293129715839e+03,6.961739279886263830e+03,3.513314382219957224e+03
3.807000000000000000e+03,1.304612521110097077e+04,1.181626816479611080e+04,2.568583395069008930e+03,6.963459150839237736e+03,3.514082665192727291e+03
3.808000000000000000e+03,1.304858251829367146e+04,1.182158431720612498e+04,2.568628967156635099e+03,6.965157496351402187e+03,3.514796054785629622e+03
3.809000000000000000e+03,1.305128298519446616e+04,1.182697182907545357e+04,2.568674858637720718e+03,6.966965044599371140e+03,3.515643081957373852e+03
3.810000000000000000e+03,1.305422871377894080e+04,1.183254568116007613e+04,2.568710415743997146e+03,6.968926332238018404e+03,3.516591965796924342e+03
3.811000000000000000e+03,1.305725385643053960e+04,1.183834319298316223e+04,2.568702009024257222e+03,6.970960728854491208e+03,3.517591118551790714e+03
3.812000000000000000e+03,1.306042033096007617e+04,1.184434329720371170e+04,2.568674199946045064e+03,6.973057567199548430e+03,3.518688563814482222e+03
3.813000000000000000e+03,1.306368680180710362e+04,1.185033003190343697e+04,2.568650431041491629e+03,6.975198948820312580e+03,3.519837421945302140e+03
3.814000000000000000e+03,1.306710865691633444e+04,1.185666129845551768e+04,2.568704019776978384e+03,6.977382985777132490e+03,3.521021651362222656e+03
3.815000000000000000e+03,1.307036069049433172e+04,1.186285970198442737e+04,2.568744514589489427e+03,6.979442516795303163e+03,3.522173659109539585e+03
3.816000000000000000e+03,1.307340494149000006e+04,1.186890657562249362e+04,2.568759417813118944e+03,6.981399028920120145e+03,3.523246494756759603e+03
3.817000000000000000e+03,1.307640251015036847e+04,1.187493610560727575e+04,2.568750009362246601e+03,6.983354200950105223e+03,3.524298299838017556e+03
3.818000000000000000e+03,1.307936611513773460e+04,1.188089359738079474e+04,2.568728908904976834e+03,6.985268553812353275e+03,3.525368652420405851e+03
3.819000000000000000e+03,1.308230922161297349e+04,1.188690860260431145e+04,2.568691260983266147e+03,6.987140779191312504e+03,3.526477181438396656e+03
3.820000000000000000e+03,1.308533896339438434e+04,1.189297142149547835e+04,2.568662041719830086e+03,6.989020460388409447e+03,3.527656461286144804e+03
3.821000000000000000e+03,1.308853588591577500e+04,1.189917215283227961e+04,2.568595013803939764e+03,6.991036571431051016e+03,3.528904300680783308e+03
3.822000000000000000e+03,1.309167757937174429e+04,1.190546629749374006e+04,2.568447104888465219e+03,6.993067601424683744e+03,3.530162873058598052e+03
3.823000000000000000e+03,1.309467163479706505e+04,1.191166581498672895e+04,2.568218180088119425e+03,6.994997050234873313e+03,3.531456404474071405e+03
3.824000000000000000e+03,1.309765590860605516e+04,1.191780938639363740e+04,2.567968023607853866e+03,6.996961390174468761e+03,3.532726494823733901e+03
3.825000000000000000e+03,1.310064021704180232e+04,1.192403797420919182e+04,2.567723047786354527e+03,6.998989160150599673e+03,3.533928009104849480e+03
3.826000000000000000e+03,1.310375461076223473e+04,1.193040856386953419e+04,2.567527467486795558e+03,7.001085184379461680e+03,3.535141958895974767e+03
3.827000000000000000e+03,1.310695988719981688e+04,1.193686366282629206e+04,2.567365327998901193e+03,7.003227362380678642e+03,3.536367196820236131e+03
3.828000000000000000e+03,1.311004957817316244e+04,1.194327878358825365e+04,2.567122153080007138e+03,7.005330414351633408e+03,3.537597010741524173e+03
3.829000000000000000e+03,1.311309093253186984e+04,1.194955211632255123e+04,2.566820907171104864e+03,7.007413186163028513e+03,3.538856839197736463e+03
3.830000000000000000e+03,1.311617612857056338e+04,1.195587178952936665e+04,2.566585626541783768e+03,7.009472149291670576e+03,3.540118352737107671e+03
3.831000000000000000e+03,1.311939939939617761e+04,1.196229719561092315e+04,2.566416789313665504e+03,7.011618060622056873e+03,3.541364549460454782e+03
3.832000000000000000e+03,1.312266166829185931e+04,1.196886786423951708e+04,2.566329271057946698e+03,7.013792607374596628e+03,3.542539789859320535e+03
3.833000000000000000e+03,1.312595800541266544e+04,1.197561016244245184e+04,2.566283275854747444e+03,7.015989326325114234e+03,3.543685403232803765e+03
3.834000000000000000e+03,1.312925134511864417e+04,1.198236728747087182e+04,2.566204461891845312e+03,7.018161262773171075e+03,3.544885620453626871e+03
3.835000000000000000e+03,1.313261650564565207e+04,1.198918323442891233e+04,2.566168310861207829e+03,7.020301745746462075e+03,3.546146449037983075e+03
3.836000000000000000e+03,1.313609844856401287e+04,1.199609201534822569e+04,2.566193523252400610e+03,7.022434546207057792e+03,3.547470379104553103e+03
3.837000000000000000e+03,1.313957916020990524e+04,1.200314144783079610e+04,2.566189316586777750e+03,7.024559902926164796e+03,3.548829940696959966e+03
3.838000000000000000e+03,1.314317373969773143e+04,1.201032372535174545e+04,2.566200076255181557e+03,7.026768944331051898e+03,3.550204719111495706e+03
3.839000000000000000e+03,1.314687201415188974e+04,1.201747389428528913e+04,2.566269899845062355e+03,7.028961678251811463e+03,3.551640436055014106e+03
3.840000000000000000e+03,1.315060453591594705e+04,1.202465329495893457e+04,2.566285787492049622e+03,7.031212438542381278e+03,3.553106309881516154e+03
3.841000000000000000e+03,1.315438214160229290e+04,1.203192007338328222e+04,2.566308864934778740e+03,7.033473900167207830e+03,3.554599376500310427e+03
3.842000000000000000e+03,1.315817769129853150e+04,1.203922441830967728e+04,2.566317059709103887e+03,7.035836809709537192e+03,3.556023821879892239e+03
3.843000000000000000e+03,1.316187197197570276e+04,1.204644141764103006e+04,2.566394990787619008e+03,7.038095729196701541e+03,3.557381251991383124e+03
3.844000000000000000e+03,1.316549494543485343e+04,1.205359120261791213e+04,2.566512588134565249e+03,7.040301365861274462e+03,3.558680991439011905e+03
3.845000000000000000e+03,1.316911976125842739e+04,1.206060499802076811e+04,2.566663707256680482e+03,7.042458101255989277e+03,3.559997952745755356e+03
3.846000000000000000e+03,1.317263926666327097e+04,1.206758565721626110e+04,2.566861423326327895e+03,7.044512466532102735e+03,3.561265376804841708e+03
3.847000000000000000e+03,1.317623960461113347e+04,1.207456861154998296e+04,2.567116305733576155e+03,7.046602868303933064e+03,3.562520430573621525e+03
3.848000000000000000e+03,1.317977126250575566e+04,1.208150282206035081e+04,2.567361478717120463e+03,7.048603684208930645e+03,3.563806099579706824e+03
3.849000000000000000e+03,1.318339096069173502e+04,1.208845206200034227e+04,2.567590603668434142e+03,7.050623677279877484e+03,3.565176679743426121e+03
3.850000000000000000e+03,1.318710598495693193e+04,1.209546050435926372e+04,2.567859379845514013e+03,7.052696110818268608e+03,3.566550494293148404e+03
3.851000000000000000e+03,1.319081215104029980e+04,1.210241028863383690e+04,2.568189684574374496e+03,7.054704379441223864e+03,3.567918087024700981e+03
3.852000000000000000e+03,1.319442458038415862e+04,1.210918388037761179e+04,2.568489015613730771e+03,7.056690028979867748e+03,3.569245535790557369e+03
3.853000000000000000e+03,1.319793043991449849e+04,1.211580856708791180e+04,2.568783969884229009e+03,7.058661282608033616e+03,3.570485187422235413e+03
3.854000000000000000e+03,1.320154700090550250e+04,1.212252656652556470e+04,2.569174302362717754e+03,7.060715235105031752e+03,3.571657463437751176e+03
3.855000000000000000e+03,1.320532937550935276e+04,1.212937713664583134e+04,2.569588304539491219e+03,7.062854179189042952e+03,3.572886891780822225e+03
3.856000000000000000e+03,1.320898957581541072e+04,1.213595452740764267e+04,2.570010924826760402e+03,7.064907882395949855e+03,3.574070768592700006e+03
3.857000000000000000e+03,1.321242436408073627e+04,1.214234904662043300e+04,2.570319131000037487e+03,7.066910181742578061e+03,3.575195051338123449e+03
3.858000000000000000e+03,1.321582811611205034e+04,1.214881575484840323e+04,2.570623946889781109e+03,7.068943808087034085e+03,3.576260361135237872e+03
3.859000000000000000e+03,1.321924036169970350e+04,1.215540619780275665e+04,2.570889204845024324e+03,7.071024859570425178e+03,3.577326297284253997e+03
3.860000000000000000e+03,1.322270113278051940e+04,1.216212561170571462e+04,2.571154647300237230e+03,7.073101753847830878e+03,3.578444731632454022e+03
3.861000000000000000e+03,1.322632651563748368e+04,1.216890821159653751e+04,2.571458386125367724e+03,7.075244290189041749e+03,3.579623839323077846e+03
3.862000000000000000e+03,1.322995733420037141e+04,1.217566174588232934e+04,2.571783754505557681e+03,7.077339812289450492e+03,3.580833767405366871e+03
3.863000000000000000e+03,1.323371564902267710e+04,1.218257091495224449e+04,2.572159543343611404e+03,7.079512027248985760e+03,3.582044078430079935e+03
3.864000000000000000e+03,1.323748157633696610e+04,1.218933796012479979e+04,2.572553019123904960e+03,7.081766606768715064e+03,3.583161950444345621e+03
3.865000000000000000e+03,1.324117764244280079e+04,1.219590579452951533e+04,2.572955323846536885e+03,7.083975752939743870e+03,3.584246565656519124e+03
3.866000000000000000e+03,1.324495459968925934e+04,1.220241897054929905e+04,2.573388899019729251e+03,7.086164592595780050e+03,3.585401108073750038e+03
3.867000000000000000e+03,1.324864216281235349e+04,1.220880759631460751e+04,2.573821946921224026e+03,7.088264676640627840e+03,3.586555539250500260e+03
3.868000000000000000e+03,1.325228145541377307e+04,1.221511368312159539e+04,2.574249566543611763e+03,7.090292718697036435e+03,3.587739170173123512e+03
3.869000000000000000e+03,1.325601644198333452e+04,1.222143731296783699e+04,2.574672340432340661e+03,7.092355216067202491e+03,3.588988885483791819e+03
3.870000000000000000e+03,1.325983383683496504e+04,1.222790271386211862e+04,2.575163349905419182e+03,7.094477865690157159e+03,3.590192621239387336e+03
3.871000000000000000e+03,1.326366274273680756e+04,1.223447095689608977e+04,2.575681503029022679e+03,7.096610856930722548e+03,3.591370382777063242e+03
3.872000000000000000e+03,1.326747471095099172e+04,1.224099220490731568e+04,2.576140951742950165e+03,7.098737283670455327e+03,3.592596475537586230e+03
3.873000000000000000e+03,1.327140499109942539e+04,1.224764833867843481e+04,2.576600658146045134e+03,7.100932726163492589e+03,3.593871606789883572e+03
3.874000000000000000e+03,1.327553279279850176e+04,1.225440489676612378e+04,2.577164292777978972e+03,7.103237024097086760e+03,3.595131475923438757e+03
3.875000000000000000e+03,1.327964982289544969e+04,1.226120946736534461e+04,2.577838063927075382e+03,7.105549013732117601e+03,3.596262745236258525e+03
3.876000000000000000e+03,1.328361275350248616e+04,1.226785272152077960e+04,2.578446581469850571e+03,7.107790972102430715e+03,3.597375199930202598e+03
3.877000000000000000e+03,1.328744541965851022e+04,1.227449420236765218e+04,2.578984473464160601e+03,7.109985032712594148e+03,3.598475913481759108e+03
3.878000000000000000e+03,1.329146457538216237e+04,1.228135892749485174e+04,2.579531530116214981e+03,7.112292997721221582e+03,3.599640047544724894e+03
3.879000000000000000e+03,1.329546448056408008e+04,1.228821319751866213e+04,2.580080446093223145e+03,7.114645112003599934e+03,3.600738922467250177e+03
3.880000000000000000e+03,1.329940803948137363e+04,1.229492161758989278e+04,2.580670118762870516e+03,7.116985653563370761e+03,3.601752267155132813e+03
3.881000000000000000e+03,1.330334847442023420e+04,1.230178344606751307e+04,2.581233381647550232e+03,7.119342679148142452e+03,3.602772413624542423e+03
3.882000000000000000e+03,1.330711242884395688e+04,1.230837284100661236e+04,2.581772057652303829e+03,7.121568315734225507e+03,3.603772055457426177e+03
3.883000000000000000e+03,1.331088689927569067e+04,1.231513343395385527e+04,2.582260637135054367e+03,7.123798264082525748e+03,3.604827998058111007e+03
3.884000000000000000e+03,1.331450855361489448e+04,1.232196845988495625e+04,2.582639351402210650e+03,7.125981735785855562e+03,3.605887466426830542e+03
3.885000000000000000e+03,1.331793664000348872e+04,1.232881474621685265e+04,2.582917164086827142e+03,7.128160208854917073e+03,3.606859267061747232e+03
3.886000000000000000e+03,1.332133024557106546e+04,1.233558051451143729e+04,2.583224894257868527e+03,7.130372892416807190e+03,3.607732458896387925e+03
3.887000000000000000e+03,1.332488577380721108e+04,1.234249195923776279e+04,2.583630033477907091e+03,7.132684961833349007e+03,3.608570778495954983e+03
3.888000000000000000e+03,1.332856224921241301e+04,1.234952684163888080e+04,2.584064456904595318e+03,7.135094050983888337e+03,3.609403741323927534e+03
3.889000000000000000e+03,1.333232889389682896e+04,1.235659199829407044e+04,2.584489548490770630e+03,7.137607079600324141e+03,3.610232265805732368e+03
3.890000000000000000e+03,1.333624445256192666e+04,1.236376256374938384e+04,2.584961375685989879e+03,7.140156497653854785e+03,3.611126579222086093e+03
3.891000000000000000e+03,1.334018579809196854e+04,1.237101032391816443e+04,2.585436616302599759e+03,7.142687698455420104e+03,3.612061483333948672e+03
3.892000000000000000e+03,1.334423792477557799e+04,1.237836147213810546e+04,2.585849973233656783e+03,7.145359405276811231e+03,3.613028546265107252e+03
3.893000000000000000e+03,1.334839110025398259e+04,1.238586180106686516e+04,2.586231644140186290e+03,7.148107493304005402e+03,3.614051962809789984e+03
3.894000000000000000e+03,1.335242270415371786e+04,1.239330340128470743e+04,2.586621536563645805e+03,7.150784965311331689e+03,3.615016202278738547e+03
3.895000000000000000e+03,1.335647200989391786e+04,1.240075556398268964e+04,2.587110760997583384e+03,7.153378897004945429e+03,3.615982351891389499e+03
3.896000000000000000e+03,1.336030135332988903e+04,1.240799022705743664e+04,2.587581549516189170e+03,7.155779429513908326e+03,3.616940374299786527e+03
3.897000000000000000e+03,1.336412045952549124e+04,1.241503951297808271e+04,2.587949856221526261e+03,7.158148388601586703e+03,3.618022214702377823e+03
3.898000000000000000e+03,1.336802084636172185e+04,1.242189013406040249e+04,2.588263049669315023e+03,7.160579253677559791e+03,3.619178543014848401e+03
3.899000000000000000e+03,1.337193397486024514e+04,1.242861751151752833e+04,2.588485409579595398e+03,7.163069525075843558e+03,3.620379040204806188e+03
3.900000000000000000e+03,1.337583105352235725e+04,1.243529658601480332e+04,2.588699456753838149e+03,7.165542446241917787e+03,3.621589150526604499e+03
3.901000000000000000e+03,1.337967856625639615e+04,1.244176396497417772e+04,2.588873263662096178e+03,7.167966708177102191e+03,3.622838594417196873e+03
3.902000000000000000e+03,1.338331661300986343e+04,1.244801688231693697e+04,2.588897273657868482e+03,7.170262043762694702e+03,3.624157295589299792e+03
3.903000000000000000e+03,1.338685363373963628e+04,1.245427494839008614e+04,2.588946493319303499e+03,7.172422193156235153e+03,3.625484947264095354e+03
3.904000000000000000e+03,1.339030165257511180e+04,1.246049436455847717e+04,2.589050289670408347e+03,7.174531893175820187e+03,3.626719469728884178e+03
3.905000000000000000e+03,1.339384446461662810e+04,1.246670357765308108e+04,2.589145472933575547e+03,7.176744561758981035e+03,3.627954429924071064e+03
3.906000000000000000e+03,1.339748338360831258e+04,1.247291644551767240e+04,2.589252483699987806e+03,7.178982512679316642e+03,3.629248387229010405e+03
3.907000000000000000e+03,1.340129814241490749e+04,1.247929165239133908e+04,2.589337062122584939e+03,7.181331266496275020e+03,3.630629813796046619e+03
3.908000000000000000e+03,1.340533210335843251e+04,1.248589202873718205e+04,2.589460316459780188e+03,7.183775764380737201e+03,3.632096022517914207e+03
3.909000000000000000e+03,1.340945312950756670e+04,1.249257146222569099e+04,2.589624048165052045e+03,7.186200437204215632e+03,3.633628644138297204e+03
3.910000000000000000e+03,1.341350121448108985e+04,1.249915806864996011e+04,2.589764499124716622e+03,7.188594178045571425e+03,3.635142537310802254e+03
3.911000000000000000e+03,1.341733239630910975e+04,1.250553547949969652e+04,2.589874272447377734e+03,7.190928282057825527e+03,3.636529841803904219e+03
3.912000000000000000e+03,1.342097743902765433e+04,1.251172434407612673e+04,2.590041197992669368e+03,7.193146136598501471e+03,3.637790104436481670e+03
3.913000000000000000e+03,1.342473337556646402e+04,1.251788429885699952e+04,2.590224763146150508e+03,7.195460191324248626e+03,3.639048421096066704e+03
3.914000000000000000e+03,1.342867315549877821e+04,1.252400773567507895e+04,2.590508982886734429e+03,7.197862973309702284e+03,3.640301199302340137e+03
3.915000000000000000e+03,1.343254348365194164e+04,1.253013231109459230e+04,2.590767162284510050e+03,7.200282032887365858e+03,3.641494288480064370e+03
3.916000000000000000e+03,1.343652227085248705e+04,1.253654774644923418e+04,2.590967900355491111e+03,7.202823282841207401e+03,3.642731087655787178e+03
3.917000000000000000e+03,1.344064626252867674e+04,1.254304990267390349e+04,2.591140553298739178e+03,7.205455341712588961e+03,3.644050367517348604e+03
3.918000000000000000e+03,1.344458310532328869e+04,1.254945280677360643e+04,2.591193922286183806e+03,7.208056548424530774e+03,3.645332634612575930e+03
3.919000000000000000e+03,1.344847051369101428e+04,1.255599400073333163e+04,2.591245560137546818e+03,7.210561400050351040e+03,3.646663553503118692e+03
3.920000000000000000e+03,1.345239521993891321e+04,1.256251660696548606e+04,2.591322643311579213e+03,7.213006568866761882e+03,3.648066007760569391e+03
3.921000000000000000e+03,1.345644126345960467e+04,1.256906260389524687e+04,2.591440051395308274e+03,7.215498729197528519e+03,3.649502482866770151e+03
3.922000000000000000e+03,1.346046085323578700e+04,1.257564696852491033e+04,2.591431802212397997e+03,7.218029037163712019e+03,3.651000013859672436e+03
3.923000000000000000e+03,1.346441760280678864e+04,1.258201461139325147e+04,2.591375649155169867e+03,7.220508458986791084e+03,3.652533494664826321e+03
3.924000000000000000e+03,1.346838900436132099e+04,1.258826659350333830e+04,2.591346897213192278e+03,7.222986287846349114e+03,3.654055819301777319e+03
3.925000000000000000e+03,1.347248064302256898e+04,1.259453056267864667e+04,2.591393846235664114e+03,7.225475640195957567e+03,3.655611156590947303e+03
3.926000000000000000e+03,1.347666421064497627e+04,1.260095131055432830e+04,2.591513289927439473e+03,7.227964936092639618e+03,3.657185984624891717e+03
3.927000000000000000e+03,1.348097302220640631e+04,1.260746069674781029e+04,2.591682666992063332e+03,7.230465647975160209e+03,3.658824707239183226e+03
3.928000000000000000e+03,1.348520383153010698e+04,1.261401850706804908e+04,2.591763695535224542e+03,7.232934390063413957e+03,3.660505745931466663e+03
3.929000000000000000e+03,1.348940106603658023e+04,1.262066003791655567e+04,2.591809555278956395e+03,7.235370168705582728e+03,3.662221342052039745e+03
3.930000000000000000e+03,1.349354740623958605e+04,1.262733347268131365e+04,2.591813431673820105e+03,7.237766189492816920e+03,3.663967785072948573e+03
3.931000000000000000e+03,1.349764631758147516e+04,1.263398282698228650e+04,2.591905355975970451e+03,7.240086796987905473e+03,3.665654164617601964e+03
3.932000000000000000e+03,1.350160878274276547e+04,1.264045581207272153e+04,2.592052467928392161e+03,7.242403242753321138e+03,3.667153072061056264e+03
3.933000000000000000e+03,1.350552647206607799e+04,1.264680807127843946e+04,2.592233125803779785e+03,7.244735191717858470e+03,3.668558154544437912e+03
3.934000000000000000e+03,1.350957544059502470e+04,1.265325921563528755e+04,2.592515685986573772e+03,7.247098861055465022e+03,3.669960893552984089e+03
3.935000000000000000e+03,1.351371482476118035e+04,1.265977476899493195e+04,2.592779081652562127e+03,7.249472099824677571e+03,3.671463643283939746e+03
3.936000000000000000e+03,1.351786047605020212e+04,1.266629622730455230e+04,2.593022889517250405e+03,7.251776805348092239e+03,3.673060781184861753e+03
3.937000000000000000e+03,1.352199339589200645e+04,1.267292332048460048e+04,2.593325996441361440e+03,7.254079183008172549e+03,3.674588216442472913e+03
3.938000000000000000e+03,1.352600843204739249e+04,1.267949151697983325e+04,2.593767540391680086e+03,7.256291137944563161e+03,3.675949753711150152e+03
3.939000000000000000e+03,1.353009016653262734e+04,1.268606123387044317e+04,2.594303356893195996e+03,7.258512316964917773e+03,3.677274492674514477e+03
3.940000000000000000e+03,1.353434855688306925e+04,1.269279755307857704e+04,2.594864527692613592e+03,7.260812826213325025e+03,3.678671202977128360e+03
3.941000000000000000e+03,1.353855453180996119e+04,1.269967500195625144e+04,2.595347345040368964e+03,7.263060719270091795e+03,3.680146467499503160e+03
3.942000000000000000e+03,1.354264785799730089e+04,1.270654170469616838e+04,2.595787296752027032e+03,7.265253582987583286e+03,3.681606978257691026e+03
3.943000000000000000e+03,1.354680152116326826e+04,1.271362817441359039e+04,2.596270843654633609e+03,7.267499097635828548e+03,3.683031579872807015e+03
3.944000000000000000e+03,1.355080979911136637e+04,1.272079956522115754e+04,2.596703851987963390e+03,7.269749822436788236e+03,3.684356124686618386e+03
3.945000000000000000e+03,1.355452244456852713e+04,1.272783194323122552e+04,2.597052164504219036e+03,7.271982247290579835e+03,3.685488032773730993e+03
3.946000000000000000e+03,1.355816104189205180e+04,1.273489996722184515e+04,2.597339573060594375e+03,7.274287688128507398e+03,3.686533780702952299e+03
3.947000000000000000e+03,1.356206682566171548e+04,1.274190724797889379e+04,2.597668836344178544e+03,7.276616078672479489e+03,3.687781910645058815e+03
3.948000000000000000e+03,1.356618166845913765e+04,1.274903693717261376e+04,2.598004122202509734e+03,7.279012628977182430e+03,3.689164917279445035e+03
3.949000000000000000e+03,1.357042585284048619e+04,1.275637758508993647e+04,2.598375627917080692e+03,7.281443690052537931e+03,3.690606534870869837e+03
3.950000000000000000e+03,1.357468347617301697e+04,1.276379057548726450e+04,2.598729109847828113e+03,7.283897449692270129e+03,3.692056916632918728e+03
3.951000000000000000e+03,1.357895194258881384e+04,1.277134204323659105e+04,2.599053368760173726e+03,7.286342281821986944e+03,3.693556292006650438e+03
3.952000000000000000e+03,1.358309112974579693e+04,1.277877034597734928e+04,2.599290697034175992e+03,7.288792736559940749e+03,3.695007696151678829e+03
3.953000000000000000e+03,1.358717936213468420e+04,1.278622490017103519e+04,2.599425993925476178e+03,7.291270661564587499e+03,3.696482706644618247e+03
3.954000000000000000e+03,1.359130986182456581e+04,1.279364357357492918e+04,2.599612090494047152e+03,7.293685036799128284e+03,3.698012734531390834e+03
3.955000000000000000e+03,1.359546302674277104e+04,1.280116058978589535e+04,2.599881173666432460e+03,7.296089369615229771e+03,3.699492483461106985e+03
3.956000000000000000e+03,1.359976981124910890e+04,1.280861938801560063e+04,2.600208766043280320e+03,7.298485856881312429e+03,3.701075188324509327e+03
3.957000000000000000e+03,1.360420460274553261e+04,1.281608860402823484e+04,2.600529683021813071e+03,7.300903256413019335e+03,3.702771663310700205e+03
3.958000000000000000e+03,1.360865643887484839e+04,1.282367740615072034e+04,2.600803675516084695e+03,7.303404706017965509e+03,3.704448057340799096e+03
3.959000000000000000e+03,1.361336050452952986e+04,1.283142960577069971e+04,2.601170475780810193e+03,7.306000434761405813e+03,3.706189593987312492e+03
3.960000000000000000e+03,1.361815458479099834e+04,1.283919112581541594e+04,2.601625189025260170e+03,7.308546336869258084e+03,3.707983058896480543e+03
3.961000000000000000e+03,1.362305906861315634e+04,1.284691805999131611e+04,2.602120882635497765e+03,7.311132352881233601e+03,3.709805833096425431e+03
3.962000000000000000e+03,1.362797871477307854e+04,1.285462304897070317e+04,2.602652111899426927e+03,7.313760389321008915e+03,3.711566213552644513e+03
3.963000000000000000e+03,1.363279373978788135e+04,1.286237035505118729e+04,2.603126253534100215e+03,7.316413545941356460e+03,3.713253940312426948e+03
3.964000000000000000e+03,1.363751514655115352e+04,1.287012378906779486e+04,2.603553334047140652e+03,7.319023699183429926e+03,3.714938113320583398e+03
3.965000000000000000e+03,1.364225018222297876e+04,1.287789319717722719e+04,2.603954910410630873e+03,7.321675604365780600e+03,3.716619667446569565e+03
3.966000000000000000e+03,1.364688806349716288e+04,1.288566314565115135e+04,2.604324149975343971e+03,7.324259047282846950e+03,3.718304866238970135e+03
3.967000000000000000e+03,1.365154791666260826e+04,1.289350702101568277e+04,2.604620197424309481e+03,7.326827518451578726e+03,3.720100200786721871e+03
3.968000000000000000e+03,1.365628932862932015e+04,1.290141239632186443e+04,2.604937627272116515e+03,7.329386697350235409e+03,3.721965004006965955e+03
3.969000000000000000e+03,1.366102331182814123e+04,1.290931162736684746e+04,2.605220824351612009e+03,7.332038176750827006e+03,3.723764310725701307e+03
3.970000000000000000e+03,1.366579027205763305e+04,1.291739209347305405e+04,2.605416511216544677e+03,7.334786041260251295e+03,3.725587719580833891e+03
3.971000000000000000e+03,1.367067119754443411e+04,1.292556877780258401e+04,2.605571276593170751e+03,7.337591486675912165e+03,3.727508434275353011e+03
3.972000000000000000e+03,1.367562176541401095e+04,1.293382025641969631e+04,2.605644708980116775e+03,7.340469718810736595e+03,3.729507337623157127e+03
3.973000000000000000e+03,1.368049906656437088e+04,1.294217879882385569e+04,2.605623825734432558e+03,7.343312596720739748e+03,3.731562644109201756e+03
3.974000000000000000e+03,1.368544210469127029e+04,1.295073528206825722e+04,2.605654225930020857e+03,7.346145419238954673e+03,3.733642459522293848e+03
3.975000000000000000e+03,1.369068294532973960e+04,1.295985411321135507e+04,2.605804366794638554e+03,7.349118833342028665e+03,3.735759745193074195e+03
3.976000000000000000e+03,1.369613143914097964e+04,1.296925084738301848e+04,2.605991163400824917e+03,7.352167291813304473e+03,3.737972983926851157e+03
3.977000000000000000e+03,1.370165119828192655e+04,1.297866816492973339e+04,2.606268389159848539e+03,7.355242663669688227e+03,3.740140145452391153e+03
3.978000000000000000e+03,1.370711778953070825e+04,1.298790183254988551e+04,2.606670556658223632e+03,7.358224264789007066e+03,3.742222968083476644e+03
3.979000000000000000e+03,1.371249201106871988e+04,1.299709145005346727e+04,2.607109301907408735e+03,7.361144346926621438e+03,3.744238362234693341e+03
3.980000000000000000e+03,1.371782209275193782e+04,1.300629400705610715e+04,2.607598766183124553e+03,7.364018555087552159e+03,3.746204771481260650e+03
3.981000000000000000e+03,1.372329990571093003e+04,1.301555933139726403e+04,2.608125397261696435e+03,7.366897656348441160e+03,3.748276852100791530e+03
3.982000000000000000e+03,1.372892308955156841e+04,1.302498460613313182e+04,2.608696036661602193e+03,7.369854132514868979e+03,3.750372920375095418e+03
3.983000000000000000e+03,1.373452078576220993e+04,1.303423775116708566e+04,2.609304937668735420e+03,7.372671946184187618e+03,3.752543901909289616e+03
3.984000000000000000e+03,1.374006765769797494e+04,1.304347397378148162e+04,2.609952354930786896e+03,7.375503449602814726e+03,3.754611853164369677e+03
3.985000000000000000e+03,1.374547010061352012e+04,1.305265282876161291e+04,2.610598885812105436e+03,7.378338291382819989e+03,3.756532923418595601e+03
3.986000000000000000e+03,1.375064436803566969e+04,1.306147723257050529e+04,2.611210317828981715e+03,7.381049865629245687e+03,3.758384184577441829e+03
3.987000000000000000e+03,1.375577753347096768e+04,1.307020573726788461e+04,2.611767005657080972e+03,7.383770931948924954e+03,3.760239595864962666e+03
3.988000000000000000e+03,1.376092023004865405e+04,1.307872101057220971e+04,2.612371025932819975e+03,7.386434220445090432e+03,3.762114983670745914e+03
3.989000000000000000e+03,1.376617073833402537e+04,1.308732037001257413e+04,2.613012781466058641e+03,7.389169322584910333e+03,3.763988634283060037e+03
3.990000000000000000e+03,1.377141901347070598e+04,1.309584128919459363e+04,2.613689052146613449e+03,7.391980111908657818e+03,3.765749849415434255e+03
3.991000000000000000e+03,1.377667814887225904e+04,1.310433640423015459e+04,2.614407510166248358e+03,7.394843501296740214e+03,3.767427137409272291e+03
3.992000000000000000e+03,1.378181960005473229e+04,1.311283486144317976e+04,2.615016736275005769e+03,7.397631160302347780e+03,3.769171703477380106e+03
3.993000000000000000e+03,1.378729693382476398e+04,1.312168350756998188e+04,2.615693160925421580e+03,7.400452813805731239e+03,3.771150959093612073e+03
3.994000000000000000e+03,1.379301691409261002e+04,1.313080221039433127e+04,2.616343171696377794e+03,7.403355414800234939e+03,3.773318327595997289e+03
3.995000000000000000e+03,1.379860957443851294e+04,1.313977734339715244e+04,2.616947380227972644e+03,7.406257186956459009e+03,3.775405007254078555e+03
3.996000000000000000e+03,1.380420800650348792e+04,1.314894821005925587e+04,2.617612318906062683e+03,7.409181583478355606e+03,3.777414104119070544e+03
3.997000000000000000e+03,1.380981997780437814e+04,1.315818792145851876e+04,2.618331510578565030e+03,7.412043744183916715e+03,3.779444723041897760e+03
3.998000000000000000e+03,1.381548176667756888e+04,1.316747669343812049e+04,2.619048538089481553e+03,7.414916384316976291e+03,3.781516844271111040e+03
3.999000000000000000e+03,1.382095212529324272e+04,1.317654467179590392e+04,2.619744550693020756e+03,7.417683328539773356e+03,3.783524246060449514e+03
4.000000000000000000e+03,1.382635707635405197e+04,1.318547188744375489e+04,2.620496434682274412e+03,7.420392970343693378e+03,3.785467671328084634e+03
4.001000000000000000e+03,1.383184511691665466e+04,1.319462601026693665e+04,2.621253281172371317e+03,7.423102488532580537e+03,3.787489347211697350e+03
4.002000000000000000e+03,1.383725965123877904e+04,1.320407933720126130e+04,2.621908267711275585e+03,7.425813794945704103e+03,3.789537588581798445e+03
4.003000000000000000e+03,1.384249482068853104e+04,1.321355753321698467e+04,2.622380429651612303e+03,7.428626116818818446e+03,3.791488274218098468e+03
4.004000000000000000e+03,1.384797652637990905e+04,1.322323367988169593e+04,2.622829289646598227e+03,7.431623268652940169e+03,3.793523968080374289e+03
4.005000000000000000e+03,1.385352593157002775e+04,1.323288871476691384e+04,2.623242181016924405e+03,7.434658133510366497e+03,3.795625617042735485e+03
4.006000000000000000e+03,1.385906484711879421e+04,1.324231349673323530e+04,2.623605321732791708e+03,7.437688348429284815e+03,3.797771176956722229e+03
4.007000000000000000e+03,1.386469717723572467e+04,1.325156804584062229e+04,2.624018523435102452e+03,7.440707216665097803e+03,3.799971437135524866e+03
4.008000000000000000e+03,1.387024511338627417e+04,1.326070446301505217e+04,2.624397209988651412e+03,7.443620602631545808e+03,3.802227300766077860e+03
4.009000000000000000e+03,1.387561832092330224e+04,1.326976188108912356e+04,2.624769818378016225e+03,7.446434578081757536e+03,3.804413924463525291e+03
4.010000000000000000e+03,1.388078716007316871e+04,1.327861199963586841e+04,2.625112225083083558e+03,7.449115339485682853e+03,3.806559595504403660e+03
4.011000000000000000e+03,1.388588177888008613e+04,1.328745599463245526e+04,2.625379984008779502e+03,7.451776560076214082e+03,3.808725234795091183e+03
4.012000000000000000e+03,1.389085253444774935e+04,1.329619320173941196e+04,2.625664456555995002e+03,7.454321652450691545e+03,3.810866425441065985e+03
4.013000000000000000e+03,1.389587697949384710e+04,1.330493516240171812e+04,2.625981146756790167e+03,7.456938576726349311e+03,3.812957256010708988e+03
4.014000000000000000e+03,1.390085520762061424e+04,1.331359377509749174e+04,2.626352089381247879e+03,7.459552129444414277e+03,3.814950988794953446e+03
4.015000000000000000e+03,1.390593340742437249e+04,1.332217692502604223e+04,2.626736813191081637e+03,7.462131085835489102e+03,3.817065508397802660e+03
4.016000000000000000e+03,1.391092398800162118e+04,1.333058989511949767e+04,2.627113930021746910e+03,7.464636630183706984e+03,3.819173427796168198e+03
4.017000000000000000e+03,1.391573905888430636e+04,1.333886765403473510e+04,2.627453916809150542e+03,7.467089811455315612e+03,3.821195330619838842e+03
4.018000000000000000e+03,1.392069130505958492e+04,1.334735089042387153e+04,2.627865599460512840e+03,7.469624165488523431e+03,3.823201540110546375e+03
4.019000000000000000e+03,1.392572638871129675e+04,1.335609919624914073e+04,2.628281937467074840e+03,7.472300170736920336e+03,3.825144280507299300e+03
4.020000000000000000e+03,1.393063302275963906e+04,1.336464814246021888e+04,2.628692766289681458e+03,7.474951373344525564e+03,3.826988883125431130e+03
4.021000000000000000e+03,1.393547700964940668e+04,1.337302903700035858e+04,2.629105249615748562e+03,7.477560391159384380e+03,3.828811368874274194e+03
4.022000000000000000e+03,1.394030076758127507e+04,1.338157439059651915e+04,2.629466607785790984e+03,7.480181202215972007e+03,3.830652957579516624e+03
4.023000000000000000e+03,1.394502894742790340e+04,1.339006181539082900e+04,2.629770433308364773e+03,7.482705169832498541e+03,3.832553344287041000e+03
4.024000000000000000e+03,1.394982229666215426e+04,1.339867610095392411e+04,2.630075085585128363e+03,7.485311004402959952e+03,3.834436206674067307e+03
4.025000000000000000e+03,1.395493004334733087e+04,1.340755947855997147e+04,2.630538113509995583e+03,7.487988292134215953e+03,3.836403637703124787e+03
4.026000000000000000e+03,1.396023493705318833e+04,1.341641906064412797e+04,2.631088805770476938e+03,7.490709433622645520e+03,3.838436697660062691e+03
4.027000000000000000e+03,1.396554285158645143e+04,1.342522332211618595e+04,2.631614758514449022e+03,7.493478193418324736e+03,3.840449899653678585e+03
4.028000000000000000e+03,1.397091920484776529e+04,1.343407965012684508e+04,2.632113287023618796e+03,7.496229590354632819e+03,3.842576327469512762e+03
4.029000000000000000e+03,1.397640076759031217e+04,1.344323744582198015e+04,2.632580150608785971e+03,7.499053308714961531e+03,3.844767308266570581e+03
4.030000000000000000e+03,1.398202669200074160e+04,1.345258953595186540e+04,2.633065870343193183e+03,7.501992857519149766e+03,3.846967964138397747e+03
4.031000000000000000e+03,1.398769850250363197e+04,1.346190948157315142e+04,2.633519250349177582e+03,7.505022876297698531e+03,3.849156375856754948e+03
4.032000000000000000e+03,1.399352122202981627e+04,1.347119223842111023e+04,2.634031233059874467e+03,7.508227812301318409e+03,3.851262176668624306e+03
4.033000000000000000e+03,1.399952614208034356e+04,1.348054300191046605e+04,2.634571033248228559e+03,7.511602567946621093e+03,3.853352540885492544e+03
4.034000000000000000e+03,1.400551600625647188e+04,1.348992811089721545e+04,2.635174004930432147e+03,7.514960321838992058e+03,3.855381679487044948e+03
4.035000000000000000e+03,1.401129608450001979e+04,1.349907556430043223e+04,2.635754138255674661e+03,7.518078530498020882e+03,3.857463415746326064e+03
4.036000000000000000e+03,1.401696869149761551e+04,1.350815552065320298e+04,2.636283402202007437e+03,7.521079657035072159e+03,3.859605632260534094e+03
4.037000000000000000e+03,1.402268612790864790e+04,1.351734932845457297e+04,2.636746646681766379e+03,7.524128706365585458e+03,3.861810774861297432e+03
4.038000000000000000e+03,1.402862857860669646e+04,1.352678712727024867e+04,2.637209264993468423e+03,7.527371933757307488e+03,3.864047379855918734e+03
4.039000000000000000e+03,1.403459435852186289e+04,1.353635646601324697e+04,2.637682977206386113e+03,7.530648861969090831e+03,3.866262519346386398e+03
4.040000000000000000e+03,1.404057899341476696e+04,1.354596019225059172e+04,2.638235765122722114e+03,7.533933543739791276e+03,3.868409684552255385e+03
4.041000000000000000e+03,1.404650337816226238e+04,1.355561629291184545e+04,2.638789802359159694e+03,7.537204910346386896e+03,3.870508665456717608e+03
4.042000000000000000e+03,1.405222691191158083e+04,1.356494310082047923e+04,2.639390875163700912e+03,7.540299425302937379e+03,3.872536611444945265e+03
4.043000000000000000e+03,1.405802991718603880e+04,1.357406373352923583e+04,2.640033901880124176e+03,7.543391527131099792e+03,3.874604488174815742e+03
4.044000000000000000e+03,1.406385047894619674e+04,1.358330418613361144e+04,2.640579707465926276e+03,7.546593391994766534e+03,3.876677379485503479e+03
4.045000000000000000e+03,1.406955872830337103e+04,1.359234899019500153e+04,2.641130966741197881e+03,7.549749156277986003e+03,3.878678605284187597e+03
4.046000000000000000e+03,1.407540645539640900e+04,1.360161104543068177e+04,2.641671873250560566e+03,7.553021575426554591e+03,3.880713006719292935e+03
4.047000000000000000e+03,1.408132482265241561e+04,1.361107263498278735e+04,2.642164449399488603e+03,7.556321434639050494e+03,3.882838938613875598e+03
4.048000000000000000e+03,1.408727449706627885e+04,1.362080484565026927e+04,2.642676527769240693e+03,7.559643659773117179e+03,3.884954309523920529e+03
4.049000000000000000e+03,1.409321541619992058e+04,1.363055581731573329e+04,2.643126784921289982e+03,7.562998049562853339e+03,3.887090581715774988e+03
4.050000000000000000e+03,1.409927315696184451e+04,1.364040390036775170e+04,2.643532617809510157e+03,7.566431722517772869e+03,3.889308816634560117e+03
4.051000000000000000e+03,1.410534878529178604e+04,1.365026006900959328e+04,2.643945299997120401e+03,7.569778277995045755e+03,3.891625207299622616e+03
4.052000000000000000e+03,1.411140046424991488e+04,1.366023336687025403e+04,2.644275390406500719e+03,7.573168322123170583e+03,3.893956751720240391e+03
4.053000000000000000e+03,1.411740285938136731e+04,1.367022668433035506e+04,2.644572278987198843e+03,7.576522427046559642e+03,3.896308153347612006e+03
4.054000000000000000e+03,1.412336107967821954e+04,1.368010090019996642e+04,2.644932870318164532e+03,7.579966072228853591e+03,3.898462137131200961e+03
4.055000000000000000e+03,1.412942374568996638e+04,1.369009164573107046e+04,2.645312162452310531e+03,7.583528130990494901e+03,3.900583452247162313e+03
4.056000000000000000e+03,1.413555457909459437e+04,1.370029446183843174e+04,2.645619563504452344e+03,7.587181983585961461e+03,3.902753032004180568e+03
4.057000000000000000e+03,1.414163956029943984e+04,1.371060623236083484e+04,2.645793214635398726e+03,7.590889600130516556e+03,3.904956745533522280e+03
4.058000000000000000e+03,1.414766439354792237e+04,1.372089874023808443e+04,2.645936872212797425e+03,7.594545663886850889e+03,3.907181857448277697e+03
4.059000000000000000e+03,1.415377647611642897e+04,1.373128375548037911e+04,2.646148300601649680e+03,7.598251661739702286e+03,3.909376513775077910e+03
4.060000000000000000e+03,1.415986549204168477e+04,1.374168099112100936e+04,2.646317896389784892e+03,7.601984980431478107e+03,3.911562615220421321e+03
4.061000000000000000e+03,1.416588346108711630e+04,1.375204237901708075e+04,2.646444489808720391e+03,7.605661209660278473e+03,3.913777761618114255e+03
4.062000000000000000e+03,1.417185490351869703e+04,1.376253232889967876e+04,2.646600877802352443e+03,7.609309183523143474e+03,3.915944842193199293e+03
4.063000000000000000e+03,1.417774205065599563e+04,1.377308051598487691e+04,2.646774807729491840e+03,7.612869100333560709e+03,3.918098142592944441e+03
4.064000000000000000e+03,1.418361035255592105e+04,1.378362630135780819e+04,2.646993746623825245e+03,7.616361060479694970e+03,3.920255545452399929e+03
4.065000000000000000e+03,1.418936674375851544e+04,1.379392694079871944e+04,2.647209650484320719e+03,7.619823513382229066e+03,3.922333579891966110e+03
4.066000000000000000e+03,1.419511055625292647e+04,1.380413754407498891e+04,2.647416542203779954e+03,7.623187092982841023e+03,3.924506921066308678e+03
4.067000000000000000e+03,1.420099111685621392e+04,1.381448561223503202e+04,2.647598648868537566e+03,7.626583325312635679e+03,3.926809142675039766e+03
4.068000000000000000e+03,1.420682008739545745e+04,1.382492644674365692e+04,2.647743158112691617e+03,7.629977479928404136e+03,3.929099449354364879e+03
4.069000000000000000e+03,1.421256992926484600e+04,1.383546627727428859e+04,2.647902261553675089e+03,7.633432908999011488e+03,3.931234758712158509e+03
4.070000000000000000e+03,1.421840814028910245e+04,1.384591105152666023e+04,2.648105774020235913e+03,7.636914349753807983e+03,3.933388016515062191e+03
4.071000000000000000e+03,1.422444904773581402e+04,1.385640480633274456e+04,2.648466882401148723e+03,7.640433336903719464e+03,3.935548828430944468e+03
4.072000000000000000e+03,1.423049492284818916e+04,1.386678621658575503e+04,2.648845559662619053e+03,7.643900534606834299e+03,3.937748828578732173e+03
4.073000000000000000e+03,1.423666067093918355e+04,1.387721488258818317e+04,2.649228131120073158e+03,7.647402046428214817e+03,3.940030493390894662e+03
4.074000000000000000e+03,1.424300691352584363e+04,1.388755140138821116e+04,2.649664945213376996e+03,7.650882834149099835e+03,3.942459134163370436e+03
4.075000000000000000e+03,1.424932916951581501e+04,1.389772504339093575e+04,2.650112581305779258e+03,7.654299988378623311e+03,3.944916599831410622e+03
4.076000000000000000e+03,1.425554314641289784e+04,1.390793893211854083e+04,2.650519288137479634e+03,7.657707195427658917e+03,3.947316662847760654e+03
4.077000000000000000e+03,1.426176615960116033e+04,1.391832971389102568e+04,2.650919443151581618e+03,7.661187742416868787e+03,3.949658974032708102e+03
4.078000000000000000e+03,1.426801473126150086e+04,1.392875430164126010e+04,2.651300500080805250e+03,7.664734646758357485e+03,3.951979584422334483e+03
4.079000000000000000e+03,1.427438664965887438e+04,1.393926327473761012e+04,2.651745413599702260e+03,7.668390560092356282e+03,3.954250675966815379e+03
4.080000000000000000e+03,1.428079918562418243e+04,1.394994501024920828e+04,2.652220775368198701e+03,7.671977040216916066e+03,3.956601370039066296e+03
4.081000000000000000e+03,1.428717563201825578e+04,1.396077836503288927e+04,2.652666786828336171e+03,7.675495191684436577e+03,3.959013653505483035e+03
4.082000000000000000e+03,1.429379767331575204e+04,1.397208592258862700e+04,2.653209200390788737e+03,7.679155755596000745e+03,3.961432717328961644e+03
4.083000000000000000e+03,1.430044206509020296e+04,1.398344857584429701e+04,2.653816761375377155e+03,7.682755901560371058e+03,3.963869402154452018e+03
4.084000000000000000e+03,1.430715618543781966e+04,1.399473788306253118e+04,2.654432913079231184e+03,7.686347783926462398e+03,3.966375488432125621e+03
4.085000000000000000e+03,1.431399875739046183e+04,1.400601628496009835e+04,2.654957284058866662e+03,7.690043324829601261e+03,3.968998148501992546e+03
4.086000000000000000e+03,1.432070537706870891e+04,1.401711770577650168e+04,2.655369481249191267e+03,7.693802671881280730e+03,3.971533223938237825e+03
4.087000000000000000e+03,1.432728754742298042e+04,1.402826906080714252e+04,2.655740967943504074e+03,7.697553976332882485e+03,3.973992603146597503e+03
4.088000000000000000e+03,1.433395880754768950e+04,1.403968409774930842e+04,2.656173042751840512e+03,7.701370229928293156e+03,3.976415534867554925e+03
4.089000000000000000e+03,1.434075379897313178e+04,1.405145451002124901e+04,2.656644576466916988e+03,7.705188715787762703e+03,3.978920506718450724e+03
4.090000000000000000e+03,1.434759980870271102e+04,1.406325100740359085e+04,2.657119516913816369e+03,7.709011070361189013e+03,3.981469221427704724e+03
4.091000000000000000e+03,1.435456555319672407e+04,1.407498522535224765e+04,2.657635547974589826e+03,7.712882467012274901e+03,3.984047538209858430e+03
4.092000000000000000e+03,1.436166763102869118e+04,1.408675339870946118e+04,2.658112254229985410e+03,7.716876548444875880e+03,3.986678828353827157e+03
4.093000000000000000e+03,1.436881254631387492e+04,1.409871172110388943e+04,2.658562223372112840e+03,7.720959537670762984e+03,3.989290785270996366e+03
4.094000000000000000e+03,1.437591595136388241e+04,1.411069663877572202e+04,2.658955407079314682e+03,7.725124717379486356e+03,3.991835826905084105e+03
4.095000000000000000e+03,1.438292590217591714e+04,1.412269910921767041e+04,2.659388408134579549e+03,7.729236219488685492e+03,3.994301274552651194e+03
4.096000000000000000e+03,1.438996665336479418e+04,1.413471980189506394e+04,2.659817736436020368e+03,7.733425309735570409e+03,3.996723607193206590e+03
4.097000000000000000e+03,1.439715605212768060e+04,1.414671521601891254e+04,2.660341966526589658e+03,7.737653371920680911e+03,3.999160713680414574e+03
4.098000000000000000e+03,1.440432168058606294e+04,1.415871962801002337e+04,2.660912418723682549e+03,7.741823618349592834e+03,4.001585643512788465e+03
4.099000000000000000e+03,1.441139372602103685e+04,1.417056815633178303e+04,2.661513622932375256e+03,7.745913139663140100e+03,4.003966963425519680e+03
4.100000000000000000e+03,1.441836644487761441e+04,1.418255641876111076e+04,2.662028133445707681e+03,7.750028275374701479e+03,4.006310036057202524e+03
4.101000000000000000e+03,1.442534808416683518e+04,1.419452480265687336e+04,2.662472171019661801e+03,7.754223641410797427e+03,4.008652271736374587e+03
4.102000000000000000e+03,1.443224170925252292e+04,1.420621717702195019e+04,2.662828128629138064e+03,7.758401096223169588e+03,4.011012484400214362e+03
4.103000000000000000e+03,1.443889538950471979e+04,1.421777043298522585e+04,2.663072481368936678e+03,7.762462949724834289e+03,4.013359958410948366e+03
4.104000000000000000e+03,1.444545215780940271e+04,1.422928389766266446e+04,2.663261709221430920e+03,7.766494094423391289e+03,4.015696354164575496e+03
4.105000000000000000e+03,1.445199359463817746e+04,1.424081362800753959e+04,2.663533179977653162e+03,7.770427770884349229e+03,4.018032643776175064e+03
4.106000000000000000e+03,1.445872927083532522e+04,1.425256227291909454e+04,2.663951791207841779e+03,7.774427003260256242e+03,4.020350476367225383e+03
4.107000000000000000e+03,1.446548288937932739e+04,1.426434817329826001e+04,2.664350058806743618e+03,7.778491927948164630e+03,4.022640902624418231e+03
4.108000000000000000e+03,1.447217801404235615e+04,1.427600417361998552e+04,2.664742322765222525e+03,7.782550420347959516e+03,4.024885270929173657e+03
4.109000000000000000e+03,1.447895884329888213e+04,1.428770936788164181e+04,2.665151307535977139e+03,7.786616752722661658e+03,4.027190783040244241e+03
4.110000000000000000e+03,1.448570096616269802e+04,1.429973417828146194e+04,2.665467399107013534e+03,7.790715325391911392e+03,4.029518241663775370e+03
4.111000000000000000e+03,1.449251003010417298e+04,1.431207394016939907e+04,2.665659806939479950e+03,7.794890693568899223e+03,4.031959529595796084e+03
4.112000000000000000e+03,1.449953920475859741e+04,1.432450614114684868e+04,2.665818204689681352e+03,7.799220040618774874e+03,4.034500959450140272e+03
4.113000000000000000e+03,1.450656511787474119e+04,1.433699654095893311e+04,2.665996163306278504e+03,7.803568997914162537e+03,4.036999956654300149e+03
4.114000000000000000e+03,1.451369814567284811e+04,1.434962644058625847e+04,2.666334343370358511e+03,7.807934979890529576e+03,4.039428822411960027e+03
4.115000000000000000e+03,1.452077232457679929e+04,1.436214939993999178e+04,2.666700289702356258e+03,7.812319887544200355e+03,4.041752147330242678e+03
4.116000000000000000e+03,1.452760996808410346e+04,1.437449523502596821e+04,2.666953027791722434e+03,7.816642188763495142e+03,4.044014751528885427e+03
4.117000000000000000e+03,1.453438064888011650e+04,1.438689207165382140e+04,2.667139440920566813e+03,7.821009133094616118e+03,4.046232074864933566e+03
4.118000000000000000e+03,1.454108512685266578e+04,1.439936096685672965e+04,2.667288197778392259e+03,7.825442294800208401e+03,4.048354634274063756e+03
4.119000000000000000e+03,1.454778065427062756e+04,1.441177681898530864e+04,2.667535882712246348e+03,7.829791904904697731e+03,4.050452866653686215e+03
4.120000000000000000e+03,1.455418100268760827e+04,1.442383982552496491e+04,2.667784671678827181e+03,7.833825272369271261e+03,4.052571058639509829e+03
4.121000000000000000e+03,1.456041468490347870e+04,1.443578133210988562e+04,2.668038702205393292e+03,7.837797453066700655e+03,4.054578529631382025e+03
4.122000000000000000e+03,1.456672347517963499e+04,1.444780255341033080e+04,2.668277954610584857e+03,7.841802885143362801e+03,4.056642635425689605e+03
4.123000000000000000e+03,1.457305420389176288e+04,1.445988237991949063e+04,2.668482549442832351e+03,7.845806819596842615e+03,4.058764834852088825e+03
4.124000000000000000e+03,1.457921875684965016e+04,1.447193884786298077e+04,2.668612144876059119e+03,7.849668919020007706e+03,4.060937692953579244e+03
4.125000000000000000e+03,1.458513098838265068e+04,1.448365420940031800e+04,2.668732316932967478e+03,7.853312521482250304e+03,4.063086149967428355e+03
4.126000000000000000e+03,1.459092667804334815e+04,1.449530245067807846e+04,2.668889455890076079e+03,7.856802138826426926e+03,4.065235083326843778e+03
4.127000000000000000e+03,1.459658968179491967e+04,1.450702778858240890e+04,2.668973408765485601e+03,7.860295908104689261e+03,4.067320364924745263e+03
4.128000000000000000e+03,1.460254581337279524e+04,1.451907610643296357e+04,2.669020109958739795e+03,7.864058676586295405e+03,4.069467026827759582e+03
4.129000000000000000e+03,1.460847929711384131e+04,1.453121819538063028e+04,2.669001416239531864e+03,7.867855279265192621e+03,4.071622601609110461e+03
4.130000000000000000e+03,1.461418672109356885e+04,1.454321898558533030e+04,2.668935319370052639e+03,7.871545571634187581e+03,4.073705830089326810e+03
4.131000000000000000e+03,1.461988786376819735e+04,1.455499952934025714e+04,2.668850253700867142e+03,7.875175093966136046e+03,4.075862516101195979e+03
4.132000000000000000e+03,1.462556437645012011e+04,1.456667251983893584e+04,2.668768737958575912e+03,7.878830748614182994e+03,4.077964889877361657e+03
4.133000000000000000e+03,1.463132476015211068e+04,1.457846244038847726e+04,2.668760164559645091e+03,7.882577749119984219e+03,4.079986846472482284e+03
4.134000000000000000e+03,1.463689325064556033e+04,1.459024550475602882e+04,2.668635362503513079e+03,7.886267981653270908e+03,4.081989906488778615e+03
4.135000000000000000e+03,1.464223761590360118e+04,1.460183221355888054e+04,2.668371239964286815e+03,7.889817366661200140e+03,4.084049009278114681e+03
4.136000000000000000e+03,1.464760715235349198e+04,1.461378429153066827e+04,2.667940254190314590e+03,7.893395017450233354e+03,4.086271880712941311e+03
4.137000000000000000e+03,1.465298433090850813e+04,1.462586831414913649e+04,2.667518551367481450e+03,7.896948122766754750e+03,4.088517656774274656e+03
4.138000000000000000e+03,1.465852016501386606e+04,1.463803605770311697e+04,2.667113435196523824e+03,7.900603569405369853e+03,4.090803160411973749e+03
4.139000000000000000e+03,1.466414340932203595e+04,1.465013164799013612e+04,2.666798117021291091e+03,7.904268371416158516e+03,4.093076920884587707e+03
4.140000000000000000e+03,1.466962508211525346e+04,1.466195775966738802e+04,2.666498564184464612e+03,7.907894944830562054e+03,4.095231573100226342e+03
4.141000000000000000e+03,1.467487657691457935e+04,1.467345475066362815e+04,2.666288602961506513e+03,7.911388134643473677e+03,4.097199839309601884e+03
4.142000000000000000e+03,1.468017916725396026e+04,1.468503024036833995e+04,2.666167605045660366e+03,7.914936471867891669e+03,4.099075090340405950e+03
4.143000000000000000e+03,1.468566934554028012e+04,1.469679722897230386e+04,2.666103465277899431e+03,7.918529978247601321e+03,4.101035902014778912e+03
4.144000000000000000e+03,1.469131170127157748e+04,1.470876564494132072e+04,2.666099601986576999e+03,7.922218739755201568e+03,4.102993359529798909e+03
4.145000000000000000e+03,1.469712912998450702e+04,1.472128424078884018e+04,2.666037127126098312e+03,7.926028112124916333e+03,4.105063890733491462e+03
4.146000000000000000e+03,1.470282237359328792e+04,1.473348822322903834e+04,2.665908419841355681e+03,7.929711397065530946e+03,4.107202556686398566e+03
4.147000000000000000e+03,1.470852666473376485e+04,1.474542696408106167e+04,2.665744387459991231e+03,7.933301002629528739e+03,4.109481274644245786e+03
4.148000000000000000e+03,1.471417990598674260e+04,1.475739606666106738e+04,2.665524195201741350e+03,7.936889016008343788e+03,4.111766694776657459e+03
4.149000000000000000e+03,1.471984150902258989e+04,1.476941090292451554e+04,2.665235989144617179e+03,7.940625408295704801e+03,4.113980111582265636e+03
4.150000000000000000e+03,1.472545197273833401e+04,1.478125039503839253e+04,2.665021881833935822e+03,7.944422684277966255e+03,4.116007406626432385e+03
4.151000000000000000e+03,1.473103939300427373e+04,1.479294912342954376e+04,2.664896496041240425e+03,7.948239123317878693e+03,4.117903773645151887e+03
4.152000000000000000e+03,1.473658947120954690e+04,1.480471465478955179e+04,2.664779326261013011e+03,7.952049898304954695e+03,4.119760246643581013e+03
4.153000000000000000e+03,1.474206885529387182e+04,1.481670657989656138e+04,2.664556847891297366e+03,7.955932163996219060e+03,4.121579843406352666e+03
4.154000000000000000e+03,1.474776661383409737e+04,1.482875197914826640e+04,2.664370175128820847e+03,7.959972016522349804e+03,4.123424422182929447e+03
4.155000000000000000e+03,1.475337118127410577e+04,1.484061834853984874e+04,2.664228377959715999e+03,7.963924957785461629e+03,4.125217845528928592e+03
4.156000000000000000e+03,1.475909616713042487e+04,1.485249949253696832e+04,2.664205406895385295e+03,7.967888675521940058e+03,4.127002084713098156e+03
4.157000000000000000e+03,1.476496908422795786e+04,1.486469720299022811e+04,2.664186371596645586e+03,7.971992466330794741e+03,4.128790246300520266e+03
4.158000000000000000e+03,1.477090181789346025e+04,1.487710497887991369e+04,2.664129648911356526e+03,7.976159253963582159e+03,4.130612915018521562e+03
4.159000000000000000e+03,1.477702706019160905e+04,1.488978609031393535e+04,2.664096083898275992e+03,7.980392727345328240e+03,4.132538248948008004e+03
4.160000000000000000e+03,1.478335693519311826e+04,1.490249434923590161e+04,2.664054972785514110e+03,7.984695722346933508e+03,4.134606240060670643e+03
4.161000000000000000e+03,1.478974202401430011e+04,1.491541141921804774e+04,2.664122377010513901e+03,7.988948869393015229e+03,4.136670777610770529e+03
4.162000000000000000e+03,1.479621130288511995e+04,1.492845075766269474e+04,2.664246371247992101e+03,7.993223375071198461e+03,4.138741556565930296e+03
4.163000000000000000e+03,1.480254341400166959e+04,1.494122108666673194e+04,2.664403511903056369e+03,7.997389206366232429e+03,4.140750695732379427e+03
4.164000000000000000e+03,1.480897010248289735e+04,1.495398933951878280e+04,2.664707313430600152e+03,8.001481741086734473e+03,4.142781047965561811e+03
4.165000000000000000e+03,1.481553734500322571e+04,1.496653284725989579e+04,2.665094224985874007e+03,8.005640060422137140e+03,4.144803059595215927e+03
4.166000000000000000e+03,1.482237114185519204e+04,1.497921750163764227e+04,2.665556944820660647e+03,8.009900323320423013e+03,4.146913873714108377e+03
4.167000000000000000e+03,1.482913407998970979e+04,1.499200355221615609e+04,2.666037670980349048e+03,8.014095679769379785e+03,4.149000729239977773e+03
4.168000000000000000e+03,1.483591841039475730e+04,1.500505123249282587e+04,2.666521092505113302e+03,8.018363173117931183e+03,4.151034144771709180e+03
4.169000000000000000e+03,1.484279732097233136e+04,1.501817973745212475e+04,2.667062246287277048e+03,8.022610716141329249e+03,4.153124358543724156e+03
4.170000000000000000e+03,1.484966834031674625e+04,1.503082627310158387e+04,2.667612963758917431e+03,8.026724058461781169e+03,4.155331318096051291e+03
4.171000000000000000e+03,1.485657630050632906e+04,1.504370394754211520e+04,2.668157823948872647e+03,8.030995495803942504e+03,4.157422980753513912e+03
4.172000000000000000e+03,1.486343001592405199e+04,1.505696061399684550e+04,2.668698012060687688e+03,8.035319368584391668e+03,4.159412635278972630e+03
4.173000000000000000e+03,1.487017198785279470e+04,1.507023358929068854e+04,2.669123842358439106e+03,8.039664060482986315e+03,4.161384085011369280e+03
4.174000000000000000e+03,1.487707636500474473e+04,1.508361070456321067e+04,2.669602125870283999e+03,8.044148418718313224e+03,4.163325820416148417e+03
4.175000000000000000e+03,1.488401071938213136e+04,1.509674339648282694e+04,2.670093669231616786e+03,8.048681449317317856e+03,4.165235600833193530e+03
4.176000000000000000e+03,1.489085823144301503e+04,1.510941851587631936e+04,2.670624267105300078e+03,8.053110375263349852e+03,4.167123589074361917e+03
4.177000000000000000e+03,1.489771151125293363e+04,1.512201005141738460e+04,2.671149437865595246e+03,8.057507914259838799e+03,4.169054159127497769e+03
4.178000000000000000e+03,1.490484437519659150e+04,1.513470199100921491e+04,2.671809540876896335e+03,8.061967452584276543e+03,4.171067381735419076e+03
4.179000000000000000e+03,1.491214463321417497e+04,1.514760196600020754e+04,2.672517803939773785e+03,8.066468915724703038e+03,4.173157913549695877e+03
4.180000000000000000e+03,1.491945618287681646e+04,1.516060253298404496e+04,2.673098075026800871e+03,8.071042398045276059e+03,4.175315709804742255e+03
4.181000000000000000e+03,1.492675752691301204e+04,1.517349506996862874e+04,2.673598338210244492e+03,8.075701479371591631e+03,4.177457709331176375e+03
4.182000000000000000e+03,1.493386947268283075e+04,1.518645673288052240e+04,2.674013670643296791e+03,8.080224881081687272e+03,4.179630920957844864e+03
4.183000000000000000e+03,1.494083821475357945e+04,1.519950193723688244e+04,2.674405332259089391e+03,8.084635885243913435e+03,4.181796997250576169e+03
4.184000000000000000e+03,1.494777487585931158e+04,1.521263440547500795e+04,2.674737141593082015e+03,8.089077098731198930e+03,4.183960635535027905e+03
4.185000000000000000e+03,1.495459770755078353e+04,1.522570850584640357e+04,2.675077905306334287e+03,8.093466272030043001e+03,4.186053530214407147e+03
4.186000000000000000e+03,1.496126904141276282e+04,1.523871929420301785e+04,2.675541144039972096e+03,8.097768313698385100e+03,4.187959583674407440e+03
4.187000000000000000e+03,1.496811947295591744e+04,1.525182029164755295e+04,2.676067384093666078e+03,8.102165173094700549e+03,4.189886915767556275e+03
4.188000000000000000e+03,1.497520753889863045e+04,1.526498935412682476e+04,2.676611468706644700e+03,8.106663841592615427e+03,4.191932228599367591e+03
4.189000000000000000e+03,1.498228058029261592e+04,1.527813583956297407e+04,2.677136917462220481e+03,8.111145885318777800e+03,4.193997777511617642e+03
4.190000000000000000e+03,1.498947581015695141e+04,1.529146026376451118e+04,2.677717378451599870e+03,8.115662634102755874e+03,4.196095797602599305e+03
4.191000000000000000e+03,1.499671212453513544e+04,1.530493583287050387e+04,2.678277590681965194e+03,8.120232607158161045e+03,4.198201926695007387e+03
4.192000000000000000e+03,1.500391010502794234e+04,1.531843540262314309e+04,2.678709110761242300e+03,8.124866137892092411e+03,4.200334856374606716e+03
4.193000000000000000e+03,1.501085068106555264e+04,1.533183151257746067e+04,2.679038637287673282e+03,8.129427497483867228e+03,4.202384546294013489e+03
4.194000000000000000e+03,1.501770387057283733e+04,1.534531155423131895e+04,2.679486967680111320e+03,8.133992779425328081e+03,4.204224123467395657e+03
4.195000000000000000e+03,1.502492287863952879e+04,1.535926003742261310e+04,2.680005445490156035e+03,8.138742977409393461e+03,4.206174455739978839e+03
4.196000000000000000e+03,1.503210693403330151e+04,1.537316298113736593e+04,2.680507851930082779e+03,8.143411252294395126e+03,4.208187829808826791e+03
4.197000000000000000e+03,1.503923420672294378e+04,1.538708428058790560e+04,2.680968309753272933e+03,8.148091381762911624e+03,4.210174515206762408e+03
4.198000000000000000e+03,1.504622862761210672e+04,1.540103676543898655e+04,2.681434045057352705e+03,8.152791859552604365e+03,4.212002723002153289e+03
4.199000000000000000e+03,1.505313619115051915e+04,1.541494423802815254e+04,2.681944743998617014e+03,8.157545741169616122e+03,4.213645705982286927e+03
4.200000000000000000e+03,1.506018236485321540e+04,1.542883101622325557e+04,2.682458085845838923e+03,8.162461694948222430e+03,4.215262584059155415e+03
4.201000000000000000e+03,1.506720112275014071e+04,1.544254335418332084e+04,2.683001232302310200e+03,8.167350705841983654e+03,4.216849184605845949e+03
4.202000000000000000e+03,1.507431413704072475e+04,1.545633597424669642e+04,2.683663054792853018e+03,8.172250533765085493e+03,4.218400548482783051e+03
4.203000000000000000e+03,1.508134634303501480e+04,1.547009398319810680e+04,2.684301592198029084e+03,8.177064719234646873e+03,4.219980031602338386e+03
4.204000000000000000e+03,1.508840093816880835e+04,1.548366547300532329e+04,2.685001375951819682e+03,8.181924200925762307e+03,4.221475361291226363e+03
4.205000000000000000e+03,1.509525958257857383e+04,1.549693195514443141e+04,2.685693220478205149e+03,8.186670299455860004e+03,4.222896062644504127e+03
4.206000000000000000e+03,1.510193020976438675e+04,1.550993849457938086e+04,2.686295462183593827e+03,8.191285718812301639e+03,4.224349028768491735e+03
4.207000000000000000e+03,1.510848282087372172e+04,1.552274702122065537e+04,2.686821321798097415e+03,8.195802083081565797e+03,4.225859415994058509e+03
4.208000000000000000e+03,1.511511771538675202e+04,1.553550445913811745e+04,2.687334526163395822e+03,8.200398270823712664e+03,4.227384918399640810e+03
4.209000000000000000e+03,1.512200086629084581e+04,1.554851333196225096e+04,2.687828611508504309e+03,8.205156058689064594e+03,4.229016196093279177e+03
4.210000000000000000e+03,1.512902578410743081e+04,1.556156586570403488e+04,2.688326384237757793e+03,8.209933824608477153e+03,4.230765575261191771e+03
4.211000000000000000e+03,1.513599744048966386e+04,1.557448931988219556e+04,2.688818146038394389e+03,8.214611478075365085e+03,4.232567816375902112e+03
4.212000000000000000e+03,1.514299002410580943e+04,1.558745320528928823e+04,2.689322396041626234e+03,8.219280043151440623e+03,4.234387584912738930e+03
4.213000000000000000e+03,1.514984003283299899e+04,1.560029128863866390e+04,2.689852210352061775e+03,8.223685449240301750e+03,4.236302373240640918e+03
4.214000000000000000e+03,1.515652137330783626e+04,1.561305546474252515e+04,2.690423232213571282e+03,8.228011116285055323e+03,4.238087024809210561e+03
4.215000000000000000e+03,1.516305034233024890e+04,1.562571457181735241e+04,2.691064221798157178e+03,8.232323721593365917e+03,4.239662398938728984e+03
4.216000000000000000e+03,1.516958268924191907e+04,1.563831255455397695e+04,2.691614620928598470e+03,8.236740244643951883e+03,4.241227823669369172e+03
4.217000000000000000e+03,1.517618938017077744e+04,1.565091513863550790e+04,2.692153364200773012e+03,8.241209176453863620e+03,4.242826839516137625e+03
4.218000000000000000e+03,1.518295936618114683e+04,1.566372943397428207e+04,2.692649157007924714e+03,8.245798996022984284e+03,4.244511213150234653e+03
4.219000000000000000e+03,1.518968036991003646e+04,1.567634009982980751e+04,2.693155430181428983e+03,8.250314332909842051e+03,4.246210606818764063e+03
4.220000000000000000e+03,1.519646409465722172e+04,1.568888850459663627e+04,2.693641240222681517e+03,8.254912260213495756e+03,4.247910594221043539e+03
4.221000000000000000e+03,1.520299958316581069e+04,1.570120696518248405e+04,2.694048191491761372e+03,8.259374541884990322e+03,4.249576849789057633e+03
4.222000000000000000e+03,1.520922809466385297e+04,1.571321026317579344e+04,2.694444549910311707e+03,8.263690307879713146e+03,4.251093236873834030e+03
4.223000000000000000e+03,1.521531575821762999e+04,1.572488895455473357e+04,2.694780187828318958e+03,8.268063118671025222e+03,4.252472451718285811e+03
4.224000000000000000e+03,1.522138070599678031e+04,1.573651079141151604e+04,2.695104719816872603e+03,8.272453690374228245e+03,4.253822295805677641e+03
4.225000000000000000e+03,1.522768752039568790e+04,1.574863960392799891e+04,2.695398670651574776e+03,8.277064388003227577e+03,4.255224461740883271e+03
4.226000000000000000e+03,1.523423823311718843e+04,1.576121498805325064e+04,2.695742380177940504e+03,8.281806855624388845e+03,4.256688997314859080e+03
4.227000000000000000e+03,1.524110033043446310e+04,1.577438901768098185e+04,2.696146222338118605e+03,8.286724942787852342e+03,4.258229165308492156e+03
4.228000000000000000e+03,1.524808561385127177e+04,1.578776884498757317e+04,2.696500444457392859e+03,8.291744198160264204e+03,4.259840971233611526e+03
4.229000000000000000e+03,1.525480809524242068e+04,1.580103900537355730e+04,2.696751891751601761e+03,8.296652848677193106e+03,4.261403354813622173e+03
4.230000000000000000e+03,1.526145253921168114e+04,1.581427205667029193e+04,2.696936513730309343e+03,8.301473903602831342e+03,4.263042121878543185e+03
4.231000000000000000e+03,1.526821142103161765e+04,1.582730888789942401e+04,2.697159002326645350e+03,8.306322450431829566e+03,4.264729968273140003e+03
4.232000000000000000e+03,1.527493296888108307e+04,1.584015585031273804e+04,2.697394944487250086e+03,8.311140203625198410e+03,4.266397820768635938e+03
4.233000000000000000e+03,1.528145534015609883e+04,1.585278830342719266e+04,2.697698384469489156e+03,8.315746212935115182e+03,4.268010742751495854e+03
4.234000000000000000e+03,1.528776967040971249e+04,1.586534635264530334e+04,2.697971313593983268e+03,8.320208628413618499e+03,4.269589728402110268e+03
4.235000000000000000e+03,1.529414572228001998e+04,1.587773824344290369e+04,2.698237348565917728e+03,8.324722900322329224e+03,4.271185473391772575e+03
4.236000000000000000e+03,1.530037410295832342e+04,1.588957769059038401e+04,2.698478141289145242e+03,8.329122289845967316e+03,4.272773671823211771e+03
4.237000000000000000e+03,1.530687040937399797e+04,1.590142805363168918e+04,2.698849755001993344e+03,8.333633007986871235e+03,4.274387646385133849e+03
4.238000000000000000e+03,1.531315536220716967e+04,1.591303094071643136e+04,2.699168878969062462e+03,8.338124806945106684e+03,4.275861676293003256e+03
4.239000000000000000e+03,1.531912646071557538e+04,1.592422708977793991e+04,2.699411650593661307e+03,8.342394281101158413e+03,4.277320529020757021e+03
4.240000000000000000e+03,1.532507143376587192e+04,1.593545903505948809e+04,2.699755325472774530e+03,8.346612945423639758e+03,4.278703162869455809e+03
4.241000000000000000e+03,1.533104371041377271e+04,1.594691266555682887e+04,2.700160544727225442e+03,8.350828118422494299e+03,4.280055047264051609e+03
4.242000000000000000e+03,1.533721780700441377e+04,1.595903970679509621e+04,2.700587726084188034e+03,8.355199930105784006e+03,4.281430150814439912e+03
4.243000000000000000e+03,1.534327930679317433e+04,1.597130038052321834e+04,2.700902446379540379e+03,8.359724123251835408e+03,4.282652737161793084e+03
4.244000000000000000e+03,1.534941220760046599e+04,1.598342276494662656e+04,2.701284921076408864e+03,8.364308125153500441e+03,4.283819161370554866e+03
4.245000000000000000e+03,1.535575801262117784e+04,1.599534419597898523e+04,2.701762163214591965e+03,8.368895819177279918e+03,4.285100030229304139e+03
4.246000000000000000e+03,1.536196068035296048e+04,1.600680308771363707e+04,2.702093881549735670e+03,8.373382687012852330e+03,4.286484111790369752e+03
4.247000000000000000e+03,1.536833810733452810e+04,1.601853602258875253e+04,2.702316157082528662e+03,8.377991725997166213e+03,4.288030224254832319e+03
4.248000000000000000e+03,1.537500847856891414e+04,1.603020302361544236e+04,2.702662199543798579e+03,8.382679563095964113e+03,4.289666715929150996e+03
4.249000000000000000e+03,1.538148193416940012e+04,1.604192545875907672e+04,2.702973310312992453e+03,8.387275524654292894e+03,4.291233099202115227e+03
4.250000000000000000e+03,1.538807440984983987e+04,1.605402720576140382e+04,2.703288136138319260e+03,8.391872054584522630e+03,4.292914219126996613e+03
4.251000000000000000e+03,1.539460059046060996e+04,1.606592243957144092e+04,2.703625813544669654e+03,8.396430757204292604e+03,4.294544019711645888e+03
4.252000000000000000e+03,1.540113466221382805e+04,1.607736741033561884e+04,2.704032916279920300e+03,8.401106798502547463e+03,4.295994947431357105e+03
4.253000000000000000e+03,1.540776825405465752e+04,1.608873386987345293e+04,2.704502552129137257e+03,8.405865708649789667e+03,4.297399993275734232e+03
4.254000000000000000e+03,1.541434541741219800e+04,1.610001267906965222e+04,2.704991817938652730e+03,8.410574374272804562e+03,4.298779225200743895e+03
4.255000000000000000e+03,1.542103148723538834e+04,1.611147762635635991e+04,2.705482955202469839e+03,8.415449137521400189e+03,4.300099394511516948e+03
4.256000000000000000e+03,1.542753234314019574e+04,1.612301022169636235e+04,2.705849110493521039e+03,8.420291506535602821e+03,4.301391726111067328e+03
4.257000000000000000e+03,1.543392248308877424e+04,1.613431590446658265e+04,2.706148374542753118e+03,8.425071451192425229e+03,4.302702657353596805e+03
4.258000000000000000e+03,1.544006019040286264e+04,1.614519086171576419e+04,2.706391814876806166e+03,8.429639770750552998e+03,4.304028604775503482e+03
4.259000000000000000e+03,1.544616945591068725e+04,1.615622341986402716e+04,2.706614974798140793e+03,8.434195384206339440e+03,4.305359096906204286e+03
4.260000000000000000e+03,1.545210643717895800e+04,1.616736410311017971e+04,2.706801892632128784e+03,8.438749219154571620e+03,4.306555325392253508e+03
4.261000000000000000e+03,1.545771963570568187e+04,1.617865762704204644e+04,2.706834409661624250e+03,8.443235905866520625e+03,4.307649320177535628e+03
4.262000000000000000e+03,1.546315585782753260e+04,1.618981409559287385e+04,2.706750957747033226e+03,8.447682487375732308e+03,4.308722412704763883e+03
4.263000000000000000e+03,1.546847449051029980e+04,1.620083532426490456e+04,2.706702295634846905e+03,8.451944381910794618e+03,4.309827812964656005e+03
4.264000000000000000e+03,1.547363211876638888e+04,1.621155361430484663e+04,2.706670180152133980e+03,8.456144245655288614e+03,4.310817692958969019e+03
4.265000000000000000e+03,1.547880637923040558e+04,1.622212240082435164e+04,2.706716798574391305e+03,8.460329145174653604e+03,4.311760435481361128e+03
4.266000000000000000e+03,1.548397986534647680e+04,1.623278281763021914e+04,2.706691868568724658e+03,8.464535045466405791e+03,4.312752951311346806e+03
4.267000000000000000e+03,1.548892911735512644e+04,1.624287861299211363e+04,2.706695999230114921e+03,8.468427066083839236e+03,4.313806052041172734e+03
4.268000000000000000e+03,1.549378328336441518e+04,1.625267574669928581e+04,2.706909188109041679e+03,8.472027145726697199e+03,4.314846949528672667e+03
4.269000000000000000e+03,1.549867273915027545e+04,1.626258473687815422e+04,2.707226319721012715e+03,8.475533724777285897e+03,4.315912694651981838e+03
4.270000000000000000e+03,1.550329749975155210e+04,1.627227885475929179e+04,2.707535068551212589e+03,8.478744999097258187e+03,4.317017432103079955e+03
4.271000000000000000e+03,1.550790041167663912e+04,1.628184200866226456e+04,2.707880529625083909e+03,8.481966572207868012e+03,4.318053309843686293e+03
4.272000000000000000e+03,1.551245875715884904e+04,1.629162506912982280e+04,2.708084014947070045e+03,8.485192729890904957e+03,4.319182012320877220e+03
4.273000000000000000e+03,1.551713611533105177e+04,1.630155549447106932e+04,2.708313056656509616e+03,8.488399592061123258e+03,4.320423466613419805e+03
4.274000000000000000e+03,1.552184130423505849e+04,1.631155943938259952e+04,2.708555342785558878e+03,8.491541574520175345e+03,4.321744386929318352e+03
4.275000000000000000e+03,1.552664088317561618e+04,1.632174365666031736e+04,2.708780459242754659e+03,8.494660610713623100e+03,4.323199813219237512e+03
4.276000000000000000e+03,1.553159839868714334e+04,1.633203224723731000e+04,2.708958001495907411e+03,8.497887200340855998e+03,4.324753196850377208e+03
4.277000000000000000e+03,1.553664026848676986e+04,1.634256442910967780e+04,2.709137224742852595e+03,8.501196120121228887e+03,4.326306923622692011e+03
4.278000000000000000e+03,1.554183475653142887e+04,1.635324797720186143e+04,2.709331209171663886e+03,8.504539323439721556e+03,4.327964223920045697e+03
4.279000000000000000e+03,1.554697096919392970e+04,1.636389592889930645e+04,2.709397500050195049e+03,8.507808939962455042e+03,4.329764529181280523e+03
4.280000000000000000e+03,1.555196310235658893e+04,1.637420914128293953e+04,2.709412205964616987e+03,8.511029336693169171e+03,4.331521559698802776e+03
4.281000000000000000e+03,1.555710245747619228e+04,1.638453271461845361e+04,2.709458853080278459e+03,8.514214970360044390e+03,4.333428634035864889e+03
4.282000000000000000e+03,1.556247234963396659e+04,1.639508731781560346e+04,2.709502519389955069e+03,8.517563264866017562e+03,4.335406565377993502e+03
4.283000000000000000e+03,1.556757900872617029e+04,1.640557002292756442e+04,2.709524996985703638e+03,8.520790466999573255e+03,4.337263544740892030e+03
4.284000000000000000e+03,1.557275675099606815e+04,1.641619008172067697e+04,2.709597901966358677e+03,8.524066879722016893e+03,4.339091969307696672e+03
4.285000000000000000e+03,1.557793530031565751e+04,1.642680230405821203e+04,2.709624252359236834e+03,8.527441601355143575e+03,4.340869446601277559e+03
4.286000000000000000e+03,1.558301908454829208e+04,1.643735674566258604e+04,2.709492705389822731e+03,8.530811526490875622e+03,4.342714852667596460e+03
4.287000000000000000e+03,1.558810455108709357e+04,1.644830325788818664e+04,2.709193774445820054e+03,8.534224836447454436e+03,4.344685940193814531e+03
4.288000000000000000e+03,1.559304072164938589e+04,1.645925519924959735e+04,2.708935914681441318e+03,8.537513280728320751e+03,4.346591526239621999e+03
4.289000000000000000e+03,1.559810799203486567e+04,1.647040568122812329e+04,2.708775193789922469e+03,8.540864455068887764e+03,4.348468343176052258e+03
4.290000000000000000e+03,1.560304747356961525e+04,1.648176069487609493e+04,2.708644325651445342e+03,8.544126902091140437e+03,4.350276245827028106e+03
4.291000000000000000e+03,1.560807497302423508e+04,1.649319402441874627e+04,2.708474296520037569e+03,8.547364371149034923e+03,4.352236305355165314e+03
4.292000000000000000e+03,1.561341652695103039e+04,1.650481693411560991e+04,2.708293559499036746e+03,8.550744688879443856e+03,4.354378278572547060e+03
4.293000000000000000e+03,1.561868409625106688e+04,1.651623708807980438e+04,2.708052086149942625e+03,8.554065466411944726e+03,4.356566543689184073e+03
4.294000000000000000e+03,1.562384119751354956e+04,1.652715956428031859e+04,2.707869387529051437e+03,8.557321371145486410e+03,4.358650438839011258e+03
4.295000000000000000e+03,1.562921246839315245e+04,1.653826746065583575e+04,2.707798977521429151e+03,8.560685865544535773e+03,4.360727625327192072e+03
4.296000000000000000e+03,1.563475456701008989e+04,1.654951593320314350e+04,2.707749768003089230e+03,8.564265718622202257e+03,4.362739080384796580e+03
4.297000000000000000e+03,1.564073253998355722e+04,1.656089468626835151e+04,2.707777020161572182e+03,8.568025855577292532e+03,4.364929664244690684e+03
4.298000000000000000e+03,1.564701894562486268e+04,1.657265247751016432e+04,2.707786448536950047e+03,8.572052798223960053e+03,4.367179698863952581e+03
4.299000000000000000e+03,1.565314322831848040e+04,1.658444947837640939e+04,2.707614524462583177e+03,8.576242145065591103e+03,4.369286558790308845e+03
4.300000000000000000e+03,1.565948515914557720e+04,1.659636569322354262e+04,2.707450889050059232e+03,8.580654069933023493e+03,4.371380200162492656e+03
4.301000000000000000e+03,1.566607046785354032e+04,1.660848212071949820e+04,2.707394151803274326e+03,8.585226556786125002e+03,4.373449759264140084e+03
4.302000000000000000e+03,1.567264137124322588e+04,1.662060069186111650e+04,2.707430363203459819e+03,8.589704293100197901e+03,4.375506714939565427e+03
4.303000000000000000e+03,1.567924130580426390e+04,1.663268681868673593e+04,2.707549028297588848e+03,8.594093470176147093e+03,4.377598807330524323e+03
4.304000000000000000e+03,1.568576787602563491e+04,1.664486158884397446e+04,2.707629687543827004e+03,8.598396204959419265e+03,4.379741983522389091e+03
4.305000000000000000e+03,1.569224015784122093e+04,1.665703472658554529e+04,2.707632585679696604e+03,8.602858062294839328e+03,4.381749509866684093e+03
4.306000000000000000e+03,1.569856234706635223e+04,1.666924090679867004e+04,2.707603655451600844e+03,8.607378408359301829e+03,4.383580283255451832e+03
4.307000000000000000e+03,1.570475116466846339e+04,1.668126288691446098e+04,2.707586174206160194e+03,8.611876617101988813e+03,4.385288373360316655e+03
4.308000000000000000e+03,1.571072680205418510e+04,1.669323589443853416e+04,2.707513004513230953e+03,8.616212964533526247e+03,4.387000833007428810e+03
4.309000000000000000e+03,1.571673183386088567e+04,1.670529999699021209e+04,2.707401063021412483e+03,8.620532118931809237e+03,4.388798651907664862e+03
4.310000000000000000e+03,1.572296353988700503e+04,1.671752406671257995e+04,2.707394030190072044e+03,8.624930768707150492e+03,4.390638740989784310e+03
4.311000000000000000e+03,1.572938177913809523e+04,1.672982499097286927e+04,2.707506788987429900e+03,8.629300530447479105e+03,4.392574459703182583e+03
4.312000000000000000e+03,1.573593501180817293e+04,1.674207195498348301e+04,2.707601190722033607e+03,8.633683074224316442e+03,4.394650746861823791e+03
4.313000000000000000e+03,1.574252700608687519e+04,1.675415387176314471e+04,2.707613120660227196e+03,8.638173512323322939e+03,4.396740373103321872e+03
4.314000000000000000e+03,1.574936054486312423e+04,1.676675293106838944e+04,2.707647751017975224e+03,8.642801101381195622e+03,4.398911692463951113e+03
4.315000000000000000e+03,1.575622349896555170e+04,1.677973847779716016e+04,2.707752923532037130e+03,8.647432021130369321e+03,4.401038554303146157e+03
4.316000000000000000e+03,1.576317054726245988e+04,1.679296400044167603e+04,2.707986317116893588e+03,8.652009494044232270e+03,4.403174736101331291e+03
4.317000000000000000e+03,1.577012143030952939e+04,1.680613072457087765e+04,2.708254891923656032e+03,8.656475331130621271e+03,4.405391207255253903e+03
4.318000000000000000e+03,1.577706627280505745e+04,1.681926136768113429e+04,2.708589941164751963e+03,8.660797198395146552e+03,4.407679133245161211e+03
4.319000000000000000e+03,1.578375944312160755e+04,1.683203170928569671e+04,2.708853648506989430e+03,8.665023170998003479e+03,4.409882623616611454e+03
4.320000000000000000e+03,1.579004537488878668e+04,1.684461946890612307e+04,2.708926231279707281e+03,8.669210564289258400e+03,4.411908579319826458e+03
4.321000000000000000e+03,1.579636113929657949e+04,1.685717511020277743e+04,2.709019336468513302e+03,8.673394379907835173e+03,4.413947422920233294e+03
4.322000000000000000e+03,1.580255543296158794e+04,1.686960492367298866e+04,2.709136602114147536e+03,8.677312419534388027e+03,4.416106411313049648e+03
4.323000000000000000e+03,1.580886645557905649e+04,1.688236567722105974e+04,2.709280673103638946e+03,8.681193916578809876e+03,4.418391865896607669e+03
4.324000000000000000e+03,1.581514803364663931e+04,1.689510846739074987e+04,2.709561423437122812e+03,8.684982168923615973e+03,4.420604441285902794e+03
4.325000000000000000e+03,1.582133028141388786e+04,1.690798107529830668e+04,2.709855361288754466e+03,8.688682053970809648e+03,4.422792866154323747e+03
4.326000000000000000e+03,1.582733982886595732e+04,1.692083679527152344e+04,2.710121281817424460e+03,8.692299053551436373e+03,4.424919493497092844e+03
4.327000000000000000e+03,1.583311811170341753e+04,1.693396398276590844e+04,2.710262576102380535e+03,8.695962885750686837e+03,4.426892649850347880e+03
4.328000000000000000e+03,1.583897020860329758e+04,1.694708499493734416e+04,2.710464033823248428e+03,8.699705982256376956e+03,4.428800192523670376e+03
4.329000000000000000e+03,1.584481594361719544e+04,1.695982505484729336e+04,2.710664195621521230e+03,8.703439801731257830e+03,4.430711946264412290e+03
4.330000000000000000e+03,1.585057965182261614e+04,1.697223710110900356e+04,2.710847156095281662e+03,8.707048181449885305e+03,4.432684314277445992e+03
4.331000000000000000e+03,1.585639079127317746e+04,1.698443109483966691e+04,2.711014491457900476e+03,8.710806988983524207e+03,4.434569310831755502e+03
4.332000000000000000e+03,1.586209841559412234e+04,1.699629072319422266e+04,2.711179799285545414e+03,8.714592975769166515e+03,4.436325640539412234e+03
4.333000000000000000e+03,1.586783083698989867e+04,1.700820096904682941e+04,2.711386858575357564e+03,8.718324381476099006e+03,4.438119596938442555e+03
4.334000000000000000e+03,1.587387465911348772e+04,1.702032499175118573e+04,2.711617838451470107e+03,8.722156622978201995e+03,4.440100197683815168e+03
4.335000000000000000e+03,1.588036416197681137e+04,1.703301915676767385e+04,2.711885593912380045e+03,8.726282588510646747e+03,4.442195979553781399e+03
4.336000000000000000e+03,1.588711163815782857e+04,1.704658086633673156e+04,2.712042568603746531e+03,8.730822266448814844e+03,4.444246803105267645e+03
4.337000000000000000e+03,1.589373580651599696e+04,1.705986920778922286e+04,2.712140721832136478e+03,8.735478017986361010e+03,4.446117066697501286e+03
4.338000000000000000e+03,1.590042307622882981e+04,1.707318837472115047e+04,2.712352797976344846e+03,8.740235806797025361e+03,4.447834471455463245e+03
4.339000000000000000e+03,1.590702289087450481e+04,1.708625115425386321e+04,2.712644214697524149e+03,8.744940331393756423e+03,4.449438344783225148e+03
4.340000000000000000e+03,1.591402278020166523e+04,1.709938405794710343e+04,2.712965703542592109e+03,8.749692330093324927e+03,4.451364746565751375e+03
4.341000000000000000e+03,1.592100047221693603e+04,1.711232018775934193e+04,2.713216129072319745e+03,8.754480512891268518e+03,4.453303830253347769e+03
4.342000000000000000e+03,1.592770452108153586e+04,1.712514090807540197e+04,2.713311336035043041e+03,8.759219755360234558e+03,4.455173429686255076e+03
4.343000000000000000e+03,1.593415339116390896e+04,1.713776264684042690e+04,2.713297542393153435e+03,8.763788349098991603e+03,4.457067499671766200e+03
4.344000000000000000e+03,1.594036430592204306e+04,1.714983708510600991e+04,2.713164398081096351e+03,8.768246819713047444e+03,4.458953088127900628e+03
4.345000000000000000e+03,1.594639167310729317e+04,1.716178954491252807e+04,2.712897489698140362e+03,8.772706356809716453e+03,4.460787826599436812e+03
4.346000000000000000e+03,1.595247019857311716e+04,1.717365077031335022e+04,2.712769113086967081e+03,8.777158921466423635e+03,4.462542164019725533e+03
4.347000000000000000e+03,1.595864185250391529e+04,1.718532087762308583e+04,2.712745611739199376e+03,8.781663771051855292e+03,4.464232469712859711e+03
4.348000000000000000e+03,1.596484509177076143e+04,1.719683752383649335e+04,2.712643991647347320e+03,8.786282193054412346e+03,4.465918907069003581e+03
4.349000000000000000e+03,1.597107680504479504e+04,1.720818738285256040e+04,2.712404116381482709e+03,8.790975290835642227e+03,4.467697397827671011e+03
4.350000000000000000e+03,1.597738201948355345e+04,1.721926214919127597e+04,2.712180801307109959e+03,8.795656021805409182e+03,4.469545196371034763e+03
4.351000000000000000e+03,1.598389452634945701e+04,1.723103597988483307e+04,2.712063231936675038e+03,8.800349096014759198e+03,4.471482198398020955e+03
4.352000000000000000e+03,1.599052239582020047e+04,1.724320556893778121e+04,2.712026403292588384e+03,8.805067507602358091e+03,4.473428484925257180e+03
4.353000000000000000e+03,1.599706533205398227e+04,1.725517619381963232e+04,2.711831279075612656e+03,8.809896442031749757e+03,4.475337610946620771e+03
4.354000000000000000e+03,1.600334418875134725e+04,1.726649429082099232e+04,2.711644093010289907e+03,8.814553707753115305e+03,4.477146387987939306e+03
4.355000000000000000e+03,1.600948935655174500e+04,1.727713772459137545e+04,2.711519465052895157e+03,8.819179115561757499e+03,4.478790775937091894e+03
4.356000000000000000e+03,1.601562838862506396e+04,1.728835034586710754e+04,2.711422272080316361e+03,8.823932517601342624e+03,4.480273598943403158e+03
4.357000000000000000e+03,1.602154435745777664e+04,1.729968345147838045e+04,2.711297851092975179e+03,8.828717003766259950e+03,4.481529502598542422e+03
4.358000000000000000e+03,1.602742557153008784e+04,1.731089985197974238e+04,2.711356669902932936e+03,8.833329768465691814e+03,4.482739133161464451e+03
4.359000000000000000e+03,1.603317917590093202e+04,1.732200575508057591e+04,2.711435036508762096e+03,8.837850217199409599e+03,4.483893922192758509e+03
4.360000000000000000e+03,1.603879067410520474e+04,1.733346781071501027e+04,2.711382688000282087e+03,8.842353439007771158e+03,4.485054547097151044e+03
4.361000000000000000e+03,1.604433410404224742e+04,1.734477732102928712e+04,2.711350283206802487e+03,8.846711886478846282e+03,4.486271934356599559e+03
4.362000000000000000e+03,1.604988216252556231e+04,1.735577515273967583e+04,2.711295487655046600e+03,8.851127821371494065e+03,4.487458853499019824e+03
4.363000000000000000e+03,1.605578363876033109e+04,1.736691436150840309e+04,2.711231173004061930e+03,8.855815391336598623e+03,4.488737074419673263e+03
4.364000000000000000e+03,1.606178159677433177e+04,1.737815351974021542e+04,2.711139781265864258e+03,8.860521499601760297e+03,4.490120315906705400e+03
4.365000000000000000e+03,1.606789771093246600e+04,1.738958853387903582e+04,2.711048233088900361e+03,8.865329584721892388e+03,4.491519893121671885e+03
4.366000000000000000e+03,1.607408792003443523e+04,1.740142802776687313e+04,2.710982560585392093e+03,8.870239570987587285e+03,4.492865788461454940e+03
4.367000000000000000e+03,1.608036450967165001e+04,1.741343243999360857e+04,2.710976898264466399e+03,8.875251346804974673e+03,4.494136264602208030e+03
4.368000000000000000e+03,1.608682800820227931e+04,1.742546996896455312e+04,2.711112347351091557e+03,8.880425489814135290e+03,4.495290171037055188e+03
4.369000000000000000e+03,1.609313572451854998e+04,1.743738757038281983e+04,2.711231618417225036e+03,8.885625029915179766e+03,4.496279076186145176e+03
4.370000000000000000e+03,1.609919866306040421e+04,1.744871650596392647e+04,2.711240734666736898e+03,8.890588023896129016e+03,4.497369904497538300e+03
4.371000000000000000e+03,1.610528807696482363e+04,1.745936135833791559e+04,2.711268371150871644e+03,8.895356132511744363e+03,4.498663573302205805e+03
4.372000000000000000e+03,1.611162622219373043e+04,1.746982311768980799e+04,2.711300906614232645e+03,8.900144795887768851e+03,4.500180519691724840e+03
4.373000000000000000e+03,1.611764991015696432e+04,1.747934908574914880e+04,2.711224832566864734e+03,8.904597800948409713e+03,4.501827276641688513e+03
4.374000000000000000e+03,1.612340111387646721e+04,1.748835191350247624e+04,2.711079502186198170e+03,8.908937869988862076e+03,4.503383741701405597e+03
4.375000000000000000e+03,1.612882494032203977e+04,1.749690677657882043e+04,2.710774268206205761e+03,8.913163106321484520e+03,4.504887565794351758e+03
4.376000000000000000e+03,1.613430157517243060e+04,1.750521246055090887e+04,2.710325773870724333e+03,8.917490829505582951e+03,4.506484971796126047e+03
4.377000000000000000e+03,1.613974472144573519e+04,1.751361953189337873e+04,2.709799672317713885e+03,8.921831174259299587e+03,4.508113874868724452e+03
4.378000000000000000e+03,1.614498699566400319e+04,1.752178203764205682e+04,2.709267716331012707e+03,8.925936329486201430e+03,4.509782949846787233e+03
4.379000000000000000e+03,1.615018073351650673e+04,1.752966238387851627e+04,2.708997927106249790e+03,8.929876893805110740e+03,4.511305912605144840e+03
4.380000000000000000e+03,1.615509632310033703e+04,1.753700399423719136e+04,2.708872776955647169e+03,8.933577122885544668e+03,4.512646423259153380e+03
4.381000000000000000e+03,1.615975731145125974e+04,1.754330643163689820e+04,2.708790987209212290e+03,8.936997425013147222e+03,4.513968899228902956e+03
4.382000000000000000e+03,1.616414774752445192e+04,1.754870045298481637e+04,2.708750226570474297e+03,8.940220685483813213e+03,4.515176835470165315e+03
4.383000000000000000e+03,1.616880627524475858e+04,1.755400803761267889e+04,2.708671898853463517e+03,8.943505936719968304e+03,4.516628439671324486e+03
4.384000000000000000e+03,1.617356479204063362e+04,1.755936735307793060e+04,2.708592417054524958e+03,8.946932597876757427e+03,4.518039777109350325e+03
4.385000000000000000e+03,1.617835120333957821e+04,1.756539593103937659e+04,2.708510731105343439e+03,8.950421775159347817e+03,4.519418697074890588e+03
4.386000000000000000e+03,1.618275442121771994e+04,1.757075969888692998e+04,2.708376559263074796e+03,8.953716141764680287e+03,4.520661720189968037e+03
4.387000000000000000e+03,1.618720423525735714e+04,1.757616466662011590e+04,2.708122737061144107e+03,8.957127582334684121e+03,4.521953915861525275e+03
4.388000000000000000e+03,1.619161503519415601e+04,1.758214550218660224e+04,2.707668964264949864e+03,8.960546054708192969e+03,4.523400016221011356e+03
4.389000000000000000e+03,1.619587321242603684e+04,1.758816205496063776e+04,2.707115639832457418e+03,8.963796085536256214e+03,4.524961487057325940e+03
4.390000000000000000e+03,1.620025376801368475e+04,1.759406072658971243e+04,2.706584524723081813e+03,8.967141036132819863e+03,4.526528207157783982e+03
4.391000000000000000e+03,1.620478035786642613e+04,1.760001610992336282e+04,2.706250472671193165e+03,8.970503658532405098e+03,4.528026226662826048e+03
4.392000000000000000e+03,1.620908609840768077e+04,1.760577718099485355e+04,2.705879477750370825e+03,8.973842749010644184e+03,4.529363871646664848e+03
4.393000000000000000e+03,1.621346424069561181e+04,1.761136273164457816e+04,2.705372228969905336e+03,8.977050266122791072e+03,4.531041745602911760e+03
4.394000000000000000e+03,1.621772714965064370e+04,1.761672078345295449e+04,2.704810295165316802e+03,8.980024162213512682e+03,4.532892692271817396e+03
4.395000000000000000e+03,1.622198092986129268e+04,1.762191927576882154e+04,2.704369244771035028e+03,8.982776033799267680e+03,4.534835651290990427e+03
4.396000000000000000e+03,1.622645647284105326e+04,1.762724731122374578e+04,2.704043043370135820e+03,8.985581611432931822e+03,4.536831818037988342e+03
4.397000000000000000e+03,1.623118666307124113e+04,1.763286966322619264e+04,2.703742946320310239e+03,8.988611339700222743e+03,4.538832377050705873e+03
4.398000000000000000e+03,1.623566180641294341e+04,1.763856557823720141e+04,2.703353185983021831e+03,8.991543591280396868e+03,4.540765029149525617e+03
4.399000000000000000e+03,1.624049092567241678e+04,1.764509787314847199e+04,2.703006030747382283e+03,8.994651934827645164e+03,4.542832960097392061e+03
4.400000000000000000e+03,1.624541315448593014e+04,1.765219120574838234e+04,2.702519857687934291e+03,8.998066256049001822e+03,4.544827040748992658e+03
4.401000000000000000e+03,1.625040416217308302e+04,1.765934116643024390e+04,2.701942066477167373e+03,9.001493653369849198e+03,4.546968442326068725e+03
4.402000000000000000e+03,1.625559736064377103e+04,1.766623106137610375e+04,2.701434614924463858e+03,9.004894128068626742e+03,4.549268617650681335e+03
4.403000000000000000e+03,1.626060964441023862e+04,1.767287268188925009e+04,2.700778535887487124e+03,9.008332139307996840e+03,4.551498969214754652e+03
4.404000000000000000e+03,1.626538214428662286e+04,1.767937623131695000e+04,2.700127388770880316e+03,9.011606324905053043e+03,4.553648430610686773e+03
4.405000000000000000e+03,1.626990617146489603e+04,1.768550067243790181e+04,2.699577628310972159e+03,9.014662271081735526e+03,4.555666272072185166e+03
4.406000000000000000e+03,1.627452963984005328e+04,1.769213640026918074e+04,2.698937417656413345e+03,9.017820137362105015e+03,4.557772084821538556e+03
4.407000000000000000e+03,1.627908384455517262e+04,1.769854318769105885e+04,2.698146352850749281e+03,9.021012388732095133e+03,4.559925102972332752e+03
4.408000000000000000e+03,1.628371526172430822e+04,1.770502799216885251e+04,2.697483756317882580e+03,9.024262115268033085e+03,4.561969390138393464e+03
4.409000000000000000e+03,1.628812957998450656e+04,1.771094561114469252e+04,2.696889538862378231e+03,9.027177236469471609e+03,4.564062804652658087e+03
4.410000000000000000e+03,1.629268660455890313e+04,1.771666137941842680e+04,2.696324969001298086e+03,9.030130705786652470e+03,4.566230929770951661e+03
4.411000000000000000e+03,1.629719099401179483e+04,1.772266902167122680e+04,2.695846334774933439e+03,9.033059843203238415e+03,4.568284816033625248e+03
4.412000000000000000e+03,1.630139655472319646e+04,1.772833156111936842e+04,2.695527350376671166e+03,9.035683516183189568e+03,4.570185688163330269e+03
4.413000000000000000e+03,1.630542836491287198e+04,1.773345500020586042e+04,2.695259383716359480e+03,9.038262888820527223e+03,4.571906092375982553e+03
4.414000000000000000e+03,1.630925550844875397e+04,1.773790729294431367e+04,2.694901592250220801e+03,9.040829597857713452e+03,4.573524318340820173e+03
4.415000000000000000e+03,1.631324650870843107e+04,1.774275860628618102e+04,2.694612697391447000e+03,9.043379429156735569e+03,4.575254382160249406e+03
4.416000000000000000e+03,1.631719784621566396e+04,1.774769288109170157e+04,2.694344929728842089e+03,9.045842701711693735e+03,4.577010214775129498e+03
4.417000000000000000e+03,1.632092130599122538e+04,1.775200081683589815e+04,2.694180263510034820e+03,9.048076496137982758e+03,4.578664546343205075e+03
4.418000000000000000e+03,1.632441882700781025e+04,1.775611758071096119e+04,2.693873053111658919e+03,9.050228371073560993e+03,4.580317402822580334e+03
4.419000000000000000e+03,1.632801063284315387e+04,1.775998445651967631e+04,2.693533738815101515e+03,9.052450454383868419e+03,4.582026439644183483e+03
4.420000000000000000e+03,1.633176891689815420e+04,1.776425678925496322e+04,2.693239223120103816e+03,9.054800984433113626e+03,4.583728709344934941e+03
4.421000000000000000e+03,1.633554561947338516e+04,1.776818348195208819e+04,2.693085056458900908e+03,9.057134275826962039e+03,4.585326287187521302e+03
4.422000000000000000e+03,1.633964429266286970e+04,1.777267056201216838e+04,2.693119110174065099e+03,9.059633921538215873e+03,4.586891260950586002e+03
4.423000000000000000e+03,1.634363446666842174e+04,1.777706383502225071e+04,2.693127338050891467e+03,9.062237500812436338e+03,4.588269627805090749e+03
4.424000000000000000e+03,1.634744270184788002e+04,1.778134124852328750e+04,2.693091122177198486e+03,9.064888280635272167e+03,4.589463299035412092e+03
4.425000000000000000e+03,1.635128604178279420e+04,1.778549371815010454e+04,2.693048032037116627e+03,9.067559991849744620e+03,4.590678017895931589e+03
4.426000000000000000e+03,1.635483280431360981e+04,1.778971762142756052e+04,2.692821998683461061e+03,9.070007774896872434e+03,4.592003030733275409e+03
4.427000000000000000e+03,1.635841039224821725e+04,1.779410154972830787e+04,2.692508258147169727e+03,9.072503957979855841e+03,4.593398176121190772e+03
4.428000000000000000e+03,1.636230620180836922e+04,1.779936520856640709e+04,2.692267614468269585e+03,9.075248773634626559e+03,4.594789813705468987e+03
4.429000000000000000e+03,1.636625351381682049e+04,1.780487855483909516e+04,2.692061873728031514e+03,9.078050599397338374e+03,4.596141040691450144e+03
4.430000000000000000e+03,1.636992715660349677e+04,1.781011975573417294e+04,2.691815798321842976e+03,9.080809725271703428e+03,4.597301633009950820e+03
4.431000000000000000e+03,1.637319155683074860e+04,1.781472920938847165e+04,2.691478886463932213e+03,9.083194511173760475e+03,4.598518159193055908e+03
4.432000000000000000e+03,1.637632529036759297e+04,1.781894686221916345e+04,2.691128045309928893e+03,9.085335848246202659e+03,4.599861396811461418e+03
4.433000000000000000e+03,1.637929705978719358e+04,1.782304731691963025e+04,2.690808330173966624e+03,9.087486433881680568e+03,4.601002295731546837e+03
4.434000000000000000e+03,1.638214378350698462e+04,1.782721961498177188e+04,2.690415802836831517e+03,9.089791691321315739e+03,4.601936289348836908e+03
4.435000000000000000e+03,1.638459503883732395e+04,1.783160131618382729e+04,2.689741030726049758e+03,9.092052550476084434e+03,4.602801457635183397e+03
4.436000000000000000e+03,1.638664276229075767e+04,1.783597323888475876e+04,2.688868282843347515e+03,9.094093070022736356e+03,4.603681409424678350e+03
4.437000000000000000e+03,1.638866804553049587e+04,1.784049337709851534e+04,2.687982522698831417e+03,9.096059679825440980e+03,4.604625843006220748e+03
4.438000000000000000e+03,1.639085854614845448e+04,1.784523275121090774e+04,2.687079047237026771e+03,9.098112605518350392e+03,4.605666893393072314e+03
4.439000000000000000e+03,1.639333235762823824e+04,1.785001743657204497e+04,2.686104740653887347e+03,9.100398107385193725e+03,4.606829509589161717e+03
4.440000000000000000e+03,1.639590256328567557e+04,1.785469388401885590e+04,2.685165374660216003e+03,9.102585032992628840e+03,4.608152155632831636e+03
4.441000000000000000e+03,1.639838316241150460e+04,1.785910186254361906e+04,2.684318392565282011e+03,9.104582166929045343e+03,4.609482602917179065e+03
4.442000000000000000e+03,1.640066031716802536e+04,1.786291874412715333e+04,2.683431800369111897e+03,9.106491771327830065e+03,4.610736745471088398e+03
4.443000000000000000e+03,1.640308128804306762e+04,1.786697688178424141e+04,2.682478914342143071e+03,9.108379182037981082e+03,4.612223191662943464e+03
4.444000000000000000e+03,1.640597436221047974e+04,1.787133560429637510e+04,2.681462227091819841e+03,9.110567467883131030e+03,4.613944667235529778e+03
4.445000000000000000e+03,1.640925688499870375e+04,1.787577681689205929e+04,2.680604678550721474e+03,9.113068302323366879e+03,4.615583904124619039e+03
4.446000000000000000e+03,1.641257430177086644e+04,1.788016070287861294e+04,2.679725286769690683e+03,9.115628579322114092e+03,4.617220435679058028e+03
4.447000000000000000e+03,1.641550493645146707e+04,1.788360183947083351e+04,2.678892948805859760e+03,9.117809129190534804e+03,4.618802858455068417e+03
4.448000000000000000e+03,1.641837478307542187e+04,1.788681302294769921e+04,2.678044246214085888e+03,9.119876433076478861e+03,4.620454103784856670e+03
4.449000000000000000e+03,1.642112876481380590e+04,1.789024850307567613e+04,2.677003728897805559e+03,9.121895217512368617e+03,4.622229818403631725e+03
4.450000000000000000e+03,1.642390498802896036e+04,1.789430815335285661e+04,2.675922292760492383e+03,9.124008021217872738e+03,4.623974674050592512e+03
4.451000000000000000e+03,1.642688101004085183e+04,1.789887102219355802e+04,2.675019519574906099e+03,9.126150257985771532e+03,4.625711232480176477e+03
4.452000000000000000e+03,1.643018643292397246e+04,1.790395757306548694e+04,2.674301607404740025e+03,9.128397485435065391e+03,4.627487340084162497e+03
4.453000000000000000e+03,1.643365858871045202e+04,1.790949782172245978e+04,2.673482179639445349e+03,9.130930578604060429e+03,4.629245830466948973e+03
4.454000000000000000e+03,1.643706761603454288e+04,1.791491158423467277e+04,2.672707743220676093e+03,9.133429850784312293e+03,4.630930022029558131e+03
4.455000000000000000e+03,1.644021525191181718e+04,1.791989133270849925e+04,2.672072685946666752e+03,9.135587712049169568e+03,4.632554853915976310e+03
4.456000000000000000e+03,1.644308029282726784e+04,1.792460489296005107e+04,2.671389860180080632e+03,9.137620444443762608e+03,4.634069988203418688e+03
4.457000000000000000e+03,1.644603708478593398e+04,1.792957835916893600e+04,2.670730361297125910e+03,9.139795398537055007e+03,4.635511324951750794e+03
4.458000000000000000e+03,1.644912056433561884e+04,1.793458466544165640e+04,2.669953812548604219e+03,9.142256331339918688e+03,4.636910420447095930e+03
4.459000000000000000e+03,1.645200713214185816e+04,1.793936900848689038e+04,2.669190240142696894e+03,9.144636151176826388e+03,4.638180740822338521e+03
4.460000000000000000e+03,1.645521622805912921e+04,1.794448617298205863e+04,2.668456033929250225e+03,9.147290974592771818e+03,4.639469219537107165e+03
4.461000000000000000e+03,1.645882557587040355e+04,1.794984470514312852e+04,2.667764752037704966e+03,9.150016067502301667e+03,4.641044756330392374e+03
4.462000000000000000e+03,1.646233495791203313e+04,1.795483359331649990e+04,2.667269619711062660e+03,9.152457890332112584e+03,4.642607447868855161e+03
4.463000000000000000e+03,1.646549686682068932e+04,1.795922227333514093e+04,2.666863875177288719e+03,9.154641491183701874e+03,4.643991500459695999e+03
4.464000000000000000e+03,1.646849268324967488e+04,1.796345627934022195e+04,2.666350686238081835e+03,9.156632220617861094e+03,4.645509776393732864e+03
4.465000000000000000e+03,1.647204573676028667e+04,1.796913252088157242e+04,2.665824402217035185e+03,9.158973829106378616e+03,4.647247505436870597e+03
4.466000000000000000e+03,1.647567929822647420e+04,1.797549227562554006e+04,2.665243829996743898e+03,9.161438733644190506e+03,4.648996734585546619e+03
4.467000000000000000e+03,1.647890536323130800e+04,1.798100072239940346e+04,2.664635148122461032e+03,9.163678840138980377e+03,4.650591374969867502e+03
4.468000000000000000e+03,1.648177499265420192e+04,1.798495286824577124e+04,2.664039876901925254e+03,9.165694169240099654e+03,4.652040946512174742e+03
4.469000000000000000e+03,1.648427346121356823e+04,1.798747943396045957e+04,2.663360039250784666e+03,9.167384309420343925e+03,4.653529112542439179e+03
4.470000000000000000e+03,1.648629351991539806e+04,1.798909582658278669e+04,2.662662028323325103e+03,9.168946542581614267e+03,4.654684949010455966e+03
4.471000000000000000e+03,1.648809559321096094e+04,1.799054161585692418e+04,2.661941942146735073e+03,9.170454464923468549e+03,4.655699186140760503e+03
4.472000000000000000e+03,1.649008855326644698e+04,1.799234362186169892e+04,2.661384326886846793e+03,9.172009516124260699e+03,4.656694710255340397e+03
4.473000000000000000e+03,1.649217661822551599e+04,1.799455391713125209e+04,2.660883348751868198e+03,9.173644368348543139e+03,4.657648901125102384e+03
4.474000000000000000e+03,1.649435585804587754e+04,1.799638257893465561e+04,2.660195452821326853e+03,9.175577251049262486e+03,4.658583154175290474e+03
4.475000000000000000e+03,1.649645086249151791e+04,1.799751949526158205e+04,2.659406751510993672e+03,9.177450494699280171e+03,4.659593616281248615e+03
4.476000000000000000e+03,1.649822829138016459e+04,1.799836835463838361e+04,2.658458199502247226e+03,9.179252466347552399e+03,4.660517625530364967e+03
4.477000000000000000e+03,1.650055523720919518e+04,1.799984169661101623e+04,2.657663100232925444e+03,9.181348230194691496e+03,4.661543906781580517e+03
4.478000000000000000e+03,1.650307036451938984e+04,1.800133640276246297e+04,2.656907910487942900e+03,9.183581649007790475e+03,4.662580805023653738e+03
4.479000000000000000e+03,1.650610868282537194e+04,1.800320942560320691e+04,2.656242623917308265e+03,9.186072738548235066e+03,4.663793320359829522e+03
4.480000000000000000e+03,1.650895154370577075e+04,1.800483786636187506e+04,2.655468131995902240e+03,9.188367889740962710e+03,4.665115521968904432e+03
4.481000000000000000e+03,1.651162868250561587e+04,1.800654818842680470e+04,2.654648528356957740e+03,9.190617050307813770e+03,4.666363103840844815e+03
4.482000000000000000e+03,1.651408582288318939e+04,1.800813587980508237e+04,2.653630971972121188e+03,9.193076230501741520e+03,4.667378620409328505e+03
4.483000000000000000e+03,1.651643630818236488e+04,1.800922183940447940e+04,2.652662931777023005e+03,9.195640415462057717e+03,4.668132960943285980e+03
4.484000000000000000e+03,1.651878454582616905e+04,1.801024563361860783e+04,2.651764337650841298e+03,9.198051799210958052e+03,4.668968408964370610e+03
4.485000000000000000e+03,1.652124416243292944e+04,1.801149921142965832e+04,2.651020017887237373e+03,9.200178429264282386e+03,4.670045715281410594e+03
4.486000000000000000e+03,1.652384979200402086e+04,1.801291497375171093e+04,2.650386264319176462e+03,9.202110197025833259e+03,4.671353330659008861e+03
4.487000000000000000e+03,1.652684000511147678e+04,1.801453837550881872e+04,2.649753808141875197e+03,9.204351069612355786e+03,4.672735127357246711e+03
4.488000000000000000e+03,1.652991462208423764e+04,1.801678310863062507e+04,2.649117602378184984e+03,9.206888690874509848e+03,4.673908328831540530e+03
4.489000000000000000e+03,1.653314248363662773e+04,1.801949149146977652e+04,2.648549863816023390e+03,9.209747898408426408e+03,4.674844721412176114e+03
4.490000000000000000e+03,1.653636524098531299e+04,1.802244713699498243e+04,2.648002141862249573e+03,9.212755570197839916e+03,4.675607528925224869e+03
4.491000000000000000e+03,1.653917293687475467e+04,1.802473688868603494e+04,2.647250068794699928e+03,9.215651660201214327e+03,4.676271207878840869e+03
4.492000000000000000e+03,1.654174627312488155e+04,1.802647850427293815e+04,2.646527983057248548e+03,9.218322547282043161e+03,4.676895742785587572e+03
4.493000000000000000e+03,1.654429088600067189e+04,1.802839652493477115e+04,2.645753057542139686e+03,9.220944255438285836e+03,4.677593573020250005e+03
4.494000000000000000e+03,1.654691585170401595e+04,1.803032102907968510e+04,2.645176615804120047e+03,9.223441451818222049e+03,4.678297784081676582e+03
4.495000000000000000e+03,1.654921014733248012e+04,1.803208682506179321e+04,2.644490958386388684e+03,9.225654976934385559e+03,4.679064212011709060e+03
4.496000000000000000e+03,1.655123889263340971e+04,1.803379833847795453e+04,2.643848937037355881e+03,9.227727867321438680e+03,4.679662088274616508e+03
4.497000000000000000e+03,1.655277479283624416e+04,1.803511567422958251e+04,2.643122090175348148e+03,9.229688463844500802e+03,4.679964238816395664e+03
4.498000000000000000e+03,1.655390076392052651e+04,1.803600161593745361e+04,2.642400354026426612e+03,9.231434017122726800e+03,4.680066392771372193e+03
4.499000000000000000e+03,1.655476840112251739e+04,1.803678088915836270e+04,2.641592994511628604e+03,9.233013147181603927e+03,4.680162259429287587e+03
4.500000000000000000e+03,1.655574359034876761e+04,1.803790740283914056e+04,2.640892882969877974e+03,9.234698904478640543e+03,4.680151802900249095e+03
4.501000000000000000e+03,1.655684757878137680e+04,1.803937317144843837e+04,2.640220442279748113e+03,9.236506748629964932e+03,4.680120387871667845e+03
4.502000000000000000e+03,1.655805891789076122e+04,1.804068591509160251e+04,2.639504487508419061e+03,9.238219980081734320e+03,4.680334450300605567e+03
4.503000000000000000e+03,1.655907599573842890e+04,1.804211048980875421e+04,2.638657442509060274e+03,9.239887149823014624e+03,4.680531403406349455e+03
4.504000000000000000e+03,1.656036191066082029e+04,1.804380098964271019e+04,2.637836806406427513e+03,9.241720579280772654e+03,4.680804524973622392e+03
4.505000000000000000e+03,1.656164801329530746e+04,1.804592646435097777e+04,2.637003216380096092e+03,9.243416908957880878e+03,4.681227887957330495e+03
4.506000000000000000e+03,1.656298313613793653e+04,1.804778232553243652e+04,2.636229868107232960e+03,9.244869395525753134e+03,4.681883872504948158e+03
4.507000000000000000e+03,1.656409587163969991e+04,1.804949534127678635e+04,2.635515602385760758e+03,9.246179816101977849e+03,4.682400453151961301e+03
4.508000000000000000e+03,1.656556247285390054e+04,1.805130326202737706e+04,2.634840630051553035e+03,9.247529770122864647e+03,4.683192072679479679e+03
4.509000000000000000e+03,1.656715697528902820e+04,1.805309916395163600e+04,2.634241559573893937e+03,9.248964015443934841e+03,4.683951400271200328e+03
4.510000000000000000e+03,1.656831161165380763e+04,1.805460698977804714e+04,2.633522316258638057e+03,9.250218394322855602e+03,4.684570901072309425e+03
4.511000000000000000e+03,1.656892759093126006e+04,1.805598335475497879e+04,2.632645529099542273e+03,9.251332470944555098e+03,4.684949590887163140e+03
4.512000000000000000e+03,1.656986147549392626e+04,1.805717017847126772e+04,2.631918408418031049e+03,9.252565620903333183e+03,4.685377446172564305e+03
4.513000000000000000e+03,1.657084951956759323e+04,1.805810587764894808e+04,2.631171645787946545e+03,9.253910912029230531e+03,4.685766961750412520e+03
4.514000000000000000e+03,1.657167892814984225e+04,1.805857447893360586e+04,2.630365590106433501e+03,9.255200383505471109e+03,4.686112954537932637e+03
4.515000000000000000e+03,1.657241223611463647e+04,1.805911327050183536e+04,2.629431162850759847e+03,9.256216570010512442e+03,4.686764503253364637e+03
4.516000000000000000e+03,1.657346887982313274e+04,1.806037601551557600e+04,2.628592105069078571e+03,9.257285179656366381e+03,4.687591595097687787e+03
4.517000000000000000e+03,1.657454898164187398e+04,1.806145475229336807e+04,2.627810561628787582e+03,9.258204398489282539e+03,4.688534021523799311e+03
4.518000000000000000e+03,1.657548038465073478e+04,1.806259151833058786e+04,2.627046204612854126e+03,9.259112502915209916e+03,4.689321677122670735e+03
4.519000000000000000e+03,1.657630945390075067e+04,1.806414583425823366e+04,2.626306137009810755e+03,9.260013636988684084e+03,4.689989679902258104e+03
4.520000000000000000e+03,1.657720176553164492e+04,1.806567187934839967e+04,2.625729884779258100e+03,9.260865773397583325e+03,4.690606107354804408e+03
4.521000000000000000e+03,1.657789491682145308e+04,1.806658427122226567e+04,2.625153557403579725e+03,9.261431927457979327e+03,4.691309431959891299e+03
4.522000000000000000e+03,1.657843084980853746e+04,1.806702354163604832e+04,2.624520897384055388e+03,9.261763792191482935e+03,4.692146160233005503e+03
4.523000000000000000e+03,1.657893513878685189e+04,1.806761829627892803e+04,2.623785318394996466e+03,9.261938104575656325e+03,4.693211715816200012e+03
4.524000000000000000e+03,1.657976152997568352e+04,1.806870857808169603e+04,2.623168838232149028e+03,9.262233871194823223e+03,4.694358820548712174e+03
4.525000000000000000e+03,1.658088932852938524e+04,1.807022183039494485e+04,2.622736972380796033e+03,9.262724952492721059e+03,4.695427403655873604e+03
4.526000000000000000e+03,1.658196907452335654e+04,1.807158462498568042e+04,2.622353273971542876e+03,9.263205984405105482e+03,4.696409816146709090e+03
4.527000000000000000e+03,1.658284132001915350e+04,1.807343731722408484e+04,2.621873254224120501e+03,9.263883265711870990e+03,4.697084800083162008e+03
4.528000000000000000e+03,1.658356370653106933e+04,1.807558436250539671e+04,2.621412517949923767e+03,9.264366942051430669e+03,4.697784246529716256e+03
4.529000000000000000e+03,1.658425325178083949e+04,1.807791139660592307e+04,2.621032506133121842e+03,9.264735501188504713e+03,4.698485244459210662e+03
4.530000000000000000e+03,1.658477628243501385e+04,1.807979503226176894e+04,2.620679292018944125e+03,9.265062709505713428e+03,4.699034280910350390e+03
4.531000000000000000e+03,1.658559115670399842e+04,1.808177833367002677e+04,2.620443362333610366e+03,9.265703928910574177e+03,4.699443865459813424e+03
4.532000000000000000e+03,1.658649594057624927e+04,1.808363737969447902e+04,2.620170821020940821e+03,9.266430889126579132e+03,4.699894230428732953e+03
4.533000000000000000e+03,1.658719503795254423e+04,1.808461883145264801e+04,2.619801658505292380e+03,9.266971235807215635e+03,4.700422143640036666e+03
4.534000000000000000e+03,1.658821805339466300e+04,1.808614591748978273e+04,2.619382286767385267e+03,9.267628169112595060e+03,4.701207597514685403e+03
4.535000000000000000e+03,1.658959999024787248e+04,1.808786240701792849e+04,2.619041374068910500e+03,9.268512734246754917e+03,4.702045881932211159e+03
4.536000000000000000e+03,1.659092164522008534e+04,1.808847744583950407e+04,2.618738183844950981e+03,9.269107819888653466e+03,4.703075641486479981e+03
4.537000000000000000e+03,1.659221664841728852e+04,1.808877115979898008e+04,2.618488594384196404e+03,9.269564817418044186e+03,4.704163236615046117e+03
4.538000000000000000e+03,1.659328514043892210e+04,1.808924554970650206e+04,2.618338880393358522e+03,9.269795320774901484e+03,4.705150939270660274e+03
4.539000000000000000e+03,1.659450780670359018e+04,1.808994635847175959e+04,2.618224948922384556e+03,9.270091316020987506e+03,4.706191541760222208e+03
4.540000000000000000e+03,1.659548357677113745e+04,1.809054861788125709e+04,2.618046394468343806e+03,9.270199571681090674e+03,4.707237610621703425e+03
4.541000000000000000e+03,1.659618974917700689e+04,1.809118700070967316e+04,2.617691203473726091e+03,9.270266555503018026e+03,4.708231990200262771e+03
4.542000000000000000e+03,1.659705067248218256e+04,1.809203783997389837e+04,2.617256054378062800e+03,9.270730608444320751e+03,4.709064009659798103e+03
4.543000000000000000e+03,1.659778857676238840e+04,1.809256055508697682e+04,2.616791520589717493e+03,9.271056672931197681e+03,4.709940383241478230e+03
4.544000000000000000e+03,1.659871751109527759e+04,1.809297773170995060e+04,2.616379684565979005e+03,9.271542825297136005e+03,4.710795001232162576e+03
4.545000000000000000e+03,1.659926967700535170e+04,1.809284838412675890e+04,2.615918752685343406e+03,9.271907266103376969e+03,4.711443658216629046e+03
4.546000000000000000e+03,1.659998438859542512e+04,1.809305539752264667e+04,2.615394019964968720e+03,9.272547447705368540e+03,4.712042920925088765e+03
4.547000000000000000e+03,1.660078857025816978e+04,1.809299299174440239e+04,2.614885220438610304e+03,9.273411700166059745e+03,4.712491649653497007e+03
4.548000000000000000e+03,1.660141843095700460e+04,1.809218322545074625e+04,2.614381199641577950e+03,9.274019135291589919e+03,4.713018096023830367e+03
4.549000000000000000e+03,1.660168441451434410e+04,1.809117036787423785e+04,2.613751897316367376e+03,9.274428640490028556e+03,4.713503876707944073e+03
4.550000000000000000e+03,1.660175354878052167e+04,1.809011091826393022e+04,2.613107805217375244e+03,9.274801858668321074e+03,4.713843884894822622e+03
4.551000000000000000e+03,1.660140982246970088e+04,1.808850482967162679e+04,2.612319706305049294e+03,9.275119817226244777e+03,4.713970298938405904e+03
4.552000000000000000e+03,1.660103572766073194e+04,1.808682380108669167e+04,2.611468652283354913e+03,9.275555210898093719e+03,4.714011864479285578e+03
4.553000000000000000e+03,1.660071886820161308e+04,1.808475473044743194e+04,2.610490304763859967e+03,9.275996368268233709e+03,4.714232195169520310e+03
4.554000000000000000e+03,1.660023750159257543e+04,1.808202832302782554e+04,2.609542584275732679e+03,9.276164598933830348e+03,4.714530318383020131e+03
4.555000000000000000e+03,1.659980317809545159e+04,1.807967519941043065e+04,2.608757695550376866e+03,9.276275101963505222e+03,4.714770380581568133e+03
4.556000000000000000e+03,1.659931040636257239e+04,1.807769212904566302e+04,2.608028259428168894e+03,9.276282960203789116e+03,4.714999186730610745e+03
4.557000000000000000e+03,1.659877566242441389e+04,1.807531427389147575e+04,2.607155299338065561e+03,9.276302761729835765e+03,4.715317601356518935e+03
4.558000000000000000e+03,1.659832560236571226e+04,1.807343143013419103e+04,2.606174905545536603e+03,9.276466474227829167e+03,4.715684222592348306e+03
4.559000000000000000e+03,1.659803263541828346e+04,1.807156039604436228e+04,2.605279690954282160e+03,9.276871991269123100e+03,4.715880953194883659e+03
4.560000000000000000e+03,1.659785925241017685e+04,1.806999952286959524e+04,2.604491515698985495e+03,9.277358326005829440e+03,4.716009410705364644e+03
4.561000000000000000e+03,1.659729860688174449e+04,1.806763277481771729e+04,2.603918017470788072e+03,9.277482856589404037e+03,4.715897732821551472e+03
4.562000000000000000e+03,1.659653173090595010e+04,1.806546904193436785e+04,2.603426216494758137e+03,9.277561617499104614e+03,4.715543896912084165e+03
4.563000000000000000e+03,1.659554308658961600e+04,1.806319710865878369e+04,2.602890114872325285e+03,9.277293678086560249e+03,4.715359293630734101e+03
4.564000000000000000e+03,1.659401828820862283e+04,1.806096383561641414e+04,2.602099451283712824e+03,9.276785279916355648e+03,4.715133557008554817e+03
4.565000000000000000e+03,1.659284432988549452e+04,1.805880615500213025e+04,2.601237991704523211e+03,9.276542037970308229e+03,4.715064300210665351e+03
4.566000000000000000e+03,1.659222934889670432e+04,1.805740857139520813e+04,2.600369838880160387e+03,9.276738629880897861e+03,4.715120880135644256e+03
4.567000000000000000e+03,1.659209781738915626e+04,1.805685518104603761e+04,2.599501807104710224e+03,9.277388275224999234e+03,4.715207735059444531e+03
4.568000000000000000e+03,1.659217995529202381e+04,1.805682757349479652e+04,2.598689493552672502e+03,9.278353270208983304e+03,4.715137191530368000e+03
4.569000000000000000e+03,1.659253778206558854e+04,1.805743368759374425e+04,2.597948892688183150e+03,9.279453967765442940e+03,4.715134921611961545e+03
4.570000000000000000e+03,1.659298211346739845e+04,1.805832134302544728e+04,2.597007052672885948e+03,9.280764848389544568e+03,4.715210212404967024e+03
4.571000000000000000e+03,1.659381128058103423e+04,1.805948227987588689e+04,2.596118413627294103e+03,9.282472828404943357e+03,4.715220038548794037e+03
4.572000000000000000e+03,1.659461744304410968e+04,1.806037254204341662e+04,2.595151779050697314e+03,9.284292046757262142e+03,4.715173617236148857e+03
4.573000000000000000e+03,1.659498668536600235e+04,1.806019579097751921e+04,2.594121216384412946e+03,9.285817323056156965e+03,4.715048145925435165e+03
4.574000000000000000e+03,1.659574040854475606e+04,1.806057684229150618e+04,2.593143115729706096e+03,9.287496683675704844e+03,4.715100609139346489e+03
4.575000000000000000e+03,1.659651525157089054e+04,1.806071371674701732e+04,2.592150933884478036e+03,9.288883989838726848e+03,4.715480327847687477e+03
4.576000000000000000e+03,1.659721216355052093e+04,1.806027553377971708e+04,2.591140386752405448e+03,9.290256230996685190e+03,4.715815545801428016e+03
4.577000000000000000e+03,1.659802709774540199e+04,1.805989918744607712e+04,2.590154687461725644e+03,9.291672802645531192e+03,4.716199607638141970e+03
4.578000000000000000e+03,1.659886699130998386e+04,1.805947389113374084e+04,2.589159945687132222e+03,9.292833639676839084e+03,4.716873405946018465e+03
4.579000000000000000e+03,1.659992542743510421e+04,1.805986383305026902e+04,2.588103346615479950e+03,9.294133381266696233e+03,4.717688699552923026e+03
4.580000000000000000e+03,1.660084570124495440e+04,1.806022600208952645e+04,2.587086337089450353e+03,9.295380199326098591e+03,4.718379164829400906e+03
4.581000000000000000e+03,1.660179985515844965e+04,1.806011353954445076e+04,2.586359919675349829e+03,9.296406196188465401e+03,4.719033739294633051e+03
4.582000000000000000e+03,1.660275681885810263e+04,1.806005394175564288e+04,2.585644275932074379e+03,9.297428250941138685e+03,4.719684291984889569e+03
4.583000000000000000e+03,1.660365068197392247e+04,1.805995943872108910e+04,2.584874965812146002e+03,9.298324398874472536e+03,4.720451317287306665e+03
4.584000000000000000e+03,1.660446116820624593e+04,1.806014325998581262e+04,2.583950560817064797e+03,9.299110101474345356e+03,4.721400505914835776e+03
4.585000000000000000e+03,1.660532764033653802e+04,1.806027473391723834e+04,2.583015672701419589e+03,9.299962067714341174e+03,4.722349899920782264e+03
4.586000000000000000e+03,1.660588294764276361e+04,1.806053577083228811e+04,2.581848703560763624e+03,9.300905371792050573e+03,4.723128872289948049e+03
4.587000000000000000e+03,1.660657985789399027e+04,1.806132160454951736e+04,2.580390491288851536e+03,9.302168237925588983e+03,4.724021128679551111e+03
4.588000000000000000e+03,1.660783427288827806e+04,1.806227510337705098e+04,2.578961543435725162e+03,9.303743613553209798e+03,4.725129115899340832e+03
4.589000000000000000e+03,1.660902352265235459e+04,1.806277313805533777e+04,2.577499341661741255e+03,9.305247723602125916e+03,4.726276457388490599e+03
4.590000000000000000e+03,1.661056568597385922e+04,1.806368626685516938e+04,2.575904761163381863e+03,9.306969449711143170e+03,4.727691475099333729e+03
4.591000000000000000e+03,1.661191203583552124e+04,1.806368927163522312e+04,2.574350323023129931e+03,9.308588845540798502e+03,4.728972867271592804e+03
4.592000000000000000e+03,1.661365403623876773e+04,1.806432098095651600e+04,2.572923357363206378e+03,9.310647910332194442e+03,4.730082768543363272e+03
4.593000000000000000e+03,1.661541287520757760e+04,1.806541989706398817e+04,2.571640604596937010e+03,9.312659352058752120e+03,4.731112918551888470e+03
4.594000000000000000e+03,1.661658820291077063e+04,1.806613000795180415e+04,2.570177348163971146e+03,9.314456739344659582e+03,4.731954115402142634e+03
4.595000000000000000e+03,1.661796914651979387e+04,1.806728464692251509e+04,2.568688988745831921e+03,9.316359641762319370e+03,4.732920516011645304e+03
4.596000000000000000e+03,1.661920000686489948e+04,1.806851735890029886e+04,2.567159395123813283e+03,9.318268990760767338e+03,4.733771620980316584e+03
4.597000000000000000e+03,1.662058180632778021e+04,1.806932479207263532e+04,2.565866661397484677e+03,9.319864116344861031e+03,4.734851028585435415e+03
4.598000000000000000e+03,1.662215374300260373e+04,1.807017937821059240e+04,2.564670748169195122e+03,9.321426762036595392e+03,4.736056232796816403e+03
4.599000000000000000e+03,1.662424499996667873e+04,1.807073239862253831e+04,2.563569118965975122e+03,9.323323454799898172e+03,4.737352426200805894e+03
4.600000000000000000e+03,1.662690671327926248e+04,1.807166560403275798e+04,2.562393766245168081e+03,9.325791830467158434e+03,4.738721116566934143e+03
4.601000000000000000e+03,1.662984779912564773e+04,1.807338387902731847e+04,2.561150647267687418e+03,9.328495234255609830e+03,4.740201917602353205e+03
4.602000000000000000e+03,1.663258510403715627e+04,1.807537053586441471e+04,2.559756897647097048e+03,9.331309244246342132e+03,4.741518962143718454e+03
4.603000000000000000e+03,1.663556904280647723e+04,1.807738192299820366e+04,2.558243753330310028e+03,9.334429067604136435e+03,4.742896221872027127e+03
4.604000000000000000e+03,1.663880875844015827e+04,1.808026321093973093e+04,2.556775684758742500e+03,9.337647555642823136e+03,4.744385518038594455e+03
4.605000000000000000e+03,1.664266052064389078e+04,1.808367539962412411e+04,2.555391814309059100e+03,9.341185892325165696e+03,4.746082814009661888e+03
4.606000000000000000e+03,1.664650761241082000e+04,1.808763901164122217e+04,2.553831596254507986e+03,9.344997019018814171e+03,4.747678997137496481e+03
4.607000000000000000e+03,1.664960674320527323e+04,1.809083856268139061e+04,2.552273386665904582e+03,9.348578235597382445e+03,4.748755120941986206e+03
4.608000000000000000e+03,1.665207986672741390e+04,1.809331924599899139e+04,2.550665054945977317e+03,9.351815418737847722e+03,4.749599393043588861e+03
4.609000000000000000e+03,1.665423894919612940e+04,1.809629823555627081e+04,2.549054537061386327e+03,9.354894197780107788e+03,4.750290214354634372e+03
4.610000000000000000e+03,1.665674961479934427e+04,1.809969616621773821e+04,2.547444253070867489e+03,9.358335296555873356e+03,4.750970065172604336e+03
4.611000000000000000e+03,1.665954434729857530e+04,1.810301080745326908e+04,2.546050588502381288e+03,9.361787680285971874e+03,4.751706078510226689e+03
4.612000000000000000e+03,1.666247790093672302e+04,1.810608229105306600e+04,2.544614286941242881e+03,9.365212507440141053e+03,4.752651106555341357e+03
4.613000000000000000e+03,1.666501848395681009e+04,1.810810199178908078e+04,2.543115895775744775e+03,9.368411311134434072e+03,4.753491277046632604e+03
4.614000000000000000e+03,1.666748114804498618e+04,1.811038290118591976e+04,2.541436220693479299e+03,9.371570817106170580e+03,4.754474110245338125e+03
4.615000000000000000e+03,1.666985994610714988e+04,1.811292222157095603e+04,2.539671496648427365e+03,9.374722583691311229e+03,4.755465865767414471e+03
4.616000000000000000e+03,1.667214382221505002e+04,1.811548479275405407e+04,2.537884598740200090e+03,9.377948933998524808e+03,4.756310289476324215e+03
4.617000000000000000e+03,1.667460386504167764e+04,1.811789438608336786e+04,2.536262478503149850e+03,9.381292925652516715e+03,4.757048460886014254e+03
4.618000000000000000e+03,1.667746588337614958e+04,1.812078231047105510e+04,2.534716368378503830e+03,9.385135214172016276e+03,4.757614300825631290e+03
4.619000000000000000e+03,1.668086216598993997e+04,1.812410795586027962e+04,2.533228307787664107e+03,9.389338389523927617e+03,4.758295468678350517e+03
4.620000000000000000e+03,1.668377755384104603e+04,1.812658685463774964e+04,2.531595015946112653e+03,9.393479069403496396e+03,4.758703468491439708e+03
4.621000000000000000e+03,1.668658328552864987e+04,1.812856548258397379e+04,2.529920101738650374e+03,9.397552562614338967e+03,4.759110621175657798e+03
4.622000000000000000e+03,1.668940348811459626e+04,1.813053298274167537e+04,2.528079804527581928e+03,9.401701023494068068e+03,4.759622660092949445e+03
4.623000000000000000e+03,1.669201790672955030e+04,1.813215038194074077e+04,2.526235428987903106e+03,9.405606860597958075e+03,4.760175617143689124e+03
4.624000000000000000e+03,1.669454733399753241e+04,1.813407129360582258e+04,2.524452614376912607e+03,9.409322492420578783e+03,4.760772227200037378e+03
4.625000000000000000e+03,1.669679144566929244e+04,1.813562510633518468e+04,2.522719856806849748e+03,9.412780617877102486e+03,4.761290970985336571e+03
4.626000000000000000e+03,1.669888288913832730e+04,1.813709070219996647e+04,2.520930117216913004e+03,9.416021235174101093e+03,4.761931536747316386e+03
4.627000000000000000e+03,1.670057223230000454e+04,1.813770576268348668e+04,2.519301844793161308e+03,9.418708768493936077e+03,4.762561619012903975e+03
4.628000000000000000e+03,1.670270515068364330e+04,1.813850959768367466e+04,2.518022074512645304e+03,9.421409441042842445e+03,4.763273635128155547e+03
4.629000000000000000e+03,1.670488750048274960e+04,1.813932178526227290e+04,2.516818122877074529e+03,9.424296275760680146e+03,4.763773101844991288e+03
4.630000000000000000e+03,1.670673418394946566e+04,1.813957779509916872e+04,2.515563643292432062e+03,9.427100432662946332e+03,4.764070107994082719e+03
4.631000000000000000e+03,1.670882622421798442e+04,1.814014387660763168e+04,2.514682227534559388e+03,9.429755008107718822e+03,4.764388988575705298e+03
4.632000000000000000e+03,1.671052385682762542e+04,1.814003806981173693e+04,2.513926464216727709e+03,9.432126427153047189e+03,4.764470965457845523e+03
4.633000000000000000e+03,1.671189618196040101e+04,1.813932728814353686e+04,2.513213689889831130e+03,9.434354323957193628e+03,4.764328168113373067e+03
4.634000000000000000e+03,1.671367010704404311e+04,1.813947559283526789e+04,2.512511850150582632e+03,9.436845061625328526e+03,4.764313195268130585e+03
4.635000000000000000e+03,1.671615357915600180e+04,1.814146453146557906e+04,2.511805223515431862e+03,9.439848218521250601e+03,4.764500137119314786e+03
4.636000000000000000e+03,1.671909649614432783e+04,1.814455426909318339e+04,2.511111542936753722e+03,9.443014196634721884e+03,4.764970756572847677e+03
4.637000000000000000e+03,1.672200142250445060e+04,1.814760264729684422e+04,2.510241002618804941e+03,9.446015270868250809e+03,4.765745149017390759e+03
4.638000000000000000e+03,1.672467297858004895e+04,1.815009716768873113e+04,2.509239560359156258e+03,9.448804847445699124e+03,4.766628570775195840e+03
4.639000000000000000e+03,1.672718040834441854e+04,1.815235450001563731e+04,2.508090187038515978e+03,9.451421297428631078e+03,4.767668923877269663e+03
4.640000000000000000e+03,1.672932674739756112e+04,1.815427240670094761e+04,2.506570479274315858e+03,9.453956416819986771e+03,4.768799851303256219e+03
4.641000000000000000e+03,1.673109642459528914e+04,1.815610986992620019e+04,2.504777347435465344e+03,9.456354107448991272e+03,4.769964969710828882e+03
4.642000000000000000e+03,1.673279839240133515e+04,1.815797829483309761e+04,2.502943468237004254e+03,9.458782872108571610e+03,4.771072052055761560e+03
4.643000000000000000e+03,1.673446121755167405e+04,1.815991322494756241e+04,2.501366983646665176e+03,9.460871843424689359e+03,4.772222390480320428e+03
4.644000000000000000e+03,1.673620705118880869e+04,1.816212503861885489e+04,2.499840801962022852e+03,9.462853087618403151e+03,4.773513161608383598e+03
4.645000000000000000e+03,1.673774761121930351e+04,1.816404602524506117e+04,2.498217072605913017e+03,9.464585159641481368e+03,4.774945378971908212e+03
4.646000000000000000e+03,1.673961083000298459e+04,1.816644215297316623e+04,2.496698145016749095e+03,9.466365578655673744e+03,4.776547106330565839e+03
4.647000000000000000e+03,1.674188826484312813e+04,1.816959788659160404e+04,2.495322725141783849e+03,9.468412959892226354e+03,4.778152579809118834e+03
4.648000000000000000e+03,1.674444310798015795e+04,1.817301646820998576e+04,2.494115044574050444e+03,9.470628576666784284e+03,4.779699486739320491e+03
4.649000000000000000e+03,1.674647311632287892e+04,1.817593515679777192e+04,2.492747355788193545e+03,9.472730869414706831e+03,4.780994891119976273e+03
4.650000000000000000e+03,1.674821641959738190e+04,1.817898428887141199e+04,2.491371823916374524e+03,9.474628785745155255e+03,4.782215809935853940e+03
4.651000000000000000e+03,1.675026272575520125e+04,1.818260194386847434e+04,2.490089457313424646e+03,9.476720894542508177e+03,4.783452373899269332e+03
4.652000000000000000e+03,1.675273441755882232e+04,1.818665167500875395e+04,2.489076200723374768e+03,9.478890350459561887e+03,4.784767866375890662e+03
4.653000000000000000e+03,1.675546592774963938e+04,1.819046568209662655e+04,2.488093137953202131e+03,9.481051725676003116e+03,4.786321064120436859e+03
4.654000000000000000e+03,1.675815101230352593e+04,1.819416556137775842e+04,2.487129501604021243e+03,9.482991724579855145e+03,4.788029786119648634e+03
4.655000000000000000e+03,1.676056444487811314e+04,1.819774294368658229e+04,2.486150031209701865e+03,9.484630184721470869e+03,4.789784228946940857e+03
4.656000000000000000e+03,1.676278824528460609e+04,1.820086097099039034e+04,2.485192318413883640e+03,9.486327553074552270e+03,4.791268373796169726e+03
4.657000000000000000e+03,1.676460040945425862e+04,1.820315299322811916e+04,2.484070424860027742e+03,9.487949395156858373e+03,4.792580589437376148e+03
4.658000000000000000e+03,1.676630083587533591e+04,1.820559562246119094e+04,2.482990955682235835e+03,9.489473313224933008e+03,4.793836566968171610e+03
4.659000000000000000e+03,1.676800829891713875e+04,1.820856774344563019e+04,2.481612151619751330e+03,9.491179142313501870e+03,4.795217004983883271e+03
4.660000000000000000e+03,1.676983242585563494e+04,1.821078636464269584e+04,2.480155039591818422e+03,9.492679419860070993e+03,4.796997966403744613e+03
4.661000000000000000e+03,1.677165792140159829e+04,1.821239989116322249e+04,2.478747628906604405e+03,9.493873889316164423e+03,4.799036403178828550e+03
4.662000000000000000e+03,1.677365967471890326e+04,1.821358114338906307e+04,2.477388083655793707e+03,9.495103573990942095e+03,4.801168017072163821e+03
4.663000000000000000e+03,1.677528507120208087e+04,1.821407966702021076e+04,2.476148665205829730e+03,9.496009306370422564e+03,4.803127099625829032e+03
4.664000000000000000e+03,1.677713164245895314e+04,1.821530084206639367e+04,2.475091335872660238e+03,9.497042811886984055e+03,4.804997494699310664e+03
4.665000000000000000e+03,1.677930150541519106e+04,1.821682497428794522e+04,2.474215685621137254e+03,9.498140816674387679e+03,4.806945003119666580e+03
4.666000000000000000e+03,1.678201150650700583e+04,1.821803392015776262e+04,2.473523314478482916e+03,9.499484549372346009e+03,4.809003642656176453e+03
4.667000000000000000e+03,1.678449931943572665e+04,1.821875105988315045e+04,2.472764966145070957e+03,9.500777686348248608e+03,4.810956666942400261e+03
4.668000000000000000e+03,1.678656744205097857e+04,1.821864141754354569e+04,2.471908282417404280e+03,9.501892729385945131e+03,4.812766430247631433e+03
4.669000000000000000e+03,1.678858720231493862e+04,1.821808441966045939e+04,2.470994613424106774e+03,9.503045658980390726e+03,4.814546929910442486e+03
4.670000000000000000e+03,1.679060856989703097e+04,1.821767695825680494e+04,2.469963397565008563e+03,9.504342406269341154e+03,4.816302766062681258e+03
4.671000000000000000e+03,1.679262629262687187e+04,1.821737399254379488e+04,2.468965347026361997e+03,9.505282386641853009e+03,4.818378558958655958e+03
4.672000000000000000e+03,1.679477017622970743e+04,1.821742281335418011e+04,2.468032147751242064e+03,9.506399373786594879e+03,4.820338654691870033e+03
4.673000000000000000e+03,1.679726763551144541e+04,1.821743978773788331e+04,2.467372766256397881e+03,9.507718629848417550e+03,4.822176239406631794e+03
4.674000000000000000e+03,1.680009304548002183e+04,1.821767388804218353e+04,2.466872681513868883e+03,9.509266190881580769e+03,4.823954173084572176e+03
4.675000000000000000e+03,1.680269143850287583e+04,1.821786361894141373e+04,2.466351516366024953e+03,9.510769419791673499e+03,4.825570502345179193e+03
4.676000000000000000e+03,1.680524141089996556e+04,1.821738994202618414e+04,2.465767800621751121e+03,9.512523838632903789e+03,4.826949771645306100e+03
4.677000000000000000e+03,1.680814587125533581e+04,1.821740561337589679e+04,2.465261753998361655e+03,9.514482200670769089e+03,4.828401916586207335e+03
4.678000000000000000e+03,1.681185933081633993e+04,1.821894882139274705e+04,2.464801397872820417e+03,9.516690065131975643e+03,4.830367867811546603e+03
4.679000000000000000e+03,1.681516490132685431e+04,1.822062315689409661e+04,2.464421154537798884e+03,9.518586968205183439e+03,4.832156778583867890e+03
4.680000000000000000e+03,1.681759478467625740e+04,1.822127440612817009e+04,2.463860919863531308e+03,9.520120771883286579e+03,4.833613092929443155e+03
4.681000000000000000e+03,1.681979968588667907e+04,1.822105752559164830e+04,2.463531504486333688e+03,9.521535124699541484e+03,4.834733056700801171e+03
4.682000000000000000e+03,1.682147728112579352e+04,1.822076446220178696e+04,2.463050798274850422e+03,9.522815508199364558e+03,4.835610974651575816e+03
4.683000000000000000e+03,1.682289146703001461e+04,1.822009983697052667e+04,2.462426583181411388e+03,9.523903030935554852e+03,4.836561852913043367e+03
4.684000000000000000e+03,1.682459114134332049e+04,1.821973850585490800e+04,2.461705435512883469e+03,9.525158291180552624e+03,4.837727414649883940e+03
4.685000000000000000e+03,1.682623656048105477e+04,1.821994025291173602e+04,2.461036374941356371e+03,9.526430076154263588e+03,4.838770109385431169e+03
4.686000000000000000e+03,1.682802182210033061e+04,1.822007471068412269e+04,2.460551509671159238e+03,9.527788030800646084e+03,4.839682281628523924e+03
4.687000000000000000e+03,1.682996289957855697e+04,1.822029017179990115e+04,2.460068134628444568e+03,9.529438398991744180e+03,4.840456365958374590e+03
4.688000000000000000e+03,1.683136376737293176e+04,1.822046820208904683e+04,2.459395055580741428e+03,9.530920113158939785e+03,4.841048598633253278e+03
4.689000000000000000e+03,1.683327407980023054e+04,1.822097849522888646e+04,2.458676399199613115e+03,9.532693647373354906e+03,4.841904033227263426e+03
4.690000000000000000e+03,1.683546618736772143e+04,1.822190734697606968e+04,2.458075444560733104e+03,9.534947727274240606e+03,4.842443015532746358e+03
4.691000000000000000e+03,1.683812430683181083e+04,1.822367652706736408e+04,2.457593269619853800e+03,9.537510372483922765e+03,4.843020664728041993e+03
4.692000000000000000e+03,1.684097515952523099e+04,1.822640040943889471e+04,2.457086168905415434e+03,9.540459993832817418e+03,4.843428996786996322e+03
4.693000000000000000e+03,1.684385302802416845e+04,1.822936293225105328e+04,2.456543743140904098e+03,9.543983121272756762e+03,4.843326163610508047e+03
4.694000000000000000e+03,1.684644732965487492e+04,1.823159486539990394e+04,2.456038546234077330e+03,9.547623060192137928e+03,4.842785723228654206e+03
4.695000000000000000e+03,1.684891058583861013e+04,1.823426772274345421e+04,2.455438987234929755e+03,9.551285959886823548e+03,4.842185638716862741e+03
4.696000000000000000e+03,1.685115352946201892e+04,1.823728143160584659e+04,2.454506202821646184e+03,9.554837161192426720e+03,4.841810165447944200e+03
4.697000000000000000e+03,1.685401883286676821e+04,1.824137464927063775e+04,2.453736808549909711e+03,9.558655039048921026e+03,4.841626985267937926e+03
4.698000000000000000e+03,1.685752185983690288e+04,1.824623791707194687e+04,2.453394443975328159e+03,9.562329442976089922e+03,4.841797972885478885e+03
4.699000000000000000e+03,1.686100408730058189e+04,1.825072008324129638e+04,2.453016204778482006e+03,9.565869421345592855e+03,4.842118461176504752e+03
4.700000000000000000e+03,1.686347446361189577e+04,1.825396919324103874e+04,2.452571156733247790e+03,9.568428029917580716e+03,4.842475276961066811e+03
4.701000000000000000e+03,1.686569097806107311e+04,1.825769131994231066e+04,2.451903191012455864e+03,9.571307580387319831e+03,4.842480206661296506e+03
4.702000000000000000e+03,1.686843111957980364e+04,1.826265295648076790e+04,2.451222909637078374e+03,9.574368533093456790e+03,4.842839676849266652e+03
4.703000000000000000e+03,1.687117973318299482e+04,1.826718804959436238e+04,2.450525297316280103e+03,9.577350199758733652e+03,4.843304236107986071e+03
4.704000000000000000e+03,1.687319120901281349e+04,1.827051460362409489e+04,2.449711003103871917e+03,9.579954784688277869e+03,4.843525421220660064e+03
4.705000000000000000e+03,1.687461743388654577e+04,1.827410474926808092e+04,2.448650537051080391e+03,9.582086204545279543e+03,4.843880692290184015e+03
4.706000000000000000e+03,1.687633729548173869e+04,1.827838852511780351e+04,2.447954276063590441e+03,9.584172092077877096e+03,4.844210927340273884e+03
4.707000000000000000e+03,1.687787912834268354e+04,1.828225220149416782e+04,2.447514328643674617e+03,9.585735795736511136e+03,4.844629003962500065e+03
4.708000000000000000e+03,1.687951311517465001e+04,1.828578501255965602e+04,2.446891939979116614e+03,9.587071567650062207e+03,4.845549607545470280e+03
4.709000000000000000e+03,1.688143896407285501e+04,1.828965245569326726e+04,2.446289321802073573e+03,9.588650961515577364e+03,4.846498680755203168e+03
4.710000000000000000e+03,1.688374582021519745e+04,1.829426869572537544e+04,2.445576685019341767e+03,9.590528303065964792e+03,4.847640832129893170e+03
4.711000000000000000e+03,1.688619911771065745e+04,1.829931884659020579e+04,2.444831138053939867e+03,9.592065435979988251e+03,4.849302543676725691e+03
4.712000000000000000e+03,1.688798586667635391e+04,1.830345871674532827e+04,2.444291527342647896e+03,9.592821672621937978e+03,4.850872666711765305e+03
4.713000000000000000e+03,1.688965253294447393e+04,1.830663220528139937e+04,2.443960512862807263e+03,9.593472435062876684e+03,4.852219585018790895e+03
4.714000000000000000e+03,1.689167808003346363e+04,1.831023750858128915e+04,2.443678739001527902e+03,9.594639088319279836e+03,4.853360252712654983e+03
4.715000000000000000e+03,1.689311817942100606e+04,1.831354065385955255e+04,2.443221011110732888e+03,9.595544063413506592e+03,4.854353104896761579e+03
4.716000000000000000e+03,1.689444081429089056e+04,1.831736042025512506e+04,2.442555932790246516e+03,9.596796810066920443e+03,4.855088071433727237e+03
4.717000000000000000e+03,1.689581092358575552e+04,1.832152250148421444e+04,2.441822780101739681e+03,9.598421682869951837e+03,4.855566460614065363e+03
4.718000000000000000e+03,1.689770531602162373e+04,1.832676286169581726e+04,2.441250266083618499e+03,9.600239827806270114e+03,4.856215222131739210e+03
4.719000000000000000e+03,1.689866363964509947e+04,1.833086551145544217e+04,2.440433323790287432e+03,9.601441629773562454e+03,4.856788686081246851e+03
4.720000000000000000e+03,1.689930101577562891e+04,1.833345094149352008e+04,2.439397975528127517e+03,9.602123060381596588e+03,4.857779979865905261e+03
4.721000000000000000e+03,1.690072147405593569e+04,1.833577547965094709e+04,2.438237707375923492e+03,9.603351660408168755e+03,4.859132106271839803e+03
4.722000000000000000e+03,1.690254632465641043e+04,1.833831283943674134e+04,2.437218952207786515e+03,9.605122448306512524e+03,4.860204924142113668e+03
4.723000000000000000e+03,1.690385985258686560e+04,1.834016885209528118e+04,2.436335505035650840e+03,9.606739042679477279e+03,4.860785304871736116e+03
4.724000000000000000e+03,1.690478004676916316e+04,1.834174476205678729e+04,2.435477699095953994e+03,9.608042528088621111e+03,4.861259819584585784e+03
4.725000000000000000e+03,1.690573883610261328e+04,1.834396288722642566e+04,2.434626189495648759e+03,9.609398310102800679e+03,4.861714336504165658e+03
4.726000000000000000e+03,1.690774661942764214e+04,1.834792087247315430e+04,2.433699206711118222e+03,9.611408461279501353e+03,4.862638951437022115e+03
4.727000000000000000e+03,1.691011063567028032e+04,1.835163497253836977e+04,2.432954246392755067e+03,9.613585309290934674e+03,4.863571079986589211e+03
4.728000000000000000e+03,1.691191177147883718e+04,1.835422643347123085e+04,2.432165530312949613e+03,9.615119092619301227e+03,4.864627148546588614e+03
4.729000000000000000e+03,1.691365703101707186e+04,1.835662112977187280e+04,2.431465161666537369e+03,9.616194013440512208e+03,4.865997855910024555e+03
4.730000000000000000e+03,1.691466960088376072e+04,1.835785780321047787e+04,2.430635344469054871e+03,9.616471370335850224e+03,4.867562886078854717e+03
4.731000000000000000e+03,1.691495606692020010e+04,1.835733048091351156e+04,2.429849876524170668e+03,9.616302150292158331e+03,4.868804040103867919e+03
4.732000000000000000e+03,1.691441510076806662e+04,1.835532296896442858e+04,2.428886642020410363e+03,9.615991767112307571e+03,4.869536691635345960e+03
4.733000000000000000e+03,1.691333055675305877e+04,1.835280880032043569e+04,2.427807874616056779e+03,9.615597329681562769e+03,4.869925352455439679e+03
4.734000000000000000e+03,1.691243078323929149e+04,1.835100611293546899e+04,2.426265517189581715e+03,9.615524519840062567e+03,4.870640746209648569e+03
4.735000000000000000e+03,1.691175678126337880e+04,1.834863272594745285e+04,2.424494429243046852e+03,9.615573477151501720e+03,4.871688874868830680e+03
4.736000000000000000e+03,1.691111063902619935e+04,1.834598130460922403e+04,2.422750204217279588e+03,9.615405723185849638e+03,4.872954711623069670e+03
4.737000000000000000e+03,1.691042080106250432e+04,1.834442774388545149e+04,2.420914480522681970e+03,9.615392451841562433e+03,4.874113868698259466e+03
4.738000000000000000e+03,1.690988170407601137e+04,1.834338590441448468e+04,2.419358166517507925e+03,9.614899130647041602e+03,4.875624406911461847e+03
4.739000000000000000e+03,1.690905769641732331e+04,1.834169012016239139e+04,2.417864455828138034e+03,9.613842029396571888e+03,4.877351211192616574e+03
4.740000000000000000e+03,1.690790961089428311e+04,1.833852595614530583e+04,2.416337483628093651e+03,9.612772002159843396e+03,4.878800125106348787e+03
4.741000000000000000e+03,1.690635588892738815e+04,1.833408407447913487e+04,2.414469884515458943e+03,9.612007250065031258e+03,4.879878754346897949e+03
4.742000000000000000e+03,1.690425262206726620e+04,1.832935393103412935e+04,2.412653371588995469e+03,9.611174573247986700e+03,4.880424677230280395e+03
4.743000000000000000e+03,1.690234658648856566e+04,1.832497536124953695e+04,2.411052084927140186e+03,9.610465495716802252e+03,4.880829005844619132e+03
4.744000000000000000e+03,1.690008322895667516e+04,1.831991618147055851e+04,2.409704822163201698e+03,9.609483417367411676e+03,4.880894989426060420e+03
4.745000000000000000e+03,1.689792381428145382e+04,1.831452781164793123e+04,2.408446184906585131e+03,9.608432665227741381e+03,4.881044964147127757e+03
4.746000000000000000e+03,1.689581590736400540e+04,1.830823508575196684e+04,2.407309874211667193e+03,9.606904790874787068e+03,4.881601242277551137e+03
4.747000000000000000e+03,1.689407668009471672e+04,1.830197140449889048e+04,2.406097400594270312e+03,9.605352656714971090e+03,4.882626622785472136e+03
4.748000000000000000e+03,1.689301399068897081e+04,1.829754825081243325e+04,2.404584738830799779e+03,9.604107130107735429e+03,4.884322121750435144e+03
4.749000000000000000e+03,1.689232267359107573e+04,1.829364449126628097e+04,2.403154972369438838e+03,9.602458424786937030e+03,4.886709276434699859e+03
4.750000000000000000e+03,1.689163525700812897e+04,1.828830223250968629e+04,2.401982830016643675e+03,9.600521870306229175e+03,4.889130556685256124e+03
4.751000000000000000e+03,1.689127171886262659e+04,1.828262977920379126e+04,2.400738650764610611e+03,9.598777861216589372e+03,4.891755206881429331e+03
4.752000000000000000e+03,1.689129057197622387e+04,1.827685847339597603e+04,2.399182690603271112e+03,9.597818344104267453e+03,4.894289537268684398e+03
4.753000000000000000e+03,1.689088336023635202e+04,1.827067439594956159e+04,2.397423664694448235e+03,9.596962121035661767e+03,4.896497574506237470e+03
4.754000000000000000e+03,1.689028993396091391e+04,1.826515083947209860e+04,2.395896974701779072e+03,9.595648257966491656e+03,4.898744701292641366e+03
4.755000000000000000e+03,1.688978556712698628e+04,1.825938141852101398e+04,2.394455013971210974e+03,9.594246877624396802e+03,4.901083675531378503e+03
4.756000000000000000e+03,1.688956402453485862e+04,1.825323092386957433e+04,2.393410220375121298e+03,9.592481639567669845e+03,4.903672164592066110e+03
4.757000000000000000e+03,1.689006001406152791e+04,1.824814432571813086e+04,2.392502126276677700e+03,9.591069210847261274e+03,4.906488676937591663e+03
4.758000000000000000e+03,1.689020003215949691e+04,1.824347332848332007e+04,2.391517156134797460e+03,9.589591172025946435e+03,4.909091703998754383e+03
4.759000000000000000e+03,1.689017231457361049e+04,1.823853889531933237e+04,2.390287394699037577e+03,9.588434792114361699e+03,4.911450127760210307e+03
4.760000000000000000e+03,1.689012509996445442e+04,1.823498299018156831e+04,2.389001034127851653e+03,9.587264144020424283e+03,4.913859921816181668e+03
4.761000000000000000e+03,1.688930020336094822e+04,1.823094324576978033e+04,2.387839021887920808e+03,9.585379550670162644e+03,4.916081630802866130e+03
4.762000000000000000e+03,1.688770664393030893e+04,1.822678040465247614e+04,2.386783705643467329e+03,9.582441531342936287e+03,4.918481406943903494e+03
4.763000000000000000e+03,1.688611998569450589e+04,1.822273502602396184e+04,2.386061713482921277e+03,9.578964590850948298e+03,4.921093681360636765e+03
4.764000000000000000e+03,1.688361051884025073e+04,1.821724177079088986e+04,2.385307368058195607e+03,9.574960083969050174e+03,4.923343066813004953e+03
4.765000000000000000e+03,1.688075478752109120e+04,1.821111048090183976e+04,2.384448302970197801e+03,9.570590374967232492e+03,4.925716109583665457e+03
4.766000000000000000e+03,1.687846612539972557e+04,1.820541095902328016e+04,2.383437133233745953e+03,9.566428079095579960e+03,4.928600913070402385e+03
4.767000000000000000e+03,1.687700862887847325e+04,1.819924746771530772e+04,2.382548292655278146e+03,9.562493325700206697e+03,4.931967010522987948e+03
4.768000000000000000e+03,1.687649789272862472e+04,1.819338905005249399e+04,2.381648530590772680e+03,9.559088375018740408e+03,4.935760987119113452e+03
4.769000000000000000e+03,1.687672824680626945e+04,1.818793757026508683e+04,2.381011401886705244e+03,9.555796210041422455e+03,4.939920634878141755e+03
4.770000000000000000e+03,1.687701379482447737e+04,1.818254975806794027e+04,2.380138249136027753e+03,9.553073448412898870e+03,4.943802097275549386e+03
4.771000000000000000e+03,1.687693334416967264e+04,1.817586559550448146e+04,2.379110072913830663e+03,9.550333638904750842e+03,4.947489632351092041e+03
4.772000000000000000e+03,1.687608297064467479e+04,1.816876529811014552e+04,2.377844455825500972e+03,9.547418659662549544e+03,4.950819855156625636e+03
4.773000000000000000e+03,1.687623825569217661e+04,1.816344155878840320e+04,2.376952508636787570e+03,9.545000573529050598e+03,4.954285173526338440e+03
4.774000000000000000e+03,1.687674635558755836e+04,1.815926764442824788e+04,2.376481380544951207e+03,9.543019306758922539e+03,4.957245668283686427e+03
4.775000000000000000e+03,1.687752051708853469e+04,1.815562880933749693e+04,2.375805563354585956e+03,9.541584634195745821e+03,4.960130319538204276e+03
4.776000000000000000e+03,1.687782016776780438e+04,1.815261274267976842e+04,2.374803226366630952e+03,9.540056143702096961e+03,4.962960797699077375e+03
4.777000000000000000e+03,1.687893222693748612e+04,1.815082070400015436e+04,2.373707296219490672e+03,9.539453661561878107e+03,4.965771269156118251e+03
4.778000000000000000e+03,1.687985047909429704e+04,1.814814611872689784e+04,2.372740044886732903e+03,9.539183919350241922e+03,4.967926514857317670e+03
4.779000000000000000e+03,1.688103213868332023e+04,1.814615949538590576e+04,2.371874977004511038e+03,9.539454810806386376e+03,4.969702350872420539e+03
4.780000000000000000e+03,1.688229598971461382e+04,1.814426320838315951e+04,2.370855291737693733e+03,9.540321205380165338e+03,4.971119492596754753e+03
4.781000000000000000e+03,1.688314603263425306e+04,1.814149084100806795e+04,2.369974250439389834e+03,9.540611055885639871e+03,4.972560726309222446e+03
4.782000000000000000e+03,1.688454477627858432e+04,1.813988545078893003e+04,2.369199321813616280e+03,9.540962308595615468e+03,4.974383145869352120e+03
4.783000000000000000e+03,1.688611824080484075e+04,1.813916862434171708e+04,2.368361272836896205e+03,9.541166133877077300e+03,4.976590834090866338e+03
4.784000000000000000e+03,1.688764433708205615e+04,1.813826833175858701e+04,2.367430898789562889e+03,9.541424952507844864e+03,4.978788485784645673e+03
4.785000000000000000e+03,1.688851692360845482e+04,1.813584904331646248e+04,2.366610428527955264e+03,9.541077430698049284e+03,4.980829064382452088e+03
4.786000000000000000e+03,1.688800803047350564e+04,1.813127009518439081e+04,2.365560015670853318e+03,9.539827711748575894e+03,4.982620303054073702e+03
4.787000000000000000e+03,1.688654128526133718e+04,1.812485987864571143e+04,2.364397895770521245e+03,9.537952311977645877e+03,4.984191077513172786e+03
4.788000000000000000e+03,1.688468719815593067e+04,1.811626764041730348e+04,2.363222702551503062e+03,9.535615825834782299e+03,4.985848669769644403e+03
4.789000000000000000e+03,1.688231941074874339e+04,1.810779590663228009e+04,2.361751815651955440e+03,9.533068097516719718e+03,4.987499497580067327e+03
4.790000000000000000e+03,1.687984287225383014e+04,1.809884593728585241e+04,2.360246067570291871e+03,9.530442769589306408e+03,4.989154035094228675e+03
4.791000000000000000e+03,1.687781930574849684e+04,1.808968246663203172e+04,2.358716617847509951e+03,9.528146197937639954e+03,4.990956489963345120e+03
4.792000000000000000e+03,1.687581778433599902e+04,1.808015402265576995e+04,2.357018431591585795e+03,9.526217365336244256e+03,4.992581987408175337e+03
4.793000000000000000e+03,1.687451934085181711e+04,1.807001254463589794e+04,2.355505103728602990e+03,9.524291360324252310e+03,4.994722876798966354e+03
4.794000000000000000e+03,1.687386425527017855e+04,1.806060137644974020e+04,2.354137715931027742e+03,9.522873158213802526e+03,4.996853381125347369e+03
4.795000000000000000e+03,1.687325164674172265e+04,1.805166262401341010e+04,2.352632129292352147e+03,9.521707063788067899e+03,4.998912453661305335e+03
4.796000000000000000e+03,1.687275221408585276e+04,1.804294101744906584e+04,2.351048484806830402e+03,9.520635442035643791e+03,5.001068287243373561e+03
4.797000000000000000e+03,1.687202367099983530e+04,1.803209170974799781e+04,2.349346694010991087e+03,9.519370151468499898e+03,5.003306825520347047e+03
4.798000000000000000e+03,1.687046831560417922e+04,1.801985857128694261e+04,2.347597308038483789e+03,9.517989799390408734e+03,5.004881208175289430e+03
4.799000000000000000e+03,1.686920201324482332e+04,1.800884834282005977e+04,2.345777027505398564e+03,9.517358314306446118e+03,5.006066671432980911e+03
4.800000000000000000e+03,1.686874758274512351e+04,1.799942718703594437e+04,2.343860534844415724e+03,9.517380330136798875e+03,5.007506717763910274e+03
4.801000000000000000e+03,1.686780611310388485e+04,1.798810987204081903e+04,2.342078405196579297e+03,9.517184875245668081e+03,5.008542832661638386e+03
4.802000000000000000e+03,1.686755362923386201e+04,1.797728772414965351e+04,2.340465160982298585e+03,9.517548903246222835e+03,5.009539565005339682e+03
4.803000000000000000e+03,1.686771192824240279e+04,1.796690506407099019e+04,2.338888148036412076e+03,9.518530100254516583e+03,5.010293679951476406e+03
4.804000000000000000e+03,1.686740281570846491e+04,1.795693226298176160e+04,2.337324957065926810e+03,9.519299686698836013e+03,5.010778171943701636e+03
4.805000000000000000e+03,1.686771040365097360e+04,1.794855959201407313e+04,2.335490424388027805e+03,9.520676494476261723e+03,5.011543484786684530e+03
4.806000000000000000e+03,1.686803239762910380e+04,1.794044016483875748e+04,2.333620929920715298e+03,9.521780796017434113e+03,5.012630671690955751e+03
4.807000000000000000e+03,1.686917289058052847e+04,1.793418486678531190e+04,2.331821377287752512e+03,9.523350968167804240e+03,5.014000545124968994e+03
4.808000000000000000e+03,1.687074666873245951e+04,1.792817211822623722e+04,2.329939337718790739e+03,9.524995038308350559e+03,5.015812292705317304e+03
4.809000000000000000e+03,1.687192891591252192e+04,1.792138205544288576e+04,2.328078681258582037e+03,9.525602986533878720e+03,5.018247248120057520e+03
4.810000000000000000e+03,1.687144082112603428e+04,1.791183207009104080e+04,2.326437048670650711e+03,9.525151198527733868e+03,5.019852573927653793e+03
4.811000000000000000e+03,1.687055143867471998e+04,1.790163491729210000e+04,2.324793627493485019e+03,9.524415774798504572e+03,5.021342036382726292e+03
4.812000000000000000e+03,1.686872452386113218e+04,1.789054594123815696e+04,2.322797901902319154e+03,9.523265174249223492e+03,5.022661447709589083e+03
4.813000000000000000e+03,1.686738032862103864e+04,1.788047476688669485e+04,2.320499963558773288e+03,9.522952156053182989e+03,5.023928209009079183e+03
4.814000000000000000e+03,1.686610445386144420e+04,1.787094838904087010e+04,2.318112745366091985e+03,9.523447978553962457e+03,5.024543729941389756e+03
4.815000000000000000e+03,1.686500590898877635e+04,1.786150865392831111e+04,2.315975072140384327e+03,9.524062589885124908e+03,5.024968246963273486e+03
4.816000000000000000e+03,1.686418378719930479e+04,1.785126935371918444e+04,2.314030579833991396e+03,9.524550307819486989e+03,5.025602899545825494e+03
4.817000000000000000e+03,1.686318730097409934e+04,1.784028349680976316e+04,2.311923099866688972e+03,9.524580266246037354e+03,5.026683934861370290e+03
4.818000000000000000e+03,1.686229190066604860e+04,1.782902242841143379e+04,2.309813313592342638e+03,9.524733220764626822e+03,5.027745366309082783e+03
4.819000000000000000e+03,1.686178280286421796e+04,1.781913348535005935e+04,2.307396302339672729e+03,9.525567273865028255e+03,5.028819226659516062e+03
4.820000000000000000e+03,1.686116254762099925e+04,1.780937607764285713e+04,2.304967169257183741e+03,9.526351891997732309e+03,5.029843486366085926e+03
4.821000000000000000e+03,1.686150178039116872e+04,1.780004989657422266e+04,2.302828396787042493e+03,9.526674709791823261e+03,5.031998673812305242e+03
4.822000000000000000e+03,1.686084642039658138e+04,1.778955586424791545e+04,2.300580956270292518e+03,9.525191501071803941e+03,5.035073963054486740e+03
4.823000000000000000e+03,1.685972466409238041e+04,1.777851632486155358e+04,2.298331494295716311e+03,9.522867192019271897e+03,5.038525977777393564e+03
4.824000000000000000e+03,1.685955342967778051e+04,1.776863353871514119e+04,2.296418705835696528e+03,9.520757705065218033e+03,5.042377018776865043e+03
4.825000000000000000e+03,1.686057536015106962e+04,1.776007669114744931e+04,2.294381240283716579e+03,9.519738243158139085e+03,5.046455876709213953e+03
4.826000000000000000e+03,1.686068078985817920e+04,1.775090113874910821e+04,2.291967391983512243e+03,9.518906211037738103e+03,5.049807186836927031e+03
4.827000000000000000e+03,1.686057299843102373e+04,1.774244418890052475e+04,2.289642179819224566e+03,9.518236951246981334e+03,5.052693867364820107e+03
4.828000000000000000e+03,1.686070700501089232e+04,1.773324207254765497e+04,2.287615707588584883e+03,9.517612050225001440e+03,5.055479247197303266e+03
4.829000000000000000e+03,1.686098234987149044e+04,1.772500556610018612e+04,2.285468675173839074e+03,9.517393280551421412e+03,5.058120394146232684e+03
4.830000000000000000e+03,1.686092858401295598e+04,1.771664726982174398e+04,2.283193187538875463e+03,9.517120147306293802e+03,5.060615249167787624e+03
4.831000000000000000e+03,1.686105278548214119e+04,1.770879271739842443e+04,2.280792607551659785e+03,9.517628578227508115e+03,5.062631599702974199e+03
4.832000000000000000e+03,1.686081515919934463e+04,1.769946029753953917e+04,2.278228667472472807e+03,9.517777083980614407e+03,5.064809407746256511e+03
4.833000000000000000e+03,1.685959968778213079e+04,1.768812632260172904e+04,2.275421575730352743e+03,9.517358057924217064e+03,5.066820054127562798e+03
4.834000000000000000e+03,1.685790113455921164e+04,1.767567433421731039e+04,2.272177509264921810e+03,9.516528660926705925e+03,5.069194964367585271e+03
4.835000000000000000e+03,1.685620563859145841e+04,1.766357595224443867e+04,2.268440252883750418e+03,9.515672401731784703e+03,5.072092983975924653e+03
4.836000000000000000e+03,1.685396979285281122e+04,1.765181562236295576e+04,2.264570664385992131e+03,9.515004236567063344e+03,5.074394891899755748e+03
4.837000000000000000e+03,1.685028871051991882e+04,1.763957122699764659e+04,2.260355154564590066e+03,9.513757623716694070e+03,5.076175932238634232e+03
4.838000000000000000e+03,1.684630417851751554e+04,1.762685183952017178e+04,2.256330534139084648e+03,9.512256523930465846e+03,5.077717120447964589e+03
4.839000000000000000e+03,1.684264983379421028e+04,1.761364256564992684e+04,2.252480611286802741e+03,9.511134358957508084e+03,5.079034863549901274e+03
4.840000000000000000e+03,1.683961651733492181e+04,1.760199449661233302e+04,2.248380951394806289e+03,9.510419917178025571e+03,5.080815648762092678e+03
4.841000000000000000e+03,1.683562906711949836e+04,1.758967120071477257e+04,2.244027705525300462e+03,9.509088902762996440e+03,5.082512458831204640e+03
4.842000000000000000e+03,1.683121477529787080e+04,1.757699254772314816e+04,2.239596242721670933e+03,9.507543858202328920e+03,5.084074674373872767e+03
4.843000000000000000e+03,1.682583975353705318e+04,1.756360344388150770e+04,2.234941165688397177e+03,9.505887175517415017e+03,5.085011412331239626e+03
4.844000000000000000e+03,1.682141061956305566e+04,1.755219197298822837e+04,2.230502398475585323e+03,9.505143184869088145e+03,5.085765036218383102e+03
4.845000000000000000e+03,1.681847625185475772e+04,1.754369973705348093e+04,2.226189239741460369e+03,9.505557202498199331e+03,5.086729809615093473e+03
4.846000000000000000e+03,1.681626220814500266e+04,1.753571630910020758e+04,2.222003240849865506e+03,9.506414120011288105e+03,5.087844847283851777e+03
4.847000000000000000e+03,1.681366986886735322e+04,1.752779860836999796e+04,2.217690403908890403e+03,9.506887633847396501e+03,5.089091831111063584e+03
4.848000000000000000e+03,1.681013682578518637e+04,1.751883439372669454e+04,2.213195507682382868e+03,9.506461102082324942e+03,5.090480216020477201e+03
4.849000000000000000e+03,1.680754801605834291e+04,1.751110820735383095e+04,2.208902744854105094e+03,9.505870151182600239e+03,5.092775120021638031e+03
4.850000000000000000e+03,1.680517000212596759e+04,1.750411984567594482e+04,2.204950465139181233e+03,9.504609673882785501e+03,5.095609863104000397e+03
4.851000000000000000e+03,1.680206518004893587e+04,1.749665721770321761e+04,2.201089413729286662e+03,9.502067820096293872e+03,5.098907946223356703e+03
4.852000000000000000e+03,1.679982893898896145e+04,1.749239243235678441e+04,2.197483857487755813e+03,9.499828426310750729e+03,5.102516655190453093e+03
4.853000000000000000e+03,1.679817644377427496e+04,1.749034678735946727e+04,2.194427282756828845e+03,9.498146958499224638e+03,5.105602202518222839e+03
4.854000000000000000e+03,1.679613939752327133e+04,1.748918639398333107e+04,2.191246113390469873e+03,9.497252980022174597e+03,5.107640304110633224e+03
4.855000000000000000e+03,1.679325052037301793e+04,1.748805509665721911e+04,2.188368979997302631e+03,9.496083016817754469e+03,5.108798523557959925e+03
4.856000000000000000e+03,1.679106285299333831e+04,1.748776503280233374e+04,2.185559760974255369e+03,9.495506885469298140e+03,5.109996206549784802e+03
4.857000000000000000e+03,1.678782691142365366e+04,1.748762072931879084e+04,2.182521072238741908e+03,9.495172526391381325e+03,5.110133312793532241e+03
4.858000000000000000e+03,1.678492245793479378e+04,1.748807921978416925e+04,2.179373855457352875e+03,9.494651395003807920e+03,5.110897207473632079e+03
4.859000000000000000e+03,1.678293468407162436e+04,1.748941864416784301e+04,2.176616158644329516e+03,9.494491887309619415e+03,5.111826638117678158e+03
4.860000000000000000e+03,1.678086889416775375e+04,1.749025162324420671e+04,2.173738730725243840e+03,9.494627886867327106e+03,5.112502276575183714e+03
4.861000000000000000e+03,1.677772968984789986e+04,1.749114711828033614e+04,2.170988324857553835e+03,9.494607104450809857e+03,5.112134260539534807e+03
4.862000000000000000e+03,1.677609130190523865e+04,1.749379743163472085e+04,2.169001228190440997e+03,9.495265643959022782e+03,5.111824429755775782e+03
4.863000000000000000e+03,1.677449218820994793e+04,1.749739860231513376e+04,2.167150733739963925e+03,9.496377761084739177e+03,5.110963693385239822e+03
4.864000000000000000e+03,1.677210765615660785e+04,1.749998530688780011e+04,2.165187065761043414e+03,9.496744246481723167e+03,5.110176343913843084e+03
4.865000000000000000e+03,1.676953567306770128e+04,1.750190333886335429e+04,2.162796150029635101e+03,9.497336965528509609e+03,5.109402557509557482e+03
4.866000000000000000e+03,1.676875510042446695e+04,1.750620927944581490e+04,2.159809723847122314e+03,9.499297115703095187e+03,5.109648260874253538e+03
4.867000000000000000e+03,1.676751334247435079e+04,1.751019975192031052e+04,2.157115639626998927e+03,9.500849358929390291e+03,5.109548343917964303e+03
4.868000000000000000e+03,1.676648423141414241e+04,1.751457140647084816e+04,2.154789703986606582e+03,9.501557202809726732e+03,5.110137324617807280e+03
4.869000000000000000e+03,1.676557673984790745e+04,1.751770571526618005e+04,2.153075788308647134e+03,9.501209353732436284e+03,5.111291597806821301e+03
4.870000000000000000e+03,1.676609761951352630e+04,1.752322039464613044e+04,2.151663887324008101e+03,9.501464363823304666e+03,5.112969368366211711e+03
4.871000000000000000e+03,1.676535075208480339e+04,1.752781838793595671e+04,2.149732103686332266e+03,9.500940587363282248e+03,5.114678061035191604e+03
4.872000000000000000e+03,1.676408717952862935e+04,1.753210596607765183e+04,2.148162733192400538e+03,9.500240878822700324e+03,5.115683567513528942e+03
4.873000000000000000e+03,1.676398055725891754e+04,1.753725661959910940e+04,2.147002134001672857e+03,9.500816903560864375e+03,5.116161519696381220e+03
4.874000000000000000e+03,1.676383092224177381e+04,1.754216823845419640e+04,2.145534373575603240e+03,9.502334949938267528e+03,5.115961598727904857e+03
4.875000000000000000e+03,1.676142933624938451e+04,1.754345768200220482e+04,2.143773311840368024e+03,9.502160089414468530e+03,5.115495934994548406e+03
4.876000000000000000e+03,1.675907276109229497e+04,1.754439116707514768e+04,2.142276954105778259e+03,9.501635598363545796e+03,5.115160208622974096e+03
4.877000000000000000e+03,1.675735126750006020e+04,1.754639706784438749e+04,2.140359556025036909e+03,9.501796654322377435e+03,5.115195057152644949e+03
4.878000000000000000e+03,1.675555203858822642e+04,1.754702691059416247e+04,2.138706417303851140e+03,9.502382535999935499e+03,5.114463085284442059e+03
4.879000000000000000e+03,1.675118467568774213e+04,1.754606964477509246e+04,2.136594523864738221e+03,9.501493842433314057e+03,5.113096309389689850e+03
4.880000000000000000e+03,1.674528042799079049e+04,1.754306038941225052e+04,2.134651600155730193e+03,9.499152225709882259e+03,5.111476602125184399e+03
4.881000000000000000e+03,1.674080097702307103e+04,1.754088929515989003e+04,2.132633620071799214e+03,9.497434175907836106e+03,5.110733181043435252e+03
4.882000000000000000e+03,1.673819806643444826e+04,1.754109128199532279e+04,2.130638410771824965e+03,9.497320809818582347e+03,5.110238845844033676e+03
4.883000000000000000e+03,1.673802216136444986e+04,1.754596700237935875e+04,2.128163210316580262e+03,9.498914766130297721e+03,5.110944184917573693e+03
4.884000000000000000e+03,1.673894183061543663e+04,1.755252412531742084e+04,2.125884552159421673e+03,9.501508808050723019e+03,5.111548470405293301e+03
4.885000000000000000e+03,1.674058538206568119e+04,1.756028862603488597e+04,2.124009553628497542e+03,9.504690730087049815e+03,5.111885098350130647e+03
4.886000000000000000e+03,1.674002214647836081e+04,1.756479482009985804e+04,2.121461378638341102e+03,9.506451691646965628e+03,5.112109076193053625e+03
4.887000000000000000e+03,1.673777639235421520e+04,1.756692959264575620e+04,2.118041555869477634e+03,9.506223116517468952e+03,5.113511719967265890e+03
4.888000000000000000e+03,1.673661494831819800e+04,1.757009464040345119e+04,2.114679333192683316e+03,9.506869362741252189e+03,5.115066252384263862e+03
4.889000000000000000e+03,1.673550190120231855e+04,1.757242129268428107e+04,2.111748939552099273e+03,9.508480885589004174e+03,5.115272076061215557e+03
4.890000000000000000e+03,1.673465299821566805e+04,1.757546471899748212e+04,2.108949402279016340e+03,9.511291833750510705e+03,5.114411762186136002e+03
4.891000000000000000e+03,1.673365181530881091e+04,1.757678863766140057e+04,2.106409780262142704e+03,9.513582443616909586e+03,5.113659591429755892e+03
4.892000000000000000e+03,1.673323785795251752e+04,1.757712540344312947e+04,2.104759944273892870e+03,9.513749653701412171e+03,5.114728259977207927e+03
4.893000000000000000e+03,1.673179040675684519e+04,1.757513829483701193e+04,2.103398437870816906e+03,9.512653788618452381e+03,5.115738180267575444e+03
4.894000000000000000e+03,1.672899973238847451e+04,1.757330687870979091e+04,2.101397983446472608e+03,9.510903526131642138e+03,5.116698222810357947e+03
4.895000000000000000e+03,1.672494696935152024e+04,1.757253841555606414e+04,2.098650018457407896e+03,9.509389546579102898e+03,5.116907404315013991e+03
4.896000000000000000e+03,1.671877420543361586e+04,1.757051667593896491e+04,2.094971061064224159e+03,9.506823753634569584e+03,5.116979390734820299e+03
4.897000000000000000e+03,1.671140389878713904e+04,1.756622806671726721e+04,2.091169431297913434e+03,9.503147936838717214e+03,5.117086530650504756e+03
4.898000000000000000e+03,1.670410981707988321e+04,1.755977546233087560e+04,2.088000146833545841e+03,9.498556249164113979e+03,5.117553421082222485e+03
4.899000000000000000e+03,1.670046131214295747e+04,1.755591733776477849e+04,2.086049607931885021e+03,9.495529091555399646e+03,5.118882612655677804e+03
4.900000000000000000e+03,1.669858509779238375e+04,1.755342625108799621e+04,2.084292053769198446e+03,9.493958291474355065e+03,5.120334752548825236e+03
4.901000000000000000e+03,1.669701190287786085e+04,1.755109622308328471e+04,2.082157688277624402e+03,9.493320412628199847e+03,5.121533801972033871e+03
4.902000000000000000e+03,1.669548442808456821e+04,1.754943213760363506e+04,2.080590782162658797e+03,9.492813096858571953e+03,5.122080549063341095e+03
4.903000000000000000e+03,1.669433790142589351e+04,1.754696429089855883e+04,2.079574243805491733e+03,9.491275609552014430e+03,5.123488048068387798e+03
4.904000000000000000e+03,1.669531950754257923e+04,1.754814203658762563e+04,2.079108662835975338e+03,9.490619884525580346e+03,5.125590960181025366e+03
4.905000000000000000e+03,1.669681652516423492e+04,1.755166501212140793e+04,2.078775209123396962e+03,9.489710504129197943e+03,5.128330811911639103e+03
4.906000000000000000e+03,1.669568388154655258e+04,1.755189672180729394e+04,2.077850732442048866e+03,9.487214928908850197e+03,5.130618220195652611e+03
4.907000000000000000e+03,1.669292970003206210e+04,1.754896298850747917e+04,2.077006276041145156e+03,9.483577273271666854e+03,5.132346150719251455e+03
4.908000000000000000e+03,1.669040675721732987e+04,1.754945462284455425e+04,2.076637132253408254e+03,9.479813311338317362e+03,5.133956313625609255e+03
4.909000000000000000e+03,1.668986643494724558e+04,1.755364949459886338e+04,2.077082268410590132e+03,9.477044036186842277e+03,5.135740130349809988e+03
4.910000000000000000e+03,1.669183305722680961e+04,1.756096241834561079e+04,2.077284587991144235e+03,9.475888496473136911e+03,5.138659972762528923e+03
4.911000000000000000e+03,1.669447459323135263e+04,1.756763339857956089e+04,2.077129721728952973e+03,9.476154025956040641e+03,5.141190845546358105e+03
4.912000000000000000e+03,1.669807691996090216e+04,1.757608255608259060e+04,2.077714923329881913e+03,9.477065915469584070e+03,5.143296081161433904e+03
4.913000000000000000e+03,1.670291876645749289e+04,1.758689160855042792e+04,2.078476756007197764e+03,9.478525854561103188e+03,5.145916155889191032e+03
4.914000000000000000e+03,1.670954594098469533e+04,1.759798310170829791e+04,2.079167800567395716e+03,9.480880204259090533e+03,5.149497936158211814e+03
4.915000000000000000e+03,1.671446321342966257e+04,1.760843687667792619e+04,2.079780800856303358e+03,9.482070563627308729e+03,5.152611848946045029e+03
4.916000000000000000e+03,1.671902025198281626e+04,1.761800396919811465e+04,2.079930515543254387e+03,9.483370898987148394e+03,5.155718837452415755e+03
4.917000000000000000e+03,1.672295068793527389e+04,1.762549305356841069e+04,2.080287567656819647e+03,9.483418108308002047e+03,5.159245011970449013e+03
4.918000000000000000e+03,1.672691772613008288e+04,1.763386906698068924e+04,2.080977508004777974e+03,9.482330379043010907e+03,5.163609839082293547e+03
4.919000000000000000e+03,1.672750523170431916e+04,1.764133752018607629e+04,2.080982024592524795e+03,9.478172143357845925e+03,5.168351063753949347e+03
4.920000000000000000e+03,1.672945833564403074e+04,1.765159644521293740e+04,2.081672464442118780e+03,9.475009135374588368e+03,5.172776735827324956e+03
4.921000000000000000e+03,1.673208833163601957e+04,1.766391383580390175e+04,2.082297887723199437e+03,9.473985661082600927e+03,5.175804782830224212e+03
4.922000000000000000e+03,1.673485301885296576e+04,1.767783795160042064e+04,2.083159782602381711e+03,9.473400867050828310e+03,5.178292369199754830e+03
4.923000000000000000e+03,1.673761987258970839e+04,1.769183671786035484e+04,2.083921146755087648e+03,9.472926214466435340e+03,5.180772511368186315e+03
4.924000000000000000e+03,1.673921687594813193e+04,1.770031387725951572e+04,2.084508695089328285e+03,9.471467337515037798e+03,5.183240843343768574e+03
4.925000000000000000e+03,1.674055997830487468e+04,1.770603063966245099e+04,2.084824724999239152e+03,9.469891495127756571e+03,5.185843758177881682e+03
4.926000000000000000e+03,1.674158206606348904e+04,1.771043739283967079e+04,2.085116479599772447e+03,9.467833872592051193e+03,5.188631713871664033e+03
4.927000000000000000e+03,1.674426270962483977e+04,1.771627064854840137e+04,2.085890700499116974e+03,9.466134385683111759e+03,5.192237623442611948e+03
4.928000000000000000e+03,1.674905153661284567e+04,1.772629726157144250e+04,2.087167500844356255e+03,9.465065584821544689e+03,5.196818450946943813e+03
4.929000000000000000e+03,1.675383199170935768e+04,1.773583823866255261e+04,2.089230800445926889e+03,9.463674480193443742e+03,5.200926711069985686e+03
4.930000000000000000e+03,1.675830636803110610e+04,1.774225910483640109e+04,2.091753071914100474e+03,9.461542682837676693e+03,5.205010613279329846e+03
4.931000000000000000e+03,1.676269822361750630e+04,1.774638020947701079e+04,2.094106600194228122e+03,9.459683405799101820e+03,5.208908217624176359e+03
4.932000000000000000e+03,1.676806856006105590e+04,1.775447311830441686e+04,2.094918397719902714e+03,9.460609394639095626e+03,5.212540767702058474e+03
4.933000000000000000e+03,1.677496078101643434e+04,1.776694106309960989e+04,2.095359075389334066e+03,9.463688853512552669e+03,5.215912852114552152e+03
4.934000000000000000e+03,1.678429008498526673e+04,1.778038241058972562e+04,2.097421898531465558e+03,9.466341177611788225e+03,5.220527008842017494e+03
4.935000000000000000e+03,1.679582533689591583e+04,1.779831913414303199e+04,2.100164158696018603e+03,9.468877888297378377e+03,5.226783289902517936e+03
4.936000000000000000e+03,1.680699488871866561e+04,1.781503193887882298e+04,2.104566397694845818e+03,9.469002295319012774e+03,5.233426195704806560e+03
4.937000000000000000e+03,1.682015601914086074e+04,1.783465775551229308e+04,2.108852345054735906e+03,9.470948083465233140e+03,5.240355590620891235e+03
4.938000000000000000e+03,1.683221222696240147e+04,1.785346791721949558e+04,2.111933293342226079e+03,9.473702087576013582e+03,5.246576846044155900e+03
4.939000000000000000e+03,1.684377990812663120e+04,1.787021832508939406e+04,2.114577357481567105e+03,9.475780278755499239e+03,5.253422271889562580e+03
4.940000000000000000e+03,1.685380214602937485e+04,1.788558251541187201e+04,2.117605468313555320e+03,9.476716405211725942e+03,5.259480272504091772e+03
4.941000000000000000e+03,1.686443324521507384e+04,1.790172526144430230e+04,2.121068477880486171e+03,9.477814025667245005e+03,5.265550741667347211e+03
4.942000000000000000e+03,1.687319135505114900e+04,1.791588621705326659e+04,2.124011465904534816e+03,9.478146262840369673e+03,5.271033626306247243e+03
4.943000000000000000e+03,1.688066734141478446e+04,1.792736790400863174e+04,2.127104174046271510e+03,9.478472396278211818e+03,5.275090771090300223e+03
4.944000000000000000e+03,1.688638536165586265e+04,1.793781474264181816e+04,2.129042774014515089e+03,9.478558881220378680e+03,5.278783706420972521e+03
4.945000000000000000e+03,1.689483548986462483e+04,1.794864706486926661e+04,2.130067442676468090e+03,9.480403215342372278e+03,5.284364831845783556e+03
4.946000000000000000e+03,1.690451453490726999e+04,1.795929389213809191e+04,2.131025956527007111e+03,9.482769331596902703e+03,5.290719246783365634e+03
4.947000000000000000e+03,1.691684242361839279e+04,1.797349315259966897e+04,2.131761499204939355e+03,9.486665144814682208e+03,5.298415779598772133e+03
4.948000000000000000e+03,1.693045290310518976e+04,1.799041778616994270e+04,2.132609388529323951e+03,9.493159712812052021e+03,5.304683801763820156e+03
4.949000000000000000e+03,1.694088336096299463e+04,1.800319398926265058e+04,2.132661123126584243e+03,9.499054405892695286e+03,5.309167831943716010e+03
4.950000000000000000e+03,1.694849183133515908e+04,1.801319017417567738e+04,2.131685315271791296e+03,9.504875480680891997e+03,5.311931035382475784e+03
4.951000000000000000e+03,1.695323801042176638e+04,1.801640524845932669e+04,2.131105623838607244e+03,9.507964941386380815e+03,5.314167445196777408e+03
4.952000000000000000e+03,1.696282895601171549e+04,1.802332928276764505e+04,2.131071326323509311e+03,9.511758320629665832e+03,5.319999309058543076e+03
4.953000000000000000e+03,1.697199347374708668e+04,1.802829033547453218e+04,2.130089419928319330e+03,9.514061720197651084e+03,5.327842333621119906e+03
4.954000000000000000e+03,1.697868926526340147e+04,1.803083880397570465e+04,2.128441235478222552e+03,9.513889719599568707e+03,5.336358310185607479e+03
4.955000000000000000e+03,1.698393603198845449e+04,1.803566565244798767e+04,2.126861432569922272e+03,9.513643397705909592e+03,5.343431201712624897e+03
4.956000000000000000e+03,1.698889826262275892e+04,1.804167166996719243e+04,2.125841119713722037e+03,9.512200716691821071e+03,5.350856426217218541e+03
4.957000000000000000e+03,1.699001977605829597e+04,1.804666081560060411e+04,2.125692179304240199e+03,9.509309703040080421e+03,5.355017893713974445e+03
4.958000000000000000e+03,1.699337635091774791e+04,1.805378467361535513e+04,2.126949642895005582e+03,9.505769480570712403e+03,5.360657227452033112e+03
4.959000000000000000e+03,1.699347876431718760e+04,1.805867282182478448e+04,2.127678639497601580e+03,9.502090246350935558e+03,5.363709878468653187e+03
4.960000000000000000e+03,1.699142522528798872e+04,1.805803042613049183e+04,2.127700364240722138e+03,9.497671269595461126e+03,5.366053591451801367e+03
4.961000000000000000e+03,1.699334299222415939e+04,1.805934423514412629e+04,2.128855983451784596e+03,9.497056895283900303e+03,5.367430113488472671e+03
4.962000000000000000e+03,1.699438876508874091e+04,1.806043667938526778e+04,2.128751051768129400e+03,9.498448024394670938e+03,5.367189688925942392e+03
4.963000000000000000e+03,1.699626837270747637e+04,1.806097315456897559e+04,2.129521280472106810e+03,9.498752111631722073e+03,5.367994980603649310e+03
4.964000000000000000e+03,1.699894790300375462e+04,1.806377808519122846e+04,2.130382707314110576e+03,9.497826484584535137e+03,5.370738711105108450e+03
4.965000000000000000e+03,1.699894089281140623e+04,1.806356019523363648e+04,2.130449132155262760e+03,9.495131769872637960e+03,5.373359990783503235e+03
4.966000000000000000e+03,1.699982517176977854e+04,1.806263651952249711e+04,2.130941144699450888e+03,9.493320157896661840e+03,5.375563869173667626e+03
4.967000000000000000e+03,1.700173181423018832e+04,1.805796128887667874e+04,2.131510340388937948e+03,9.490876444477889891e+03,5.379345029363361391e+03
4.968000000000000000e+03,1.701044960852218355e+04,1.805730991294429623e+04,2.132927450790120020e+03,9.490523316071496083e+03,5.386998841660570179e+03
4.969000000000000000e+03,1.702471484714863254e+04,1.805830495198109929e+04,2.134533901637854342e+03,9.492842848883108672e+03,5.397338096627669984e+03
4.970000000000000000e+03,1.703673118762718150e+04,1.805589805389244793e+04,2.134672996072616115e+03,9.496587323653253407e+03,5.405470867901311976e+03
4.971000000000000000e+03,1.704310875598810526e+04,1.804722539695595697e+04,2.136530381327117084e+03,9.495944925168070768e+03,5.410633449492914224e+03
4.972000000000000000e+03,1.705251298381790912e+04,1.803720612436490046e+04,2.139866290819182268e+03,9.496045179388407632e+03,5.416601513610321490e+03
4.973000000000000000e+03,1.705980472946653026e+04,1.802500041471707300e+04,2.144183733374000894e+03,9.494043520701237867e+03,5.421577475391293774e+03
4.974000000000000000e+03,1.706642420743760158e+04,1.801387395985387411e+04,2.150193786437364906e+03,9.488813246353776776e+03,5.427417174646454441e+03
4.975000000000000000e+03,1.707036106769942126e+04,1.799892888479093381e+04,2.158379338304182056e+03,9.480635426506200020e+03,5.431346302889038270e+03
4.976000000000000000e+03,1.707783104815668048e+04,1.798689109938314505e+04,2.164032300777034834e+03,9.475013510056416635e+03,5.438785237323231740e+03
4.977000000000000000e+03,1.708873346563513405e+04,1.798140427811161135e+04,2.169909245214289513e+03,9.472935339143023157e+03,5.445888881277819564e+03
4.978000000000000000e+03,1.709915845179251846e+04,1.798352375641048638e+04,2.174067378678232672e+03,9.472022260020257818e+03,5.453068813094026154e+03
4.979000000000000000e+03,1.710667962772261671e+04,1.798665569630442405e+04,2.176988524858606979e+03,9.470103754085841501e+03,5.459587348778160958e+03
4.980000000000000000e+03,1.710947241222248340e+04,1.798397410866638893e+04,2.180060630308141754e+03,9.467099557962454128e+03,5.462312223951889791e+03
4.981000000000000000e+03,1.710639849178008080e+04,1.797793085482694732e+04,2.182673358986182393e+03,9.463467514649451914e+03,5.460257618144451953e+03
4.982000000000000000e+03,1.709385848952449305e+04,1.797222897001539968e+04,2.180378711960152032e+03,9.458123168943404380e+03,5.455356608620940278e+03
4.983000000000000000e+03,1.707463954698959060e+04,1.796800015163312491e+04,2.173956367925386530e+03,9.447856326943936438e+03,5.452826852120269905e+03
4.984000000000000000e+03,1.705571376109479024e+04,1.797124324759010415e+04,2.167762104511406960e+03,9.432113928714858048e+03,5.455837727868528418e+03
4.985000000000000000e+03,1.702851453537720226e+04,1.796743697366350170e+04,2.164158868023930609e+03,9.407977857758010941e+03,5.456377809595264807e+03
4.986000000000000000e+03,1.701421563110002899e+04,1.796512099103309811e+04,2.164358476325495303e+03,9.392082349019312460e+03,5.457774805755222587e+03
4.987000000000000000e+03,1.699197202143656614e+04,1.794451030955460010e+04,2.163653188798665269e+03,9.370574127123585640e+03,5.457744705514313864e+03
4.988000000000000000e+03,1.697207895731127064e+04,1.791666787948408091e+04,2.164377484310291948e+03,9.342773654796543269e+03,5.464927818204438154e+03
4.989000000000000000e+03,1.695108283934793872e+04,1.788281682083567648e+04,2.168461464508912286e+03,9.307601502290388453e+03,5.475019872548636158e+03
4.990000000000000000e+03,1.694186272420857131e+04,1.784978438637186628e+04,2.171649512866805253e+03,9.282156558371800202e+03,5.488056652969968127e+03
4.991000000000000000e+03,1.693295966392941045e+04,1.780574476936187784e+04,2.176161814909908117e+03,9.265137925750857903e+03,5.491659923268646708e+03
4.992000000000000000e+03,1.692492036261220710e+04,1.774969138138266862e+04,2.183136137715751829e+03,9.252329298899017886e+03,5.489454925997435566e+03
4.993000000000000000e+03,1.691613424219984881e+04,1.771401494305862798e+04,2.193730980453593475e+03,9.240665340037179703e+03,5.481737921709072907e+03
4.994000000000000000e+03,1.691190990085229714e+04,1.769099728851897817e+04,2.206718186172011883e+03,9.235552716343381690e+03,5.469638998336904478e+03
4.995000000000000000e+03,1.692046054830298817e+04,1.769859277566778474e+04,2.218829339276987412e+03,9.233913631987623376e+03,5.467717577038377385e+03
4.996000000000000000e+03,1.694792816041288825e+04,1.771677789030977146e+04,2.237956667938625287e+03,9.239197393764548906e+03,5.470774098709713144e+03
4.997000000000000000e+03,1.697192220484175050e+04,1.774280608725183993e+04,2.247524441552647659e+03,9.255956122020408657e+03,5.468441641268696003e+03
4.998000000000000000e+03,1.696505582398043043e+04,1.773916557136646225e+04,2.250301247686276383e+03,9.258069905986758386e+03,5.456684670307398846e+03
4.999000000000000000e+03,1.689965555144679456e+04,1.762883518057997935e+04,2.248806516972194913e+03,9.210976088751680436e+03,5.439872945722916484e+03
5.000000000000000000e+03,1.680812283660887624e+04,1.755770763580854327e+04,2.225477104602884538e+03,9.198829143555136397e+03,5.383816588450855306e+03
